iteration,tau,acceptance_ratio,mean_residual,mean_label_distance,residual_error,acceptance_error,control_error,tp,fp,fn,tn,precision,recall,f1,sample_id,scenario,lambda_filter
0,0.5,0.16505576208178438,0.07033423359842532,0.09780030826593014,0.03033423359842532,0.03494423791821563,0.06527847151664096,76,146,149,974,0.34234234234234234,0.3377777777777778,0.3400447427293065,box_sphere_added_outliers_hard_mixed,added_outliers,0.25
1,0.5107990870594357,0.1524163568773234,0.07025020026044014,0.09676829464367294,0.03025020026044014,0.0475836431226766,0.07783384338311675,74,131,151,989,0.36097560975609755,0.3288888888888889,0.34418604651162793,box_sphere_added_outliers_hard_mixed,added_outliers,0.25
2,0.5199762317993212,0.14052044609665426,0.07116331723112435,0.09671888515914136,0.031163317231124345,0.05947955390334575,0.09064287113447009,68,121,157,999,0.35978835978835977,0.3022222222222222,0.3285024154589372,box_sphere_added_outliers_hard_mixed,added_outliers,0.25
3,0.5281229461769651,0.13382899628252787,0.07171658658820054,0.09635167491519102,0.03171658658820054,0.06617100371747214,0.09788759030567268,66,114,159,1006,0.36666666666666664,0.29333333333333333,0.32592592592592595,box_sphere_added_outliers_hard_mixed,added_outliers,0.25
4,0.5357098640063813,0.12565055762081784,0.07112418914082198,0.09580287188537892,0.031124189140821983,0.07434944237918217,0.10547363152000416,61,108,164,1012,0.3609467455621302,0.27111111111111114,0.3096446700507614,box_sphere_added_outliers_hard_mixed,added_outliers,0.25
5,0.5419782782793945,0.1204460966542751,0.07039856732206343,0.09523620898617494,0.030398567322063426,0.07955390334572492,0.10995247066778835,59,103,166,1017,0.36419753086419754,0.26222222222222225,0.3049095607235143,box_sphere_added_outliers_hard_mixed,added_outliers,0.25
6,0.5472333240222106,0.11970260223048328,0.07057846711647353,0.09521668551476142,0.03057846711647353,0.08029739776951673,0.11087586488599027,59,102,166,1018,0.36645962732919257,0.26222222222222225,0.305699481865285,box_sphere_added_outliers_hard_mixed,added_outliers,0.25
7,0.5524853828592577,0.11301115241635688,0.07071579480922002,0.09409292511863339,0.030715794809220022,0.08698884758364313,0.11770464239286316,58,94,167,1026,0.3815789473684211,0.2577777777777778,0.30769230769230765,box_sphere_added_outliers_hard_mixed,added_outliers,0.25
8,0.5569696743159124,0.1100371747211896,0.0714860795178204,0.09376617935623922,0.031486079517820405,0.08996282527881042,0.12144890479663081,57,91,168,1029,0.38513513513513514,0.25333333333333335,0.3056300268096515,box_sphere_added_outliers_hard_mixed,added_outliers,0.25
9,0.5614673609149713,0.10483271375464684,0.07255527018586297,0.09398048335653292,0.03255527018586297,0.09516728624535317,0.12772255643121613,54,87,171,1033,0.3829787234042553,0.24,0.29508196721311475,box_sphere_added_outliers_hard_mixed,added_outliers,0.25
10,0.5658490852272337,0.10260223048327137,0.07286317964666883,0.09405863372744183,0.03286317964666883,0.09739776951672864,0.13026094916339748,53,85,172,1035,0.38405797101449274,0.23555555555555555,0.2920110192837465,box_sphere_added_outliers_hard_mixed,added_outliers,0.25
11,0.570105953860977,0.09962825278810408,0.07314467237455675,0.09409424484117868,0.033144672374556754,0.10037174721189593,0.1335164195864527,51,83,174,1037,0.3805970149253731,0.22666666666666666,0.2841225626740947,box_sphere_added_outliers_hard_mixed,added_outliers,0.25
12,0.5741318216467683,0.09442379182156134,0.0732438116741346,0.09370259763252559,0.0332438116741346,0.10557620817843867,0.13882001985257328,49,78,176,1042,0.3858267716535433,0.21777777777777776,0.27840909090909094,box_sphere_added_outliers_hard_mixed,added_outliers,0.25
13,0.5775567014615308,0.09368029739776952,0.073034480637248,0.09367845213057419,0.033034480637248,0.10631970260223049,0.13935418323947849,49,77,176,1043,0.3888888888888889,0.21777777777777776,0.2792022792022792,box_sphere_added_outliers_hard_mixed,added_outliers,0.25
14,0.580783978954876,0.09293680297397769,0.07338585934023557,0.09378883655978018,0.03338585934023557,0.10706319702602232,0.1404490563662579,48,77,177,1043,0.384,0.21333333333333335,0.2742857142857143,box_sphere_added_outliers_hard_mixed,added_outliers,0.25
15,0.584094008996741,0.09144981412639405,0.07349630204284664,0.09345449372097067,0.03349630204284664,0.10855018587360596,0.1420464879164526,48,75,177,1045,0.3902439024390244,0.21333333333333335,0.27586206896551724,box_sphere_added_outliers_hard_mixed,added_outliers,0.25
16,0.5872733867839636,0.08996282527881042,0.0739118605494303,0.09354894352265414,0.0339118605494303,0.1100371747211896,0.1439490352706199,47,74,178,1046,0.3884297520661157,0.2088888888888889,0.27167630057803466,box_sphere_added_outliers_hard_mixed,added_outliers,0.25
17,0.5904746702185301,0.08773234200743495,0.07396518563655995,0.09410815721371776,0.033965185636559946,0.11226765799256506,0.146232843629125,46,72,179,1048,0.3898305084745763,0.20444444444444446,0.26822157434402333,box_sphere_added_outliers_hard_mixed,added_outliers,0.25
18,0.5934238057877395,0.08698884758364313,0.07405926772895169,0.09389716163709591,0.03405926772895169,0.11301115241635688,0.14707042014530858,46,71,179,1049,0.39316239316239315,0.20444444444444446,0.26900584795321636,box_sphere_added_outliers_hard_mixed,added_outliers,0.25
19,0.5963270456001707,0.08178438661710037,0.07467202798787986,0.09328224519901555,0.03467202798787986,0.11821561338289964,0.1528876413707795,45,65,180,1055,0.4090909090909091,0.2,0.2686567164179105,box_sphere_added_outliers_hard_mixed,added_outliers,0.25
0,0.5,0.24307692307692308,0.05193778443095296,0.07140812589525608,0.01193778443095296,0.0,0.01193778443095296,203,113,351,633,0.6424050632911392,0.3664259927797834,0.4666666666666667,box_sphere_added_outliers_medium_2,added_outliers,0.25
1,0.5059688922154765,0.23153846153846153,0.05161449507725514,0.0711419696464892,0.011614495077255142,0.0,0.011614495077255142,194,107,360,639,0.6445182724252492,0.35018050541516244,0.45380116959064326,box_sphere_added_outliers_medium_2,added_outliers,0.25
2,0.5117761397541041,0.22538461538461538,0.051288770649461246,0.07099436568489255,0.011288770649461245,0.0,0.011288770649461245,190,103,364,643,0.6484641638225256,0.34296028880866425,0.448642266824085,box_sphere_added_outliers_medium_2,added_outliers,0.25
3,0.5174205250788347,0.2153846153846154,0.051304596473671985,0.07037765037548174,0.011304596473671984,0.0,0.011304596473671984,185,95,369,651,0.6607142857142857,0.33393501805054154,0.44364508393285373,box_sphere_added_outliers_medium_2,added_outliers,0.25
0,0.5,0.17022900763358778,0.08370166715699716,0.10040799125719792,0.04370166715699716,0.02977099236641223,0.0734726595234094,64,159,82,1005,0.28699551569506726,0.4383561643835616,0.34688346883468835,box_sphere_added_outliers_medium_3,added_outliers,0.25
1,0.5181294595326971,0.1450381679389313,0.08495702104274952,0.09854984413151323,0.04495702104274952,0.05496183206106872,0.09991885310381823,58,132,88,1032,0.30526315789473685,0.3972602739726027,0.34523809523809523,box_sphere_added_outliers_medium_3,added_outliers,0.25
2,0.5337377410464382,0.13053435114503817,0.08757298066583309,0.09747912604483623,0.04757298066583309,0.06946564885496184,0.11703862952079494,54,117,92,1047,0.3157894736842105,0.3698630136986301,0.34069400630914826,box_sphere_added_outliers_medium_3,added_outliers,0.25
3,0.5488410252724846,0.11908396946564885,0.08811676825878881,0.09665427476777165,0.04811676825878881,0.08091603053435116,0.12903279879313997,52,104,94,1060,0.3333333333333333,0.3561643835616438,0.3443708609271523,box_sphere_added_outliers_medium_3,added_outliers,0.25
4,0.5627849055850851,0.10687022900763359,0.08864323974722697,0.09570945387657435,0.04864323974722697,0.09312977099236643,0.1417730107395934,49,91,97,1073,0.35,0.3356164383561644,0.34265734265734266,box_sphere_added_outliers_medium_3,added_outliers,0.25
5,0.5754653040846528,0.09923664122137404,0.08846261661537885,0.09572914185779972,0.04846261661537885,0.10076335877862597,0.1492259753940048,44,86,102,1078,0.3384615384615385,0.3013698630136986,0.31884057971014496,box_sphere_added_outliers_medium_3,added_outliers,0.25
6,0.587101192545014,0.09236641221374046,0.08822650617328952,0.09557337939695977,0.04822650617328952,0.10763358778625955,0.15586009395954906,41,80,105,1084,0.33884297520661155,0.2808219178082192,0.3071161048689139,box_sphere_added_outliers_medium_3,added_outliers,0.25
7,0.5977602471583764,0.08854961832061069,0.08851496005813392,0.09546537227604038,0.04851496005813392,0.11145038167938932,0.15996534173752325,41,75,105,1089,0.35344827586206895,0.2808219178082192,0.31297709923664124,box_sphere_added_outliers_medium_3,added_outliers,0.25
8,0.6080864294775197,0.08396946564885496,0.0891513058508903,0.09565999495005732,0.0491513058508903,0.11603053435114505,0.16518184020203536,37,73,109,1091,0.33636363636363636,0.2534246575342466,0.2890625,box_sphere_added_outliers_medium_3,added_outliers,0.25
9,0.6181582656090717,0.07862595419847328,0.08817522950005258,0.09560296838421427,0.048175229500052576,0.12137404580152673,0.16954927530157932,35,68,111,1096,0.33980582524271846,0.23972602739726026,0.2811244979919678,box_sphere_added_outliers_medium_3,added_outliers,0.25
10,0.6270741246339072,0.0717557251908397,0.09088626854617081,0.09462450534942098,0.05088626854617081,0.1282442748091603,0.17913054335533113,32,62,114,1102,0.3404255319148936,0.2191780821917808,0.2666666666666666,box_sphere_added_outliers_medium_3,added_outliers,0.25
11,0.6364867245558475,0.06564885496183206,0.0906442512553527,0.09558430989539997,0.050644251255352705,0.13435114503816795,0.18499539629352066,28,58,118,1106,0.32558139534883723,0.1917808219178082,0.24137931034482757,box_sphere_added_outliers_medium_3,added_outliers,0.25
12,0.6450149570537529,0.061068702290076333,0.09304622799993287,0.09343014132560593,0.05304622799993287,0.13893129770992368,0.19197752570985654,27,53,119,1111,0.3375,0.18493150684931506,0.23893805309734514,box_sphere_added_outliers_medium_3,added_outliers,0.25
13,0.6541716588399789,0.0549618320610687,0.0935841481233222,0.0925500410220353,0.053584148123322205,0.14503816793893132,0.19862231606225353,24,48,122,1116,0.3333333333333333,0.1643835616438356,0.22018348623853212,box_sphere_added_outliers_medium_3,added_outliers,0.25
14,0.6628339619092736,0.05267175572519084,0.09289958874300025,0.09195355350146078,0.05289958874300025,0.14732824427480917,0.20022783301780941,23,46,123,1118,0.3333333333333333,0.15753424657534246,0.21395348837209302,box_sphere_added_outliers_medium_3,added_outliers,0.25
15,0.6708677257464225,0.05114503816793893,0.09328290534435182,0.09280205378530958,0.05328290534435182,0.1488549618320611,0.2021378671764129,21,46,125,1118,0.31343283582089554,0.14383561643835616,0.19718309859154928,box_sphere_added_outliers_medium_3,added_outliers,0.25
16,0.6789023081895907,0.04580152671755725,0.09262553382950028,0.09421198164024422,0.05262553382950028,0.15419847328244277,0.20682400711194304,19,41,127,1123,0.31666666666666665,0.13013698630136986,0.18446601941747573,box_sphere_added_outliers_medium_3,added_outliers,0.25
17,0.6859402659440356,0.042748091603053436,0.09258309666803866,0.09398724906474745,0.052583096668038655,0.15725190839694658,0.20983500506498523,18,38,128,1126,0.32142857142857145,0.1232876712328767,0.1782178217821782,box_sphere_added_outliers_medium_3,added_outliers,0.25
18,0.6925753257284366,0.04122137404580153,0.09407418266093674,0.09301492797194995,0.05407418266093674,0.15877862595419848,0.21285280861513522,18,36,128,1128,0.3333333333333333,0.1232876712328767,0.18,box_sphere_added_outliers_medium_3,added_outliers,0.25
19,0.6997650888146302,0.03740458015267176,0.09609973936692667,0.09095998509806408,0.05609973936692667,0.16259541984732825,0.21869515921425492,17,32,129,1132,0.3469387755102041,0.11643835616438356,0.17435897435897438,box_sphere_added_outliers_medium_3,added_outliers,0.25
0,0.5,0.228,0.076683649566835,0.0628236260602325,0.036683649566835,0.0,0.036683649566835,234,108,412,746,0.6842105263157895,0.3622291021671827,0.4736842105263158,box_sphere_partial_overlap_hard_mixed,partial_overlap,0.25
1,0.5183418247834175,0.20133333333333334,0.07702108546260378,0.061573045866974443,0.03702108546260378,0.0,0.03702108546260378,210,92,436,762,0.695364238410596,0.32507739938080493,0.4430379746835443,box_sphere_partial_overlap_hard_mixed,partial_overlap,0.25
2,0.5368523675147194,0.17933333333333334,0.07688006409437609,0.06200920712741666,0.03688006409437609,0.020666666666666667,0.057546730761042754,188,81,458,773,0.6988847583643123,0.29102167182662536,0.41092896174863386,box_sphere_partial_overlap_hard_mixed,partial_overlap,0.25
3,0.5527090662285742,0.15933333333333333,0.07712275191487092,0.061500897108809835,0.03712275191487092,0.040666666666666684,0.0777894185815376,166,73,480,781,0.694560669456067,0.25696594427244585,0.3751412429378531,box_sphere_partial_overlap_hard_mixed,partial_overlap,0.25
4,0.5661871088526763,0.14466666666666667,0.07748994156292227,0.06202788709200335,0.03748994156292227,0.055333333333333345,0.09282327489625561,151,66,495,788,0.695852534562212,0.23374613003095976,0.3499420625724218,box_sphere_partial_overlap_hard_mixed,partial_overlap,0.25
5,0.5780154129674708,0.13466666666666666,0.07886423849214867,0.060310126708371437,0.03886423849214867,0.06533333333333335,0.10419757182548203,144,58,502,796,0.7128712871287128,0.22291021671826625,0.33962264150943394,box_sphere_partial_overlap_hard_mixed,partial_overlap,0.25
6,0.5892808655468785,0.12266666666666666,0.07984059494408124,0.059794520738349906,0.039840594944081244,0.07733333333333335,0.1171739282774146,132,52,514,802,0.717391304347826,0.2043343653250774,0.3180722891566265,box_sphere_partial_overlap_hard_mixed,partial_overlap,0.25
7,0.5995344963522525,0.11933333333333333,0.07886749167089176,0.05930896254826022,0.038867491670891756,0.08066666666666668,0.11953415833755843,129,50,517,804,0.7206703910614525,0.1996904024767802,0.31272727272727274,box_sphere_partial_overlap_hard_mixed,partial_overlap,0.25
8,0.6088849088543651,0.11333333333333333,0.07987964961357864,0.05876870923448437,0.03987964961357864,0.08666666666666668,0.12654631628024532,123,47,523,807,0.7235294117647059,0.19040247678018576,0.30147058823529416,box_sphere_partial_overlap_hard_mixed,partial_overlap,0.25
9,0.6179914003278211,0.10733333333333334,0.08140108618484258,0.05878301111047428,0.04140108618484258,0.09266666666666667,0.13406775285150926,115,46,531,808,0.7142857142857143,0.1780185758513932,0.2850061957868649,box_sphere_partial_overlap_hard_mixed,partial_overlap,0.25
10,0.627108610086909,0.10133333333333333,0.07945990833522218,0.05978191467152291,0.03945990833522218,0.09866666666666668,0.13812657500188885,107,45,539,809,0.7039473684210527,0.16563467492260062,0.2681704260651629,box_sphere_partial_overlap_hard_mixed,partial_overlap,0.25
11,0.6345052309211867,0.09466666666666666,0.08251476662529321,0.05858143116280438,0.04251476662529321,0.10533333333333335,0.14784809995862655,102,40,544,814,0.7183098591549296,0.15789473684210525,0.25888324873096447,box_sphere_partial_overlap_hard_mixed,partial_overlap,0.25
12,0.6425959475671666,0.08866666666666667,0.08428894183279645,0.056527506352434934,0.04428894183279645,0.11133333333333334,0.15562227516612978,97,36,549,818,0.7293233082706767,0.15015479876160992,0.24903722721437746,box_sphere_partial_overlap_hard_mixed,partial_overlap,0.25
13,0.6508237518168982,0.084,0.08296275789026585,0.057454944840468675,0.042962757890265844,0.116,0.15896275789026584,91,35,555,819,0.7222222222222222,0.14086687306501547,0.23575129533678757,box_sphere_partial_overlap_hard_mixed,partial_overlap,0.25
14,0.6578051307620312,0.07733333333333334,0.08549767282810782,0.05463383404637285,0.045497672828107814,0.12266666666666667,0.1681643394947745,86,30,560,824,0.7413793103448276,0.13312693498452013,0.2257217847769029,box_sphere_partial_overlap_hard_mixed,partial_overlap,0.25
15,0.6652206338427518,0.07533333333333334,0.08655838324983996,0.05568105794797163,0.046558383249839956,0.12466666666666668,0.17122504991650664,83,30,563,824,0.7345132743362832,0.12848297213622292,0.21870882740447958,box_sphere_partial_overlap_hard_mixed,partial_overlap,0.25
16,0.6729164921343385,0.07133333333333333,0.08755484085256335,0.05391254768107052,0.04755484085256335,0.12866666666666668,0.17622150751923002,80,27,566,827,0.7476635514018691,0.1238390092879257,0.21248339973439576,box_sphere_partial_overlap_hard_mixed,partial_overlap,0.25
17,0.6806105792272868,0.06733333333333333,0.0879237915452376,0.054417394969383165,0.047923791545237605,0.13266666666666668,0.18059045821190428,76,25,570,829,0.7524752475247525,0.11764705882352941,0.20348058902275767,box_sphere_partial_overlap_hard_mixed,partial_overlap,0.25
18,0.6879891416665723,0.06266666666666666,0.0876207960463909,0.05290124709028081,0.047620796046390905,0.13733333333333336,0.18495412937972427,71,23,575,831,0.7553191489361702,0.10990712074303406,0.1918918918918919,box_sphere_partial_overlap_hard_mixed,partial_overlap,0.25
19,0.6946328730231011,0.059333333333333335,0.08853053039948774,0.05305698602951852,0.048530530399487744,0.14066666666666666,0.1891971970661544,67,22,579,832,0.7528089887640449,0.10371517027863777,0.18231292517006803,box_sphere_partial_overlap_hard_mixed,partial_overlap,0.25
0,0.5,0.19333333333333333,0.0677871272905244,0.07015240110619847,0.027787127290524398,0.006666666666666682,0.03445379395719108,197,93,440,770,0.6793103448275862,0.3092621664050236,0.42502696871628914,box_sphere_partial_overlap_medium_2,partial_overlap,0.25
1,0.5130602303119288,0.17266666666666666,0.06868324787405236,0.06864417454718527,0.02868324787405236,0.02733333333333335,0.05601658120738571,185,74,452,789,0.7142857142857143,0.2904238618524333,0.4129464285714286,box_sphere_partial_overlap_medium_2,partial_overlap,0.25
2,0.5239851875822883,0.16066666666666668,0.06848002384552379,0.06774147817437225,0.02848002384552379,0.03933333333333333,0.06781335717885711,176,65,461,798,0.7302904564315352,0.27629513343799056,0.4009111617312073,box_sphere_partial_overlap_medium_2,partial_overlap,0.25
3,0.5333085328383835,0.148,0.0690906024087059,0.06683509443161108,0.029090602408705903,0.05200000000000002,0.08109060240870591,166,56,471,807,0.7477477477477478,0.260596546310832,0.3864959254947613,box_sphere_partial_overlap_medium_2,partial_overlap,0.25
4,0.5413538340427365,0.13666666666666666,0.07028179273604922,0.06719298691026242,0.030281792736049216,0.06333333333333335,0.09361512606938258,151,54,486,809,0.7365853658536585,0.2370486656200942,0.3586698337292161,box_sphere_partial_overlap_medium_2,partial_overlap,0.25
5,0.5485780637440945,0.13133333333333333,0.07035992532331577,0.06655112680307766,0.030359925323315766,0.06866666666666668,0.09902659198998245,147,50,490,813,0.7461928934010152,0.23076923076923078,0.3525179856115108,box_sphere_partial_overlap_medium_2,partial_overlap,0.25
6,0.555174693072419,0.12133333333333333,0.07088964519848195,0.06593251949116807,0.030889645198481953,0.07866666666666668,0.10955631186514864,136,46,501,817,0.7472527472527473,0.21350078492935637,0.3321123321123321,box_sphere_partial_overlap_medium_2,partial_overlap,0.25
7,0.5607861823383266,0.11733333333333333,0.07185118656525029,0.06548925358510155,0.03185118656525029,0.08266666666666668,0.11451785323191696,134,42,503,821,0.7613636363636364,0.21036106750392464,0.32964329643296436,box_sphere_partial_overlap_medium_2,partial_overlap,0.25
8,0.5663784422876184,0.112,0.07158803821302506,0.06513867920662515,0.03158803821302506,0.08800000000000001,0.11958803821302508,127,41,510,822,0.7559523809523809,0.19937205651491366,0.315527950310559,box_sphere_partial_overlap_medium_2,partial_overlap,0.25
9,0.5711724613941309,0.10866666666666666,0.07184571685020484,0.06460016116358598,0.03184571685020484,0.09133333333333335,0.1231790501835382,125,38,512,825,0.7668711656441718,0.19623233908948196,0.31249999999999994,box_sphere_partial_overlap_medium_2,partial_overlap,0.25
10,0.5756786531525666,0.10666666666666667,0.07153252158824545,0.06434902247044294,0.03153252158824545,0.09333333333333334,0.12486585492157878,123,37,514,826,0.76875,0.19309262166405022,0.3086574654956085,box_sphere_partial_overlap_medium_2,partial_overlap,0.25
11,0.5797782472800227,0.10333333333333333,0.0712889002961336,0.06459693217580337,0.031288900296133605,0.09666666666666668,0.12795556696280028,118,37,519,826,0.7612903225806451,0.18524332810047095,0.29797979797979796,box_sphere_partial_overlap_medium_2,partial_overlap,0.25
12,0.5833393640947562,0.09933333333333333,0.07102707570553189,0.06440253828871613,0.03102707570553189,0.10066666666666668,0.13169374237219858,113,36,524,827,0.7583892617449665,0.17739403453689168,0.28753180661577604,box_sphere_partial_overlap_medium_2,partial_overlap,0.25
13,0.5862695686141888,0.096,0.07069877461732374,0.0638713235986445,0.03069877461732374,0.10400000000000001,0.13469877461732374,109,35,528,828,0.7569444444444444,0.17111459968602827,0.2791293213828425,box_sphere_partial_overlap_medium_2,partial_overlap,0.25
14,0.5886189559228506,0.09266666666666666,0.07094614625109141,0.06297888068447448,0.030946146251091412,0.10733333333333335,0.13827947958442477,106,33,531,830,0.762589928057554,0.1664050235478807,0.2731958762886598,box_sphere_partial_overlap_medium_2,partial_overlap,0.25
15,0.5906753623817297,0.09066666666666667,0.07087269593572054,0.06303084680732332,0.03087269593572054,0.10933333333333334,0.14020602926905387,104,32,533,831,0.7647058823529411,0.16326530612244897,0.2690815006468305,box_sphere_partial_overlap_medium_2,partial_overlap,0.25
16,0.5924450436829233,0.09,0.07072602982787422,0.06259720030934866,0.030726029827874222,0.11000000000000001,0.14072602982787424,104,31,533,832,0.7703703703703704,0.16326530612244897,0.26943005181347146,box_sphere_partial_overlap_medium_2,partial_overlap,0.25
17,0.5940580585968603,0.08866666666666667,0.07065180346924048,0.06221304004758084,0.030651803469240478,0.11133333333333334,0.14198513680257382,103,30,534,833,0.7744360902255639,0.16169544740973313,0.26753246753246757,box_sphere_partial_overlap_medium_2,partial_overlap,0.25
18,0.5954672936648139,0.08666666666666667,0.0706209673116689,0.062148170538241176,0.030620967311668905,0.11333333333333334,0.14395430064500225,100,30,537,833,0.7692307692307693,0.15698587127158556,0.2607561929595828,box_sphere_partial_overlap_medium_2,partial_overlap,0.25
19,0.5966111106539816,0.08533333333333333,0.07063711618764364,0.06157345909082804,0.030637116187643636,0.11466666666666668,0.1453037828543103,99,29,538,834,0.7734375,0.1554160125588697,0.2588235294117647,box_sphere_partial_overlap_medium_2,partial_overlap,0.25
0,0.5,0.14066666666666666,0.09464872760622227,0.09067905844050782,0.05464872760622227,0.05933333333333335,0.11398206093955562,73,138,197,1092,0.3459715639810427,0.27037037037037037,0.30353430353430355,box_sphere_partial_overlap_medium_3,partial_overlap,0.25
1,0.5199076971364445,0.11333333333333333,0.09680233306825715,0.08803223717536247,0.05680233306825715,0.08666666666666668,0.14346899973492383,62,108,208,1122,0.36470588235294116,0.22962962962962963,0.2818181818181818,box_sphere_partial_overlap_medium_3,partial_overlap,0.25
2,0.5374755303372397,0.09,0.09809072891226825,0.08553125668363343,0.05809072891226825,0.11000000000000001,0.16809072891226826,50,85,220,1145,0.37037037037037035,0.18518518518518517,0.24691358024691354,box_sphere_partial_overlap_medium_3,partial_overlap,0.25
3,0.5527708947933738,0.07266666666666667,0.09840948751104402,0.0848152746895902,0.058409487511044016,0.12733333333333335,0.18574282084437738,39,70,231,1160,0.3577981651376147,0.14444444444444443,0.20580474934036938,box_sphere_partial_overlap_medium_3,partial_overlap,0.25
4,0.5660589718822292,0.06333333333333334,0.09834617951675209,0.08434202055718819,0.05834617951675209,0.13666666666666666,0.19501284618341874,34,61,236,1169,0.35789473684210527,0.1259259259259259,0.18630136986301368,box_sphere_partial_overlap_medium_3,partial_overlap,0.25
5,0.5781487283072719,0.05733333333333333,0.0989730170191201,0.08291536517024366,0.058973017019120104,0.14266666666666666,0.20163968368578677,31,55,239,1175,0.36046511627906974,0.11481481481481481,0.1741573033707865,box_sphere_partial_overlap_medium_3,partial_overlap,0.25
6,0.5898019034834987,0.054,0.09875399043287622,0.08200629059723624,0.05875399043287622,0.14600000000000002,0.20475399043287623,30,51,240,1179,0.37037037037037035,0.1111111111111111,0.17094017094017092,box_sphere_partial_overlap_medium_3,partial_overlap,0.25
7,0.6009288986999368,0.052,0.0985620023712226,0.08205249820130778,0.0585620023712226,0.14800000000000002,0.20656200237122263,29,49,241,1181,0.3717948717948718,0.10740740740740741,0.16666666666666669,box_sphere_partial_overlap_medium_3,partial_overlap,0.25
8,0.6117098998855481,0.046,0.09998709439862866,0.08105924569390327,0.059987094398628656,0.15400000000000003,0.21398709439862867,26,43,244,1187,0.37681159420289856,0.0962962962962963,0.1533923303834808,box_sphere_partial_overlap_medium_3,partial_overlap,0.25
9,0.6224534470848625,0.043333333333333335,0.1013519715202583,0.07961991734465546,0.06135197152025829,0.15666666666666668,0.21801863818692496,26,39,244,1191,0.4,0.0962962962962963,0.15522388059701492,box_sphere_partial_overlap_medium_3,partial_overlap,0.25
10,0.6335460995116583,0.04066666666666666,0.10158928081249853,0.07892102978240928,0.06158928081249853,0.15933333333333335,0.2209226141458319,25,36,245,1194,0.4098360655737705,0.09259259259259259,0.1510574018126888,box_sphere_partial_overlap_medium_3,partial_overlap,0.25
11,0.6444240732512408,0.038,0.10337329976887485,0.07813500549461032,0.06337329976887485,0.162,0.22537329976887485,24,33,246,1197,0.42105263157894735,0.08888888888888889,0.14678899082568808,box_sphere_partial_overlap_medium_3,partial_overlap,0.25
12,0.6558607231356782,0.034666666666666665,0.10344887928236791,0.07762838776297182,0.06344887928236792,0.16533333333333333,0.22878221261570125,22,30,248,1200,0.4230769230769231,0.08148148148148149,0.13664596273291924,box_sphere_partial_overlap_medium_3,partial_overlap,0.25
13,0.6669184961101955,0.032,0.10402039221293995,0.07453786103677217,0.06402039221293995,0.168,0.23202039221293996,22,26,248,1204,0.4583333333333333,0.08148148148148149,0.13836477987421386,box_sphere_partial_overlap_medium_3,partial_overlap,0.25
14,0.6779286922166655,0.029333333333333333,0.10566254851579676,0.07108844705379334,0.06566254851579675,0.1706666666666667,0.23632921518246344,22,22,248,1208,0.5,0.08148148148148149,0.14012738853503184,box_sphere_partial_overlap_medium_3,partial_overlap,0.25
15,0.6894266331412305,0.027333333333333334,0.10569627695247005,0.07090305478043207,0.06569627695247005,0.1726666666666667,0.23836294361913674,20,21,250,1209,0.4878048780487805,0.07407407407407407,0.12861736334405144,box_sphere_partial_overlap_medium_3,partial_overlap,0.25
16,0.7006914382841323,0.026,0.10689750682988094,0.07097836342808929,0.06689750682988094,0.17400000000000002,0.24089750682988095,18,21,252,1209,0.46153846153846156,0.06666666666666667,0.11650485436893204,box_sphere_partial_overlap_medium_3,partial_overlap,0.25
17,0.7123901916990727,0.024666666666666667,0.10691369866764554,0.07226094420003033,0.06691369866764554,0.17533333333333334,0.24224703200097888,16,21,254,1209,0.43243243243243246,0.05925925925925926,0.10423452768729642,box_sphere_partial_overlap_medium_3,partial_overlap,0.25
18,0.7239303743662288,0.023333333333333334,0.10787860872792011,0.07038285533694917,0.06787860872792012,0.17666666666666667,0.2445452753945868,16,19,254,1211,0.45714285714285713,0.05925925925925926,0.10491803278688525,box_sphere_partial_overlap_medium_3,partial_overlap,0.25
19,0.7357863453968555,0.02,0.10850702800067934,0.07408318937775066,0.06850702800067934,0.18000000000000002,0.24850702800067936,12,18,258,1212,0.4,0.044444444444444446,0.07999999999999999,box_sphere_partial_overlap_medium_3,partial_overlap,0.25
0,0.5,0.238,0.047220872270003614,0.058702080405221145,0.007220872270003613,0.0,0.007220872270003613,276,81,585,558,0.773109243697479,0.3205574912891986,0.45320197044334976,box_sphere_scene_change_hard_mixed,scene_change,0.25
1,0.5036104361350018,0.22933333333333333,0.04764625041708974,0.05840320473457936,0.007646250417089738,0.0,0.007646250417089738,268,76,593,563,0.7790697674418605,0.31126596980255516,0.44481327800829873,box_sphere_scene_change_hard_mixed,scene_change,0.25
2,0.5074335613435467,0.224,0.047690668870944475,0.05817099481756313,0.007690668870944474,0.0,0.007690668870944474,262,74,599,565,0.7797619047619048,0.3042973286875726,0.4377610693400167,box_sphere_scene_change_hard_mixed,scene_change,0.25
0,0.5,0.15466666666666667,0.07187675326250957,0.09719138733129885,0.03187675326250957,0.04533333333333334,0.07721008659584291,63,169,146,1122,0.27155172413793105,0.3014354066985646,0.28571428571428575,box_sphere_scene_change_medium_2,scene_change,0.25
1,0.5102717099645881,0.14066666666666666,0.07186920591007742,0.09682253899948016,0.03186920591007742,0.05933333333333335,0.09120253924341076,59,152,150,1139,0.2796208530805687,0.2822966507177033,0.28095238095238095,box_sphere_scene_change_medium_2,scene_change,0.25
2,0.5187896462529602,0.128,0.07137780306646618,0.09575531553290195,0.03137780306646618,0.07200000000000001,0.10337780306646618,57,135,152,1156,0.296875,0.2727272727272727,0.28428927680798005,box_sphere_scene_change_medium_2,scene_change,0.25
3,0.5254785477861933,0.126,0.07145618126313111,0.09536187598167699,0.03145618126313111,0.07400000000000001,0.10545618126313111,57,132,152,1159,0.30158730158730157,0.2727272727272727,0.28643216080402006,box_sphere_scene_change_medium_2,scene_change,0.25
4,0.5319566384177589,0.12,0.07204622353996706,0.09559796801870922,0.03204622353996706,0.08000000000000002,0.11204622353996707,55,125,154,1166,0.3055555555555556,0.2631578947368421,0.2827763496143959,box_sphere_scene_change_medium_2,scene_change,0.25
5,0.5379797501877424,0.11333333333333333,0.07125625005286378,0.09590095138982381,0.031256250052863775,0.08666666666666668,0.11792291671953045,53,117,156,1174,0.31176470588235294,0.2535885167464115,0.2796833773087071,box_sphere_scene_change_medium_2,scene_change,0.25
6,0.542774541880841,0.11133333333333334,0.07090500899704054,0.09503486764230577,0.030905008997040538,0.08866666666666667,0.11957167566370722,53,114,156,1177,0.31736526946107785,0.2535885167464115,0.28191489361702127,box_sphere_scene_change_medium_2,scene_change,0.25
7,0.5471437130460279,0.10733333333333334,0.070726577654655,0.09577051262999745,0.030726577654654995,0.09266666666666667,0.12339324432132168,50,111,159,1180,0.3105590062111801,0.23923444976076555,0.2702702702702703,box_sphere_scene_change_medium_2,scene_change,0.25
8,0.5509236685400221,0.102,0.07067817433278523,0.0954962305820772,0.030678174332785225,0.09800000000000002,0.12867817433278525,49,104,160,1187,0.3202614379084967,0.23444976076555024,0.27071823204419887,box_sphere_scene_change_medium_2,scene_change,0.25
9,0.5540127557064146,0.098,0.07099653429229,0.09497462716764463,0.030996534292289997,0.10200000000000001,0.13299653429229,48,99,161,1192,0.32653061224489793,0.22966507177033493,0.2696629213483146,box_sphere_scene_change_medium_2,scene_change,0.25
10,0.5567610228525596,0.09533333333333334,0.07080873665735456,0.09509697747397049,0.030808736657354556,0.10466666666666667,0.13547540332402122,47,96,162,1195,0.32867132867132864,0.22488038277511962,0.26704545454545453,box_sphere_scene_change_medium_2,scene_change,0.25
11,0.5590820578479035,0.09466666666666666,0.07084486620845207,0.09504725758090508,0.030844866208452067,0.10533333333333335,0.13617819954178542,47,95,162,1196,0.33098591549295775,0.22488038277511962,0.2678062678062679,box_sphere_scene_change_medium_2,scene_change,0.25
12,0.5613378242854629,0.094,0.07072462056120535,0.09463881004439065,0.030724620561205347,0.10600000000000001,0.13672462056120535,47,94,162,1197,0.3333333333333333,0.22488038277511962,0.26857142857142857,box_sphere_scene_change_medium_2,scene_change,0.25
13,0.5634501345660655,0.09333333333333334,0.07027840529355611,0.09454806040103751,0.03027840529355611,0.10666666666666667,0.1369450719602228,47,93,162,1198,0.3357142857142857,0.22488038277511962,0.26934097421203435,box_sphere_scene_change_medium_2,scene_change,0.25
14,0.5652560038795102,0.092,0.07059702139002175,0.09472289581480017,0.030597021390021746,0.10800000000000001,0.13859702139002175,46,92,163,1199,0.3333333333333333,0.22009569377990432,0.2651296829971182,box_sphere_scene_change_medium_2,scene_change,0.25
15,0.5670545145745212,0.08933333333333333,0.07084424601819778,0.09567264406376413,0.030844246018197775,0.11066666666666668,0.14151091268486446,43,91,166,1200,0.3208955223880597,0.20574162679425836,0.2507288629737609,box_sphere_scene_change_medium_2,scene_change,0.25
16,0.5686433042502868,0.088,0.0709073135307869,0.09547659779328883,0.0309073135307869,0.11200000000000002,0.14290731353078692,43,89,166,1202,0.32575757575757575,0.20574162679425836,0.25219941348973607,box_sphere_scene_change_medium_2,scene_change,0.25
17,0.5700969610156802,0.086,0.07080978522403206,0.0951966827158725,0.030809785224032056,0.11400000000000002,0.14480978522403207,42,87,167,1204,0.32558139534883723,0.20095693779904306,0.24852071005917156,box_sphere_scene_change_medium_2,scene_change,0.25
18,0.5712518536276963,0.084,0.07115770344792198,0.09636207796981462,0.03115770344792198,0.116,0.14715770344792198,39,87,170,1204,0.30952380952380953,0.18660287081339713,0.2328358208955224,box_sphere_scene_change_medium_2,scene_change,0.25
19,0.5723307053516572,0.08333333333333333,0.0714916559644748,0.09575132402561455,0.031491655964474806,0.11666666666666668,0.14815832263114148,39,86,170,1205,0.312,0.18660287081339713,0.23353293413173654,box_sphere_scene_change_medium_2,scene_change,0.25
0,0.5,0.23133333333333334,0.044786636822291184,0.06466642892107159,0.004786636822291183,0.0,0.004786636822291183,265,82,578,575,0.7636887608069164,0.3143534994068802,0.4453781512605042,box_sphere_scene_change_medium_3,scene_change,0.25
1,0.5023933184111455,0.228,0.044738605188136826,0.06460512702268376,0.0047386051881368255,0.0,0.0047386051881368255,262,80,581,577,0.7660818713450293,0.3107947805456702,0.44219409282700417,box_sphere_scene_change_medium_3,scene_change,0.25
0,0.5,0.18866666666666668,0.07978265456336711,0.09599952048061365,0.03978265456336711,0.011333333333333334,0.051115987896700445,89,194,141,1076,0.31448763250883394,0.3869565217391304,0.3469785575048733,box_sphere_static_noise_hard_mixed,static_noise,0.25
1,0.5184746606150169,0.15266666666666667,0.08074269665361605,0.09426101350807616,0.04074269665361605,0.04733333333333334,0.08807602998694938,78,151,152,1119,0.3406113537117904,0.3391304347826087,0.3398692810457517,box_sphere_static_noise_hard_mixed,static_noise,0.25
2,0.5329293422751583,0.13133333333333333,0.08172938397036407,0.09196353340684481,0.04172938397036407,0.06866666666666668,0.11039605063703076,73,124,157,1146,0.37055837563451777,0.3173913043478261,0.3419203747072599,box_sphere_static_noise_hard_mixed,static_noise,0.25
3,0.545210700927007,0.116,0.08262017279359295,0.09062980841053701,0.042620172793592946,0.084,0.12662017279359294,68,106,162,1164,0.39080459770114945,0.2956521739130435,0.33663366336633666,box_sphere_static_noise_hard_mixed,static_noise,0.25
4,0.5560207873238034,0.108,0.08315807653647524,0.09021237060577378,0.043158076536475236,0.09200000000000001,0.13515807653647524,64,98,166,1172,0.3950617283950617,0.2782608695652174,0.326530612244898,box_sphere_static_noise_hard_mixed,static_noise,0.25
5,0.5660998255920411,0.1,0.08472092116836281,0.08902128145383574,0.044720921168362814,0.1,0.14472092116836283,62,88,168,1182,0.41333333333333333,0.26956521739130435,0.3263157894736842,box_sphere_static_noise_hard_mixed,static_noise,0.25
6,0.5759602861762225,0.094,0.08630369922008356,0.08819152047553613,0.04630369922008356,0.10600000000000001,0.15230369922008358,59,82,171,1188,0.41843971631205673,0.2565217391304348,0.31805929919137466,box_sphere_static_noise_hard_mixed,static_noise,0.25
7,0.5858621357862643,0.08866666666666667,0.08686244687998211,0.08697906314275142,0.04686244687998211,0.11133333333333334,0.15819578021331546,58,75,172,1195,0.43609022556390975,0.25217391304347825,0.31955922865013775,box_sphere_static_noise_hard_mixed,static_noise,0.25
8,0.5953766925595887,0.08333333333333333,0.08781699170078279,0.08635449108063444,0.04781699170078279,0.11666666666666668,0.16448365836744946,54,71,176,1199,0.432,0.23478260869565218,0.30422535211267604,box_sphere_static_noise_hard_mixed,static_noise,0.25
9,0.6047018550766468,0.07133333333333333,0.0899839270052178,0.08241137186793486,0.0499839270052178,0.12866666666666668,0.1786505936718845,52,55,178,1215,0.48598130841121495,0.22608695652173913,0.3086053412462908,box_sphere_static_noise_hard_mixed,static_noise,0.25
10,0.6136104852459223,0.06666666666666667,0.09020419398015138,0.0831590202914181,0.05020419398015138,0.13333333333333336,0.18353752731348474,47,53,183,1217,0.47,0.20434782608695654,0.28484848484848485,box_sphere_static_noise_hard_mixed,static_noise,0.25
11,0.6220459155693313,0.06533333333333333,0.08970500370366744,0.08388050848669425,0.049705003703667434,0.13466666666666668,0.1843716703703341,45,53,185,1217,0.45918367346938777,0.1956521739130435,0.27439024390243905,box_sphere_static_noise_hard_mixed,static_noise,0.25
12,0.6300650840878317,0.058666666666666666,0.09065693876345814,0.08259291630330856,0.050656938763458136,0.14133333333333334,0.19199027209679148,42,46,188,1224,0.4772727272727273,0.1826086956521739,0.2641509433962264,box_sphere_static_noise_hard_mixed,static_noise,0.25
13,0.6377268868028941,0.056666666666666664,0.09159148860867691,0.08240892041134089,0.05159148860867691,0.14333333333333334,0.19492482194201025,40,45,190,1225,0.47058823529411764,0.17391304347826086,0.25396825396825395,box_sphere_static_noise_hard_mixed,static_noise,0.25
14,0.645605964440566,0.052,0.09242038597463688,0.08192452515724562,0.05242038597463688,0.14800000000000002,0.2004203859746369,38,40,192,1230,0.48717948717948717,0.16521739130434782,0.24675324675324675,box_sphere_static_noise_hard_mixed,static_noise,0.25
15,0.6533161574278844,0.048666666666666664,0.09322817376129525,0.08039480806781088,0.053228173761295246,0.15133333333333335,0.2045615070946286,36,37,194,1233,0.4931506849315068,0.1565217391304348,0.23762376237623764,box_sphere_static_noise_hard_mixed,static_noise,0.25
16,0.6610135776418653,0.04733333333333333,0.09372808102794519,0.07957854294906928,0.05372808102794519,0.15266666666666667,0.20639474769461186,35,36,195,1234,0.49295774647887325,0.15217391304347827,0.23255813953488375,box_sphere_static_noise_hard_mixed,static_noise,0.25
17,0.6687942848225046,0.04533333333333334,0.09423493164868002,0.07795125507948268,0.05423493164868002,0.15466666666666667,0.2089015983153467,35,33,195,1237,0.5147058823529411,0.15217391304347827,0.23489932885906042,box_sphere_static_noise_hard_mixed,static_noise,0.25
18,0.6765784173135112,0.03933333333333333,0.09463215997482258,0.07477301112355812,0.054632159974822576,0.16066666666666668,0.21529882664148925,34,25,196,1245,0.576271186440678,0.14782608695652175,0.23529411764705885,box_sphere_static_noise_hard_mixed,static_noise,0.25
19,0.6838111639675891,0.034666666666666665,0.09742493727897757,0.07466267322645398,0.057424937278977566,0.16533333333333333,0.2227582706123109,30,22,200,1248,0.5769230769230769,0.13043478260869565,0.21276595744680848,box_sphere_static_noise_hard_mixed,static_noise,0.25
0,0.5,0.2886666666666667,0.044509144899652464,0.0678436361374133,0.004509144899652463,0.0,0.004509144899652463,268,165,410,657,0.6189376443418014,0.3952802359882006,0.4824482448244824,box_sphere_static_noise_medium_2,static_noise,0.25
1,0.5022545724498262,0.2853333333333333,0.04449520361290773,0.06763539433787491,0.004495203612907728,0.0,0.004495203612907728,266,162,412,660,0.6214953271028038,0.39233038348082594,0.48101265822784806,box_sphere_static_noise_medium_2,static_noise,0.25
0,0.5,0.22666666666666666,0.06834567465345613,0.08530250822169709,0.02834567465345613,0.0,0.02834567465345613,141,199,264,896,0.4147058823529412,0.34814814814814815,0.3785234899328859,box_sphere_static_noise_medium_3,static_noise,0.25
1,0.514172837326728,0.20733333333333334,0.06823456618131403,0.08544165070295519,0.02823456618131403,0.0,0.02823456618131403,128,183,277,912,0.4115755627009646,0.3160493827160494,0.35754189944134074,box_sphere_static_noise_medium_3,static_noise,0.25
2,0.528290120417385,0.186,0.06798421502020945,0.08563906405287834,0.027984215020209445,0.014000000000000012,0.04198421502020946,113,166,292,929,0.4050179211469534,0.27901234567901234,0.3304093567251462,box_sphere_static_noise_medium_3,static_noise,0.25
3,0.5405322279274897,0.16933333333333334,0.06708262621575484,0.08540374446347973,0.027082626215754836,0.030666666666666675,0.05774929288242151,105,149,300,946,0.41338582677165353,0.25925925925925924,0.3186646433990895,box_sphere_static_noise_medium_3,static_noise,0.25
4,0.5502402077020337,0.15533333333333332,0.06685189153784084,0.08455757181904446,0.026851891537840837,0.04466666666666669,0.07151855820450753,100,133,305,962,0.4291845493562232,0.24691358024691357,0.31347962382445144,box_sphere_static_noise_medium_3,static_noise,0.25
5,0.5580828201376208,0.14466666666666667,0.06678549154291474,0.0840693342998113,0.026785491542914742,0.055333333333333345,0.08211882487624808,97,120,308,975,0.4470046082949309,0.23950617283950618,0.31189710610932475,box_sphere_static_noise_medium_3,static_noise,0.25
6,0.5645588992424115,0.13466666666666666,0.0661068987064649,0.0846147989371067,0.026106898706464897,0.06533333333333335,0.09144023203979826,86,116,319,979,0.42574257425742573,0.2123456790123457,0.2833607907742999,box_sphere_static_noise_medium_3,static_noise,0.25
7,0.5694456819289773,0.128,0.06588029077925935,0.08483073753733461,0.025880290779259345,0.07200000000000001,0.09788029077925936,80,112,325,983,0.4166666666666667,0.19753086419753085,0.26800670016750416,box_sphere_static_noise_medium_3,static_noise,0.25
8,0.573385827318607,0.11866666666666667,0.06626916432601263,0.08467949013106375,0.026269164326012624,0.08133333333333334,0.10760249765934596,74,104,331,991,0.4157303370786517,0.18271604938271604,0.2538593481989709,box_sphere_static_noise_medium_3,static_noise,0.25
9,0.5763537428149467,0.116,0.06647059477224006,0.0844406251997075,0.026470594772240057,0.084,0.11047059477224005,73,101,332,994,0.41954022988505746,0.18024691358024691,0.25215889464594127,box_sphere_static_noise_medium_3,static_noise,0.25
10,0.5790890402010667,0.11066666666666666,0.06629075411825933,0.0841184821671345,0.026290754118259325,0.08933333333333335,0.11562408745159267,70,96,335,999,0.42168674698795183,0.1728395061728395,0.24518388791593695,box_sphere_static_noise_medium_3,static_noise,0.25
11,0.5810677505935297,0.10933333333333334,0.066635783281349,0.08375831750270497,0.026635783281349003,0.09066666666666667,0.11730244994801567,70,94,335,1001,0.4268292682926829,0.1728395061728395,0.24604569420035144,box_sphere_static_noise_medium_3,static_noise,0.25
12,0.5830523089008708,0.10733333333333334,0.06727713429665257,0.08363946826553381,0.027277134296652565,0.09266666666666667,0.11994380096331925,69,92,336,1003,0.42857142857142855,0.17037037037037037,0.24381625441696111,box_sphere_static_noise_medium_3,static_noise,0.25
13,0.5851075427158637,0.104,0.06719829079953994,0.08344918857619267,0.02719829079953994,0.09600000000000002,0.12319829079953995,68,88,337,1007,0.4358974358974359,0.16790123456790124,0.24242424242424243,box_sphere_static_noise_medium_3,static_noise,0.25
14,0.5867066881156338,0.102,0.06689784098447334,0.0835689587089777,0.026897840984473335,0.09800000000000002,0.12489784098447335,66,87,339,1008,0.43137254901960786,0.16296296296296298,0.23655913978494625,box_sphere_static_noise_medium_3,static_noise,0.25
15,0.5879056086078704,0.1,0.06649243125189398,0.08383299710847926,0.02649243125189398,0.1,0.126492431251894,64,86,341,1009,0.4266666666666667,0.1580246913580247,0.23063063063063063,box_sphere_static_noise_medium_3,static_noise,0.25
16,0.5886518242338175,0.1,0.06649243125189398,0.08383299710847926,0.02649243125189398,0.1,0.126492431251894,64,86,341,1009,0.4266666666666667,0.1580246913580247,0.23063063063063063,box_sphere_static_noise_medium_3,static_noise,0.25
0,0.5,0.08066666666666666,0.06717585571655865,0.08458347820768271,0.02717585571655865,0.11933333333333335,0.146509189049892,50,71,314,1065,0.4132231404958678,0.13736263736263737,0.2061855670103093,box_sphere_strong_noise_hard_mixed,strong_noise,0.25
1,0.49867126119161265,0.08133333333333333,0.06768856018888483,0.08461997356760335,0.027688560188884832,0.11866666666666668,0.14635522685555152,50,72,314,1064,0.4098360655737705,0.13736263736263737,0.20576131687242802,box_sphere_strong_noise_hard_mixed,strong_noise,0.25
2,0.4976822079527217,0.08133333333333333,0.06768856018888483,0.08461997356760335,0.027688560188884832,0.11866666666666668,0.14635522685555152,50,72,314,1064,0.4098360655737705,0.13736263736263737,0.20576131687242802,box_sphere_strong_noise_hard_mixed,strong_noise,0.25
0,0.5,0.09666666666666666,0.04540710335179325,0.06785003685008062,0.005407103351793251,0.10333333333333335,0.10874043668512659,96,49,762,593,0.6620689655172414,0.11188811188811189,0.1914257228315055,box_sphere_strong_noise_medium_2,strong_noise,0.25
1,0.48978688500922996,0.10466666666666667,0.04578633032987561,0.06873844199249171,0.005786330329875612,0.09533333333333334,0.10111966366320896,103,54,755,588,0.6560509554140127,0.12004662004662005,0.20295566502463055,box_sphere_strong_noise_medium_2,strong_noise,0.25
2,0.4807633835075011,0.11466666666666667,0.04609376363492856,0.06770279121642651,0.006093763634928556,0.08533333333333334,0.0914270969682619,116,56,742,586,0.6744186046511628,0.1351981351981352,0.22524271844660196,box_sphere_strong_noise_medium_2,strong_noise,0.25
3,0.4731435986582987,0.12266666666666666,0.045153778279344865,0.06824999032604333,0.005153778279344864,0.07733333333333335,0.08248711161267822,123,61,735,581,0.6684782608695652,0.14335664335664336,0.236084452975048,box_sphere_strong_noise_medium_2,strong_noise,0.25
4,0.46605382113130445,0.13733333333333334,0.04325233806946625,0.06792719796724979,0.0032523380694662457,0.06266666666666668,0.06591900473613292,138,68,720,574,0.6699029126213593,0.16083916083916083,0.2593984962406015,box_sphere_strong_noise_medium_2,strong_noise,0.25
5,0.45984665683270426,0.15266666666666667,0.04185566883878029,0.0674559715037168,0.001855668838780286,0.04733333333333334,0.049189002172113624,156,73,702,569,0.6812227074235808,0.18181818181818182,0.28702851885924563,box_sphere_strong_noise_medium_2,strong_noise,0.25
6,0.45485782458542773,0.15933333333333333,0.04075112526900656,0.06790714951999438,0.0007511252690065584,0.040666666666666684,0.04141779193567324,164,75,694,567,0.6861924686192469,0.19114219114219114,0.29899726526891524,box_sphere_strong_noise_medium_2,strong_noise,0.25
7,0.4501500538865977,0.17333333333333334,0.04051094446238812,0.06820748766666293,0.0005109444623881201,0.026666666666666672,0.027177611129054792,177,83,681,559,0.6807692307692308,0.2062937062937063,0.31663685152057247,box_sphere_strong_noise_medium_2,strong_noise,0.25
8,0.4470721927844584,0.18066666666666667,0.04037456477291134,0.06868164429832448,0.00037456477291133994,0.01933333333333334,0.01970789810624468,184,87,674,555,0.6789667896678967,0.21445221445221446,0.3259521700620018,box_sphere_strong_noise_medium_2,strong_noise,0.25
9,0.4448428085042474,0.186,0.04051534884536118,0.06836047488047883,0.0005153488453611757,0.014000000000000012,0.014515348845361188,191,88,667,554,0.6845878136200717,0.22261072261072262,0.335971855760774,box_sphere_strong_noise_medium_2,strong_noise,0.25
10,0.44335048292692797,0.19333333333333333,0.040215174717012345,0.06840717219307968,0.00021517471701234386,0.006666666666666682,0.006881841383679026,196,94,662,548,0.6758620689655173,0.22843822843822845,0.34146341463414637,box_sphere_strong_noise_medium_2,strong_noise,0.25
11,0.4426247369521008,0.194,0.04015499884344839,0.06855347394529879,0.00015499884344839093,0.006000000000000005,0.006154998843448396,196,95,662,547,0.6735395189003437,0.22843822843822845,0.3411662315056571,box_sphere_strong_noise_medium_2,strong_noise,0.25
12,0.441952236373825,0.19666666666666666,0.040359018531939794,0.06856126936036196,0.00035901853193979344,0.003333333333333355,0.0036923518652731482,199,96,659,546,0.6745762711864407,0.23193473193473194,0.34518647007805725,box_sphere_strong_noise_medium_2,strong_noise,0.25
13,0.44171507897312823,0.19733333333333333,0.0404129872439093,0.0686302551418441,0.0004129872439092991,0.0026666666666666783,0.0030796539105759774,199,97,659,545,0.6722972972972973,0.23193473193473194,0.34488734835355284,box_sphere_strong_noise_medium_2,strong_noise,0.25
14,0.44158823926174956,0.19733333333333333,0.0404129872439093,0.0686302551418441,0.0004129872439092991,0.0026666666666666783,0.0030796539105759774,199,97,659,545,0.6722972972972973,0.23193473193473194,0.34488734835355284,box_sphere_strong_noise_medium_2,strong_noise,0.25
0,0.5,0.08666666666666667,0.044300037361539035,0.08214631358378788,0.004300037361539034,0.11333333333333334,0.11763337069487237,65,65,488,882,0.5,0.11754068716094032,0.19033674963396777,box_sphere_strong_noise_medium_3,strong_noise,0.25
1,0.48798335201410287,0.09533333333333334,0.042953593679953855,0.08367886098052409,0.0029535936799538545,0.10466666666666667,0.10762026034662053,67,76,486,871,0.46853146853146854,0.12115732368896925,0.19252873563218392,box_sphere_strong_noise_medium_3,strong_noise,0.25
2,0.47637681552074645,0.10933333333333334,0.04381756786067468,0.08460252160092381,0.0038175678606746782,0.09066666666666667,0.09448423452734135,74,90,479,857,0.45121951219512196,0.13381555153707053,0.20641562064156208,box_sphere_strong_noise_medium_3,strong_noise,0.25
3,0.4669522661177505,0.12733333333333333,0.04297665812499514,0.08483851391607009,0.0029766581249951393,0.07266666666666668,0.07564332479166183,84,107,469,840,0.4397905759162304,0.1518987341772152,0.22580645161290322,box_sphere_strong_noise_medium_3,strong_noise,0.25
4,0.4593572618469147,0.14266666666666666,0.04275366030743652,0.0845949226419411,0.0027536603074365187,0.05733333333333335,0.060086993640769866,98,116,455,831,0.45794392523364486,0.17721518987341772,0.25554106910039115,box_sphere_strong_noise_medium_3,strong_noise,0.25
5,0.4535674253339663,0.15866666666666668,0.042017676350389555,0.08599427885486667,0.0020176763503895537,0.04133333333333333,0.04335100968372289,103,135,450,812,0.4327731092436975,0.18625678119349007,0.2604298356510746,box_sphere_strong_noise_medium_3,strong_noise,0.25
6,0.44940959684249443,0.16666666666666666,0.04183672599754091,0.0857705527717766,0.0018367259975409084,0.033333333333333354,0.03517005933087426,109,141,444,806,0.436,0.19710669077757687,0.2714819427148194,box_sphere_strong_noise_medium_3,strong_noise,0.25
7,0.44616129317459824,0.17066666666666666,0.041746724084751705,0.08541363594896469,0.0017467240847517038,0.02933333333333335,0.031080057418085054,114,142,439,805,0.4453125,0.20614828209764918,0.2818294190358467,box_sphere_strong_noise_medium_3,strong_noise,0.25
8,0.4433679885503074,0.176,0.042404703712538114,0.08567081387783192,0.002404703712538113,0.02400000000000002,0.026404703712538134,117,147,436,800,0.4431818181818182,0.2115732368896926,0.2864137086903305,box_sphere_strong_noise_medium_3,strong_noise,0.25
9,0.44157034040657644,0.17866666666666667,0.04278620680816917,0.08568342096478634,0.00278620680816917,0.021333333333333343,0.024119540141502513,118,150,435,797,0.44029850746268656,0.21338155515370705,0.2874543239951279,box_sphere_strong_noise_medium_3,strong_noise,0.25
10,0.44029677714399434,0.182,0.043084956231934764,0.0859976080983544,0.003084956231934763,0.018000000000000016,0.02108495623193478,118,155,435,792,0.43223443223443225,0.21338155515370705,0.2857142857142857,box_sphere_strong_noise_medium_3,strong_noise,0.25
11,0.43958925525996173,0.18533333333333332,0.04299892323050307,0.08612591923112539,0.0029989232305030686,0.014666666666666689,0.017665589897169758,119,159,434,788,0.42805755395683454,0.21518987341772153,0.2864019253910951,box_sphere_strong_noise_medium_3,strong_noise,0.25
12,0.43925538354187993,0.18533333333333332,0.04299892323050307,0.08612591923112539,0.0029989232305030686,0.014666666666666689,0.017665589897169758,119,159,434,788,0.42805755395683454,0.21518987341772153,0.2864019253910951,box_sphere_strong_noise_medium_3,strong_noise,0.25
0,0.5,0.328472755180353,0.0591244393679299,0.06994095109487393,0.019124439367929902,0.0,0.019124439367929902,288,140,174,701,0.6728971962616822,0.6233766233766234,0.6471910112359551,boxes_cylinder_added_outliers_hard_mixed,added_outliers,0.25
1,0.509562219683965,0.31696085955487335,0.05945155501318896,0.06973550625061356,0.01945155501318896,0.0,0.01945155501318896,278,135,184,706,0.6731234866828087,0.6017316017316018,0.6354285714285715,boxes_cylinder_added_outliers_hard_mixed,added_outliers,0.25
2,0.5192879971905595,0.306216423637759,0.06011791333417109,0.06824368622191933,0.020117913334171088,0.0,0.020117913334171088,273,126,189,715,0.6842105263157895,0.5909090909090909,0.6341463414634148,boxes_cylinder_added_outliers_hard_mixed,added_outliers,0.25
3,0.5293469538576451,0.29393706830391403,0.061134539311747366,0.0676101861551578,0.021134539311747365,0.0,0.021134539311747365,266,117,196,724,0.6945169712793734,0.5757575757575758,0.6295857988165681,boxes_cylinder_added_outliers_hard_mixed,added_outliers,0.25
4,0.5399142235135188,0.28089025326170375,0.062031141199140424,0.06665490406626316,0.022031141199140424,0.0,0.022031141199140424,258,108,204,733,0.7049180327868853,0.5584415584415584,0.6231884057971014,boxes_cylinder_added_outliers_hard_mixed,added_outliers,0.25
5,0.5509297941130891,0.26784343821949347,0.0627376245148208,0.06452875734053194,0.022737624514820802,0.0,0.022737624514820802,254,95,208,746,0.7277936962750716,0.5497835497835498,0.626387176325524,boxes_cylinder_added_outliers_hard_mixed,added_outliers,0.25
6,0.5622986063704994,0.25863392171910976,0.06332792261643506,0.06353187346642164,0.023327922616435064,0.0,0.023327922616435064,250,87,212,754,0.7418397626112759,0.5411255411255411,0.625782227784731,boxes_cylinder_added_outliers_hard_mixed,added_outliers,0.25
7,0.573962567678717,0.25172678434382195,0.0637255249805514,0.06358465043077897,0.023725524980551395,0.0,0.023725524980551395,243,85,219,756,0.7408536585365854,0.525974025974026,0.6151898734177215,boxes_cylinder_added_outliers_hard_mixed,added_outliers,0.25
8,0.5858253301689927,0.2409823484267076,0.06356109177476456,0.06310391760143987,0.023561091774764557,0.0,0.023561091774764557,236,78,226,763,0.7515923566878981,0.5108225108225108,0.6082474226804124,boxes_cylinder_added_outliers_hard_mixed,added_outliers,0.25
9,0.597605876056375,0.22870299309286263,0.06391699487925226,0.061797482840235875,0.023916994879252258,0.0,0.023916994879252258,225,73,237,768,0.7550335570469798,0.487012987012987,0.5921052631578947,boxes_cylinder_added_outliers_hard_mixed,added_outliers,0.25
10,0.6095643734960012,0.21872601688411358,0.06408041693651359,0.061656220188920204,0.02408041693651359,0.0,0.02408041693651359,214,71,248,770,0.7508771929824561,0.46320346320346323,0.5729585006693441,boxes_cylinder_added_outliers_hard_mixed,added_outliers,0.25
11,0.621604581964258,0.21028396009209516,0.0646661019150832,0.06025302771878885,0.024666101915083193,0.0,0.024666101915083193,208,66,254,775,0.7591240875912408,0.45021645021645024,0.5652173913043478,boxes_cylinder_added_outliers_hard_mixed,added_outliers,0.25
12,0.6339376329217996,0.20184190330007676,0.06417160277432502,0.06035107044595834,0.024171602774325014,0.0,0.024171602774325014,199,64,263,777,0.7566539923954373,0.43073593073593075,0.5489655172413793,boxes_cylinder_added_outliers_hard_mixed,added_outliers,0.25
13,0.6460234343089621,0.18572524942440521,0.06628981912419485,0.05931039079557048,0.026289819124194848,0.014274750575594797,0.040564569699789645,187,55,275,786,0.7727272727272727,0.40476190476190477,0.5312499999999999,boxes_cylinder_added_outliers_hard_mixed,added_outliers,0.25
14,0.6573840000491102,0.1780506523407521,0.06699130450708317,0.05897823755648068,0.026991304507083168,0.021949347659247914,0.04894065216633108,180,52,282,789,0.7758620689655172,0.38961038961038963,0.5187319884726225,boxes_cylinder_added_outliers_hard_mixed,added_outliers,0.25
15,0.6681359838452459,0.16807367613200308,0.06873839739579903,0.057877617529900054,0.028738397395799024,0.03192632386799693,0.060664721263795955,173,46,289,795,0.7899543378995434,0.37445887445887444,0.5080763582966226,boxes_cylinder_added_outliers_hard_mixed,added_outliers,0.25
16,0.6785143920596458,0.15656178050652342,0.06996758754170664,0.056444007284650495,0.029967587541706635,0.04343821949347659,0.07340580703518323,164,40,298,801,0.803921568627451,0.354978354978355,0.49249249249249255,boxes_cylinder_added_outliers_hard_mixed,added_outliers,0.25
17,0.6880684083938146,0.14581734458940906,0.07118712034137659,0.05597348177686601,0.031187120341376585,0.054182655410590946,0.08536977575196752,154,36,308,805,0.8105263157894737,0.3333333333333333,0.47239263803680975,boxes_cylinder_added_outliers_hard_mixed,added_outliers,0.25
18,0.696889136638179,0.13123561013046814,0.07425042391896527,0.05386582924703491,0.034250423918965274,0.06876438986953187,0.10301481378849714,143,28,319,813,0.8362573099415205,0.30952380952380953,0.45181674565560825,boxes_cylinder_added_outliers_hard_mixed,added_outliers,0.25
19,0.7054187998639702,0.12125863392171911,0.07420101781949569,0.053195977924308,0.03420101781949569,0.0787413660782809,0.11294238389777658,132,26,330,815,0.8354430379746836,0.2857142857142857,0.42580645161290326,boxes_cylinder_added_outliers_hard_mixed,added_outliers,0.25
0,0.5,0.4792156862745098,0.03088904821779578,0.0455143080455005,0.0,0.0,0.0,529,82,391,273,0.8657937806873978,0.575,0.6910516002612672,boxes_cylinder_added_outliers_medium_2,added_outliers,0.25
1,0.5,0.4792156862745098,0.03088904821779578,0.0455143080455005,0.0,0.0,0.0,529,82,391,273,0.8657937806873978,0.575,0.6910516002612672,boxes_cylinder_added_outliers_medium_2,added_outliers,0.25
0,0.5,0.3682170542635659,0.04181594612168766,0.06498619342955253,0.0018159461216876588,0.0,0.0018159461216876588,313,162,270,545,0.6589473684210526,0.5368782161234992,0.5916824196597353,boxes_cylinder_added_outliers_medium_3,added_outliers,0.25
1,0.5009079730608438,0.36589147286821705,0.04167866541906385,0.06497399049819073,0.001678665419063849,0.0,0.001678665419063849,312,160,271,547,0.6610169491525424,0.5351629502572899,0.5914691943127962,boxes_cylinder_added_outliers_medium_3,added_outliers,0.25
2,0.5017473057703757,0.3643410852713178,0.04163189415223581,0.06483814518207263,0.001631894152235809,0.0,0.001631894152235809,311,159,272,548,0.6617021276595745,0.5334476843910806,0.5906932573599241,boxes_cylinder_added_outliers_medium_3,added_outliers,0.25
0,0.5,0.188,0.08494030284745956,0.11620534302385671,0.044940302847459555,0.01200000000000001,0.056940302847459566,66,216,85,1133,0.23404255319148937,0.4370860927152318,0.30484988452655887,boxes_cylinder_partial_overlap_hard_mixed,partial_overlap,0.25
1,0.5209701514237298,0.166,0.0846953603696202,0.1156684690455007,0.044695360369620206,0.034,0.07869536036962022,61,188,90,1161,0.24497991967871485,0.40397350993377484,0.305,boxes_cylinder_partial_overlap_hard_mixed,partial_overlap,0.25
2,0.5390678316085399,0.14533333333333334,0.08531766854389976,0.11508695695749034,0.04531766854389976,0.05466666666666667,0.09998433521056643,55,163,96,1186,0.25229357798165136,0.36423841059602646,0.29810298102981025,boxes_cylinder_partial_overlap_hard_mixed,partial_overlap,0.25
3,0.5548933325471564,0.128,0.0849558345182917,0.11544068506275747,0.044955834518291694,0.07200000000000001,0.1169558345182917,49,143,102,1206,0.2552083333333333,0.32450331125827814,0.2857142857142857,boxes_cylinder_partial_overlap_hard_mixed,partial_overlap,0.25
4,0.5683712498063023,0.11533333333333333,0.0849317680288798,0.11541943305001048,0.044931768028879805,0.08466666666666668,0.1295984346955465,45,128,106,1221,0.26011560693641617,0.2980132450331126,0.2777777777777778,boxes_cylinder_partial_overlap_hard_mixed,partial_overlap,0.25
5,0.5802538004874088,0.10066666666666667,0.08734440461878004,0.11318979550976543,0.04734440461878004,0.09933333333333334,0.1466777379521134,40,111,111,1238,0.26490066225165565,0.26490066225165565,0.26490066225165565,boxes_cylinder_partial_overlap_hard_mixed,partial_overlap,0.25
6,0.5915093361301321,0.08666666666666667,0.08716242814847143,0.11255116023060982,0.04716242814847143,0.11333333333333334,0.16049576148180478,34,96,117,1253,0.26153846153846155,0.2251655629139073,0.2419928825622776,boxes_cylinder_partial_overlap_hard_mixed,partial_overlap,0.25
7,0.6009238835377012,0.08,0.08709648542044258,0.11214524881359371,0.047096485420442584,0.12000000000000001,0.1670964854204426,32,88,119,1261,0.26666666666666666,0.2119205298013245,0.23616236162361623,boxes_cylinder_partial_overlap_hard_mixed,partial_overlap,0.25
8,0.6094721262479225,0.07333333333333333,0.08775721967691896,0.11131611914097013,0.04775721967691896,0.12666666666666668,0.17442388634358563,28,82,123,1267,0.2545454545454545,0.18543046357615894,0.21455938697318006,boxes_cylinder_partial_overlap_hard_mixed,partial_overlap,0.25
9,0.6175174027530486,0.06933333333333333,0.08861260876757539,0.11079068812809248,0.04861260876757539,0.13066666666666668,0.17927927543424207,27,77,124,1272,0.25961538461538464,0.17880794701986755,0.21176470588235294,boxes_cylinder_partial_overlap_hard_mixed,partial_overlap,0.25
10,0.6254903738035029,0.06466666666666666,0.09034310510559063,0.11006300960015111,0.050343105105590626,0.13533333333333336,0.18567643843892398,26,71,125,1278,0.26804123711340205,0.17218543046357615,0.2096774193548387,boxes_cylinder_partial_overlap_hard_mixed,partial_overlap,0.25
11,0.6337452596896316,0.058666666666666666,0.09206480614767064,0.1085546122166603,0.05206480614767064,0.14133333333333334,0.19339813948100398,24,64,127,1285,0.2727272727272727,0.15894039735099338,0.200836820083682,boxes_cylinder_partial_overlap_hard_mixed,partial_overlap,0.25
12,0.6421109960968002,0.054,0.09329032564235297,0.10673423907057389,0.05329032564235297,0.14600000000000002,0.199290325642353,24,57,127,1292,0.2962962962962963,0.15894039735099338,0.20689655172413793,boxes_cylinder_partial_overlap_hard_mixed,partial_overlap,0.25
13,0.6505061589179767,0.050666666666666665,0.09499658897546318,0.10566777155963092,0.054996588975463175,0.14933333333333335,0.2043299223087965,24,52,127,1297,0.3157894736842105,0.15894039735099338,0.21145374449339205,boxes_cylinder_partial_overlap_hard_mixed,partial_overlap,0.25
14,0.6593377867390416,0.048666666666666664,0.09442028243953028,0.10436157056705567,0.05442028243953028,0.15133333333333335,0.20575361577286364,24,49,127,1300,0.3287671232876712,0.15894039735099338,0.21428571428571427,boxes_cylinder_partial_overlap_hard_mixed,partial_overlap,0.25
15,0.6676312612921401,0.046,0.09657816889689115,0.10198492930599622,0.05657816889689115,0.15400000000000003,0.21057816889689118,24,45,127,1304,0.34782608695652173,0.15894039735099338,0.21818181818181817,boxes_cylinder_partial_overlap_hard_mixed,partial_overlap,0.25
16,0.6766703457405857,0.04133333333333333,0.09543418611247291,0.0996593532063914,0.05543418611247291,0.15866666666666668,0.2141008527791396,24,38,127,1311,0.3870967741935484,0.15894039735099338,0.22535211267605632,boxes_cylinder_partial_overlap_hard_mixed,partial_overlap,0.25
17,0.6845541054634888,0.03666666666666667,0.09869602326815886,0.09692567733424333,0.05869602326815886,0.16333333333333333,0.2220293566014922,22,33,129,1316,0.4,0.1456953642384106,0.21359223300970875,boxes_cylinder_partial_overlap_hard_mixed,partial_overlap,0.25
18,0.6934854504309016,0.029333333333333333,0.09914123881369143,0.0959082342022246,0.059141238813691425,0.1706666666666667,0.22980790548035812,18,26,133,1323,0.4090909090909091,0.11920529801324503,0.18461538461538463,boxes_cylinder_partial_overlap_hard_mixed,partial_overlap,0.25
19,0.701722736504414,0.026,0.100196222781924,0.09439623376931223,0.060196222781924,0.17400000000000002,0.234196222781924,17,22,134,1327,0.4358974358974359,0.11258278145695365,0.17894736842105263,boxes_cylinder_partial_overlap_hard_mixed,partial_overlap,0.25
0,0.5,0.316,0.06579120782106966,0.07679638509133503,0.02579120782106966,0.0,0.02579120782106966,245,229,164,862,0.5168776371308017,0.5990220048899756,0.5549263873159684,boxes_cylinder_partial_overlap_medium_2,partial_overlap,0.25
1,0.5128956039105348,0.304,0.06620754350223206,0.07611055332131662,0.026207543502232054,0.0,0.026207543502232054,239,217,170,874,0.5241228070175439,0.5843520782396088,0.5526011560693641,boxes_cylinder_partial_overlap_medium_2,partial_overlap,0.25
2,0.5259993756616508,0.2866666666666667,0.06713160379532342,0.07551225314009696,0.027131603795323415,0.0,0.027131603795323415,229,201,180,890,0.5325581395348837,0.5599022004889975,0.5458879618593563,boxes_cylinder_partial_overlap_medium_2,partial_overlap,0.25
3,0.5395651775593124,0.262,0.06761446013255039,0.07364929281820626,0.027614460132550388,0.0,0.027614460132550388,219,174,190,917,0.5572519083969466,0.5354523227383863,0.5461346633416458,boxes_cylinder_partial_overlap_medium_2,partial_overlap,0.25
4,0.5533724076255876,0.24266666666666667,0.06790195480408887,0.07264111587235726,0.027901954804088865,0.0,0.027901954804088865,206,158,203,933,0.5659340659340659,0.5036674816625917,0.5329883570504528,boxes_cylinder_partial_overlap_medium_2,partial_overlap,0.25
5,0.567323385027632,0.224,0.0683275265074558,0.0712408994519296,0.0283275265074558,0.0,0.0283275265074558,195,141,214,950,0.5803571428571429,0.4767726161369193,0.5234899328859061,boxes_cylinder_partial_overlap_medium_2,partial_overlap,0.25
6,0.58148714828136,0.214,0.06835786784125296,0.07129842836801444,0.028357867841252958,0.0,0.028357867841252958,184,137,225,954,0.573208722741433,0.44987775061124696,0.5041095890410959,boxes_cylinder_partial_overlap_medium_2,partial_overlap,0.25
0,0.5,0.44666666666666666,0.03606104671052348,0.05336290580842016,0.0,0.0,0.0,574,96,418,412,0.8567164179104477,0.5786290322580645,0.690734055354994,boxes_cylinder_partial_overlap_medium_3,partial_overlap,0.25
1,0.5,0.44666666666666666,0.03606104671052348,0.05336290580842016,0.0,0.0,0.0,574,96,418,412,0.8567164179104477,0.5786290322580645,0.690734055354994,boxes_cylinder_partial_overlap_medium_3,partial_overlap,0.25
0,0.5,0.2929014472777395,0.04539212029986732,0.06619519576255674,0.005392120299867319,0.0,0.005392120299867319,303,122,323,703,0.7129411764705882,0.4840255591054313,0.576593720266413,boxes_cylinder_scene_change_hard_mixed,scene_change,0.25
1,0.5026960601499336,0.2894555478980014,0.045349637984863765,0.06602595169700178,0.005349637984863764,0.0,0.005349637984863764,300,120,326,705,0.7142857142857143,0.4792332268370607,0.5736137667304017,boxes_cylinder_scene_change_hard_mixed,scene_change,0.25
0,0.5,0.2980364656381487,0.05360037265390008,0.065167699001513,0.01360037265390008,0.0,0.01360037265390008,273,152,259,742,0.6423529411764706,0.5131578947368421,0.5705329153605015,boxes_cylinder_scene_change_medium_2,scene_change,0.25
1,0.50680018632695,0.28962131837307153,0.05371492158363089,0.06493697737346055,0.013714921583630892,0.0,0.013714921583630892,265,148,267,746,0.6416464891041163,0.4981203007518797,0.5608465608465609,boxes_cylinder_scene_change_medium_2,scene_change,0.25
2,0.5136576471187655,0.2812061711079944,0.0540446963642208,0.06464026398408042,0.014044696364220802,0.0,0.014044696364220802,258,143,274,751,0.6433915211970075,0.4849624060150376,0.5530546623794212,boxes_cylinder_scene_change_medium_2,scene_change,0.25
3,0.5206799953008759,0.270687237026648,0.05458361658492621,0.06422323606137252,0.014583616584926212,0.0,0.014583616584926212,249,137,283,757,0.6450777202072538,0.4680451127819549,0.542483660130719,boxes_cylinder_scene_change_medium_2,scene_change,0.25
4,0.5279718035933391,0.26718092566619916,0.054974026118295986,0.06400529630379798,0.014974026118295986,0.0,0.014974026118295986,246,135,286,759,0.6456692913385826,0.462406015037594,0.538882803943045,boxes_cylinder_scene_change_medium_2,scene_change,0.25
5,0.5354588166524871,0.2594670406732118,0.055281516535183255,0.06342105864251184,0.015281516535183254,0.0,0.015281516535183254,241,129,291,765,0.6513513513513514,0.45300751879699247,0.5343680709534369,boxes_cylinder_scene_change_medium_2,scene_change,0.25
6,0.5430995749200787,0.24754558204768584,0.056077032736682644,0.062448022728399374,0.016077032736682643,0.0,0.016077032736682643,235,118,297,776,0.6657223796033994,0.4417293233082707,0.5310734463276836,boxes_cylinder_scene_change_medium_2,scene_change,0.25
7,0.55113809128842,0.2321178120617111,0.05611162704863554,0.062296784665157236,0.016111627048635536,0.0,0.016111627048635536,221,110,311,784,0.6676737160120846,0.41541353383458646,0.5121668597914253,boxes_cylinder_scene_change_medium_2,scene_change,0.25
0,0.5,0.46787709497206703,0.024113540462280005,0.04116364609149197,0.0,0.0,0.0,614,56,492,270,0.9164179104477612,0.5551537070524413,0.6914414414414415,boxes_cylinder_scene_change_medium_3,scene_change,0.25
1,0.5,0.46787709497206703,0.024113540462280005,0.04116364609149197,0.0,0.0,0.0,614,56,492,270,0.9164179104477612,0.5551537070524413,0.6914414414414415,boxes_cylinder_scene_change_medium_3,scene_change,0.25
0,0.5,0.414,0.046967980914869534,0.0693356129360616,0.006967980914869533,0.0,0.006967980914869533,379,242,273,606,0.6103059581320451,0.5812883435582822,0.5954438334642577,boxes_cylinder_static_noise_hard_mixed,static_noise,0.25
1,0.5034839904574347,0.4073333333333333,0.04706497919629456,0.06913583531064232,0.007064979196294556,0.0,0.007064979196294556,375,236,277,612,0.613747954173486,0.5751533742331288,0.5938242280285035,boxes_cylinder_static_noise_hard_mixed,static_noise,0.25
0,0.5,0.39,0.04938230378597167,0.0760999073720285,0.009382303785971671,0.0,0.009382303785971671,327,258,210,705,0.558974358974359,0.6089385474860335,0.5828877005347594,boxes_cylinder_static_noise_medium_2,static_noise,0.25
1,0.5046911518929859,0.386,0.0493201442480309,0.07596581714995447,0.009320144248030897,0.0,0.009320144248030897,324,255,213,708,0.5595854922279793,0.6033519553072626,0.5806451612903226,boxes_cylinder_static_noise_medium_2,static_noise,0.25
0,0.5,0.4013333333333333,0.049621784734043405,0.07565921239846025,0.009621784734043404,0.0,0.009621784734043404,339,263,200,698,0.5631229235880398,0.6289424860853432,0.5942156003505696,boxes_cylinder_static_noise_medium_3,static_noise,0.25
1,0.5048108923670217,0.39466666666666667,0.0492960832058277,0.07536793623212365,0.009296083205827699,0.0,0.009296083205827699,336,256,203,705,0.5675675675675675,0.6233766233766234,0.5941644562334217,boxes_cylinder_static_noise_medium_3,static_noise,0.25
2,0.5094589339699356,0.3893333333333333,0.049031091926100424,0.07545015991162816,0.009031091926100424,0.0,0.009031091926100424,331,253,208,708,0.5667808219178082,0.614100185528757,0.5894924309884239,boxes_cylinder_static_noise_medium_3,static_noise,0.25
3,0.5139744799329858,0.38533333333333336,0.049159266501715634,0.07523570827413219,0.009159266501715634,0.0,0.009159266501715634,329,249,210,712,0.5692041522491349,0.6103896103896104,0.5890778871978514,boxes_cylinder_static_noise_medium_3,static_noise,0.25
4,0.5185541131838437,0.37733333333333335,0.049314121408852135,0.0748890716511397,0.009314121408852134,0.0,0.009314121408852134,324,242,215,719,0.5724381625441696,0.601113172541744,0.5864253393665159,boxes_cylinder_static_noise_medium_3,static_noise,0.25
5,0.5232111738882698,0.36866666666666664,0.04915984881907432,0.07493475035139854,0.00915984881907432,0.0,0.00915984881907432,315,238,224,723,0.569620253164557,0.5844155844155844,0.576923076923077,boxes_cylinder_static_noise_medium_3,static_noise,0.25
6,0.5277910982978069,0.364,0.049108465168379786,0.07458062908381383,0.009108465168379785,0.0,0.009108465168379785,313,233,226,728,0.5732600732600732,0.5807050092764379,0.5769585253456221,boxes_cylinder_static_noise_medium_3,static_noise,0.25
0,0.5,0.142,0.07618254222481048,0.10159408133121327,0.03618254222481048,0.058000000000000024,0.09418254222481051,60,153,138,1149,0.28169014084507044,0.30303030303030304,0.29197080291970806,boxes_cylinder_strong_noise_hard_mixed,strong_noise,0.25
1,0.5108412711124053,0.132,0.07782772107024634,0.10117428981684456,0.03782772107024634,0.068,0.10582772107024635,56,142,142,1160,0.2828282828282828,0.2828282828282828,0.2828282828282828,boxes_cylinder_strong_noise_hard_mixed,strong_noise,0.25
2,0.5212551316475285,0.122,0.07809716772103203,0.10067506982881977,0.038097167721032034,0.07800000000000001,0.11609716772103204,52,131,146,1171,0.28415300546448086,0.26262626262626265,0.27296587926509186,boxes_cylinder_strong_noise_hard_mixed,strong_noise,0.25
3,0.5305537155080444,0.11066666666666666,0.07796322114149726,0.1006776549055212,0.03796322114149726,0.08933333333333335,0.1272965544748306,47,119,151,1183,0.28313253012048195,0.23737373737373738,0.25824175824175827,boxes_cylinder_strong_noise_hard_mixed,strong_noise,0.25
4,0.5383686594121264,0.1,0.07758592591374996,0.10001201441084799,0.037585925913749964,0.1,0.13758592591374996,42,108,156,1194,0.28,0.21212121212121213,0.2413793103448276,boxes_cylinder_strong_noise_hard_mixed,strong_noise,0.25
5,0.5446616223690014,0.09666666666666666,0.07805925928658809,0.10015534723082503,0.03805925928658809,0.10333333333333335,0.14139259261992143,40,105,158,1197,0.27586206896551724,0.20202020202020202,0.23323615160349856,boxes_cylinder_strong_noise_hard_mixed,strong_noise,0.25
6,0.5507745853456287,0.094,0.07815519045222584,0.10003099610012668,0.03815519045222584,0.10600000000000001,0.14415519045222586,39,102,159,1200,0.2765957446808511,0.19696969696969696,0.23008849557522124,boxes_cylinder_strong_noise_hard_mixed,strong_noise,0.25
7,0.5566021805717416,0.088,0.0780328988214763,0.10075338113516268,0.03803289882147629,0.11200000000000002,0.1500328988214763,35,97,163,1205,0.26515151515151514,0.17676767676767677,0.2121212121212121,boxes_cylinder_strong_noise_hard_mixed,strong_noise,0.25
8,0.5616186299824797,0.08533333333333333,0.07833071185350995,0.0999893067508078,0.038330711853509954,0.11466666666666668,0.15299737852017664,34,94,164,1208,0.265625,0.1717171717171717,0.2085889570552147,boxes_cylinder_strong_noise_hard_mixed,strong_noise,0.25
9,0.5664506525759013,0.08333333333333333,0.07855267442340061,0.09965671960700184,0.03855267442340061,0.11666666666666668,0.1552193410900673,34,91,164,1211,0.272,0.1717171717171717,0.2105263157894737,boxes_cylinder_strong_noise_hard_mixed,strong_noise,0.25
10,0.5711436564542683,0.08066666666666666,0.07927006667265514,0.09905829519268361,0.03927006667265514,0.11933333333333335,0.1586034000059885,33,88,165,1214,0.2727272727272727,0.16666666666666666,0.20689655172413793,boxes_cylinder_strong_noise_hard_mixed,strong_noise,0.25
11,0.5758620231239292,0.07933333333333334,0.07845459097960548,0.09953622600434169,0.038454590979605484,0.12066666666666667,0.15912125764627216,32,87,166,1215,0.2689075630252101,0.16161616161616163,0.2018927444794953,boxes_cylinder_strong_noise_hard_mixed,strong_noise,0.25
12,0.5800059852803986,0.07666666666666666,0.0786073348163017,0.09948549158695519,0.03860733481630169,0.12333333333333335,0.16194066814963504,31,84,167,1218,0.26956521739130435,0.15656565656565657,0.19808306709265178,boxes_cylinder_strong_noise_hard_mixed,strong_noise,0.25
13,0.5838929860218828,0.07466666666666667,0.07888320609964843,0.10047590163865595,0.038883206099648425,0.12533333333333335,0.16421653943298178,29,83,169,1219,0.25892857142857145,0.14646464646464646,0.1870967741935484,boxes_cylinder_strong_noise_hard_mixed,strong_noise,0.25
14,0.5876679224050403,0.07266666666666667,0.07907934414396545,0.1003366951753967,0.039079344143965446,0.12733333333333335,0.1664126774772988,28,81,170,1221,0.25688073394495414,0.1414141414141414,0.18241042345276873,boxes_cylinder_strong_noise_hard_mixed,strong_noise,0.25
15,0.5912909278103563,0.072,0.07880066093548689,0.09990289631011225,0.03880066093548689,0.128,0.1668006609354869,28,80,170,1222,0.25925925925925924,0.1414141414141414,0.18300653594771243,boxes_cylinder_strong_noise_hard_mixed,strong_noise,0.25
16,0.5946912582780998,0.07066666666666667,0.07849936959217685,0.09987076982317097,0.03849936959217685,0.12933333333333336,0.1678327029255102,28,78,170,1224,0.2641509433962264,0.1414141414141414,0.1842105263157895,boxes_cylinder_strong_noise_hard_mixed,strong_noise,0.25
17,0.5977742764075216,0.06866666666666667,0.08012989813611475,0.09967871669573972,0.04012989813611475,0.13133333333333336,0.1714632314694481,27,76,171,1226,0.2621359223300971,0.13636363636363635,0.17940199335548174,boxes_cylinder_strong_noise_hard_mixed,strong_noise,0.25
18,0.6014225588089123,0.06733333333333333,0.07942292338535699,0.09921564047118715,0.03942292338535699,0.13266666666666668,0.17208959005202368,27,74,171,1228,0.26732673267326734,0.13636363636363635,0.18060200668896323,boxes_cylinder_strong_noise_hard_mixed,strong_noise,0.25
19,0.6045506871682574,0.06466666666666666,0.07999449620626319,0.09860415872264297,0.039994496206263185,0.13533333333333336,0.17532782953959655,27,70,171,1232,0.27835051546391754,0.13636363636363635,0.18305084745762712,boxes_cylinder_strong_noise_hard_mixed,strong_noise,0.25
0,0.5,0.17333333333333334,0.05194794944671326,0.08276431195538274,0.011947949446713256,0.026666666666666672,0.03861461611337993,116,144,320,920,0.4461538461538462,0.26605504587155965,0.3333333333333333,boxes_cylinder_strong_noise_medium_2,strong_noise,0.25
1,0.5026406413900233,0.17,0.051550209522212426,0.0830795011308616,0.011550209522212425,0.03,0.041550209522212424,113,142,323,922,0.44313725490196076,0.2591743119266055,0.3270622286541245,boxes_cylinder_strong_noise_medium_2,strong_noise,0.25
2,0.5046657461511295,0.16866666666666666,0.05113932410000408,0.08298265326892545,0.01113932410000408,0.03133333333333335,0.04247265743333743,113,140,323,924,0.44664031620553357,0.2591743119266055,0.32801161103047893,boxes_cylinder_strong_noise_medium_2,strong_noise,0.25
3,0.5063187415344649,0.166,0.05132094672222261,0.0826003727788175,0.011320946722222607,0.034,0.04532094672222261,113,136,323,928,0.4538152610441767,0.2591743119266055,0.32992700729927005,boxes_cylinder_strong_noise_medium_2,strong_noise,0.25
4,0.5077292148955762,0.164,0.05160611305464034,0.08213734749663021,0.011606113054640342,0.036000000000000004,0.047606113054640346,113,133,323,931,0.45934959349593496,0.2591743119266055,0.3313782991202346,boxes_cylinder_strong_noise_medium_2,strong_noise,0.25
5,0.5090322714228964,0.16066666666666668,0.05160517543132166,0.08243855835409288,0.011605175431321661,0.03933333333333333,0.05093850876465499,110,131,326,933,0.45643153526970953,0.25229357798165136,0.3249630723781388,boxes_cylinder_strong_noise_medium_2,strong_noise,0.25
6,0.5099181924718906,0.16,0.051762079804068044,0.08231435334519703,0.011762079804068043,0.04000000000000001,0.05176207980406805,110,130,326,934,0.4583333333333333,0.25229357798165136,0.3254437869822485,boxes_cylinder_strong_noise_medium_2,strong_noise,0.25
7,0.5107992323739247,0.15933333333333333,0.05185697230144886,0.08240948689293608,0.01185697230144886,0.040666666666666684,0.052523638968115544,109,130,327,934,0.4560669456066946,0.25,0.32296296296296295,boxes_cylinder_strong_noise_medium_2,strong_noise,0.25
8,0.5116443851913157,0.158,0.05196867667777173,0.08211020057148402,0.011968676677771732,0.04200000000000001,0.05396867667777174,109,128,327,936,0.459915611814346,0.25,0.32392273402674593,boxes_cylinder_strong_noise_medium_2,strong_noise,0.25
9,0.5123787235302015,0.15733333333333333,0.05185174188661434,0.08231281105496584,0.011851741886614336,0.042666666666666686,0.05451840855328102,108,128,328,936,0.4576271186440678,0.24770642201834864,0.32142857142857145,boxes_cylinder_strong_noise_medium_2,strong_noise,0.25
10,0.5129712611401753,0.15666666666666668,0.05159263164417442,0.08234349511765823,0.011592631644174421,0.043333333333333335,0.054925964977507756,107,128,329,936,0.4553191489361702,0.24541284403669725,0.31892697466467956,boxes_cylinder_strong_noise_medium_2,strong_noise,0.25
11,0.5133509102955959,0.156,0.05174993368861206,0.08234071701571995,0.01174993368861206,0.04400000000000001,0.05574993368861207,107,127,329,937,0.45726495726495725,0.24541284403669725,0.3194029850746269,boxes_cylinder_strong_noise_medium_2,strong_noise,0.25
12,0.5137258771399019,0.15533333333333332,0.051639999027705115,0.0824474279375563,0.011639999027705114,0.04466666666666669,0.0563066656943718,106,127,330,937,0.45493562231759654,0.24311926605504589,0.31689088191330345,boxes_cylinder_strong_noise_medium_2,strong_noise,0.25
13,0.5139625433204211,0.15466666666666667,0.051709788447048585,0.08229521309358581,0.011709788447048584,0.04533333333333334,0.05704312178038192,106,126,330,938,0.45689655172413796,0.24311926605504589,0.31736526946107785,boxes_cylinder_strong_noise_medium_2,strong_noise,0.25
14,0.5141507708772788,0.15466666666666667,0.051709788447048585,0.08229521309358581,0.011709788447048584,0.04533333333333334,0.05704312178038192,106,126,330,938,0.45689655172413796,0.24311926605504589,0.31736526946107785,boxes_cylinder_strong_noise_medium_2,strong_noise,0.25
0,0.5,0.14133333333333334,0.07954207757103963,0.0974294737982193,0.039542077571039634,0.05866666666666667,0.09820874423770631,73,139,152,1136,0.3443396226415094,0.3244444444444444,0.3340961098398169,boxes_cylinder_strong_noise_medium_3,strong_noise,0.25
1,0.5124377054521865,0.12666666666666668,0.07814349515696495,0.09675524828531766,0.03814349515696495,0.07333333333333333,0.11147682849029827,66,124,159,1151,0.3473684210526316,0.29333333333333333,0.3180722891566265,boxes_cylinder_strong_noise_medium_3,strong_noise,0.25
2,0.5223427863640023,0.11266666666666666,0.07698484945683172,0.09598706841014999,0.03698484945683172,0.08733333333333335,0.12431818279016507,62,107,163,1168,0.3668639053254438,0.27555555555555555,0.3147208121827411,boxes_cylinder_strong_noise_medium_3,strong_noise,0.25
3,0.5299185444257515,0.10066666666666667,0.07795236566317024,0.09566109040939837,0.037952365663170236,0.09933333333333334,0.13728569899650359,56,95,169,1180,0.3708609271523179,0.24888888888888888,0.29787234042553196,boxes_cylinder_strong_noise_medium_3,strong_noise,0.25
4,0.5364780605906699,0.09333333333333334,0.078460158115494,0.09399261548942668,0.038460158115494004,0.10666666666666667,0.14512682478216068,55,85,170,1190,0.39285714285714285,0.24444444444444444,0.3013698630136986,boxes_cylinder_strong_noise_medium_3,strong_noise,0.25
5,0.5423748063150836,0.08533333333333333,0.07694290470561982,0.09108039478145183,0.03694290470561982,0.11466666666666668,0.1516095713722865,53,75,172,1200,0.4140625,0.23555555555555555,0.3002832861189802,boxes_cylinder_strong_noise_medium_3,strong_noise,0.25
6,0.5465129253345602,0.07933333333333334,0.07723838137885264,0.09141177842386526,0.03723838137885264,0.12066666666666667,0.1579050480455193,49,70,176,1205,0.4117647058823529,0.21777777777777776,0.2848837209302325,boxes_cylinder_strong_noise_medium_3,strong_noise,0.25
7,0.5500487826906532,0.076,0.07636471080761631,0.09098284908640712,0.03636471080761631,0.12400000000000001,0.16036471080761633,49,65,176,1210,0.4298245614035088,0.21777777777777776,0.28908554572271383,boxes_cylinder_strong_noise_medium_3,strong_noise,0.25
8,0.5527311380944613,0.074,0.07577338861068532,0.09036469189215865,0.03577338861068532,0.126,0.16177338861068533,49,62,176,1213,0.44144144144144143,0.21777777777777776,0.29166666666666663,boxes_cylinder_strong_noise_medium_3,strong_noise,0.25
9,0.554867832399804,0.072,0.07601082682778672,0.08995111711291041,0.03601082682778672,0.128,0.16401082682778673,48,60,177,1215,0.4444444444444444,0.21333333333333335,0.2882882882882883,boxes_cylinder_strong_noise_medium_3,strong_noise,0.25
10,0.5568732458136973,0.07133333333333333,0.07665064790452296,0.08969457109600193,0.03665064790452296,0.12866666666666668,0.16531731457118964,48,59,177,1216,0.4485981308411215,0.21333333333333335,0.28915662650602414,boxes_cylinder_strong_noise_medium_3,strong_noise,0.25
11,0.5591152364326255,0.07066666666666667,0.07707592091612547,0.08905923535384601,0.03707592091612547,0.12933333333333336,0.16640925424945882,48,58,177,1217,0.4528301886792453,0.21333333333333335,0.29003021148036257,boxes_cylinder_strong_noise_medium_3,strong_noise,0.25
12,0.5614865302240216,0.07,0.07709176182070394,0.0890334525932114,0.03709176182070394,0.13,0.16709176182070395,48,57,177,1218,0.45714285714285713,0.21333333333333335,0.29090909090909095,boxes_cylinder_strong_noise_medium_3,strong_noise,0.25
13,0.5637824111343736,0.07,0.07709176182070394,0.0890334525932114,0.03709176182070394,0.13,0.16709176182070395,48,57,177,1218,0.45714285714285713,0.21333333333333335,0.29090909090909095,boxes_cylinder_strong_noise_medium_3,strong_noise,0.25
0,0.5,0.20622568093385213,0.07774392595067851,0.1044606576533437,0.03774392595067851,0.0,0.03774392595067851,54,211,82,938,0.2037735849056604,0.39705882352941174,0.26932668329177056,l_shape_added_outliers_hard_mixed,added_outliers,0.25
1,0.5188719629753392,0.1867704280155642,0.07961000957569367,0.10287285612060502,0.03961000957569367,0.013229571984435806,0.052839581560129474,53,187,83,962,0.22083333333333333,0.3897058823529412,0.28191489361702127,l_shape_added_outliers_hard_mixed,added_outliers,0.25
2,0.5370232712651316,0.16575875486381322,0.08002559678377154,0.10230458452446374,0.04002559678377154,0.03424124513618679,0.07426684191995833,48,165,88,984,0.22535211267605634,0.35294117647058826,0.27507163323782235,l_shape_added_outliers_hard_mixed,added_outliers,0.25
3,0.552755914014994,0.15019455252918287,0.08026080151706896,0.10165450090989969,0.04026080151706896,0.04980544747081714,0.0900662489878861,46,147,90,1002,0.23834196891191708,0.3382352941176471,0.27963525835866265,l_shape_added_outliers_hard_mixed,added_outliers,0.25
4,0.5666606338396764,0.1377431906614786,0.08010322413212732,0.10075126724505293,0.04010322413212732,0.0622568093385214,0.10236003347064873,44,133,92,1016,0.24858757062146894,0.3235294117647059,0.281150159744409,l_shape_added_outliers_hard_mixed,added_outliers,0.25
5,0.5789301447384249,0.12607003891050583,0.08340597705335799,0.09894677446445946,0.04340597705335799,0.07392996108949418,0.11733593814285218,43,119,93,1030,0.2654320987654321,0.3161764705882353,0.2885906040268456,l_shape_added_outliers_hard_mixed,added_outliers,0.25
6,0.5913918881289171,0.11361867704280156,0.08467043742586569,0.0983975715854667,0.04467043742586569,0.08638132295719846,0.13105176038306415,40,106,96,1043,0.273972602739726,0.29411764705882354,0.2836879432624113,l_shape_added_outliers_hard_mixed,added_outliers,0.25
7,0.6029294414722001,0.10194552529182879,0.08401893457032443,0.09987809414168426,0.04401893457032443,0.09805447470817122,0.14207340927849565,33,98,103,1051,0.25190839694656486,0.2426470588235294,0.24719101123595505,l_shape_added_outliers_hard_mixed,added_outliers,0.25
8,0.6126820994188409,0.09416342412451362,0.08498472473890642,0.09952011400280253,0.04498472473890642,0.1058365758754864,0.1508213006143928,32,89,104,1060,0.2644628099173554,0.23529411764705882,0.24902723735408558,l_shape_added_outliers_hard_mixed,added_outliers,0.25
9,0.6219448898038583,0.088715953307393,0.08586155703291681,0.09918253666215524,0.04586155703291681,0.11128404669260701,0.15714560372552383,30,84,106,1065,0.2631578947368421,0.22058823529411764,0.24,l_shape_added_outliers_hard_mixed,added_outliers,0.25
10,0.6309651624837408,0.08093385214007782,0.08713359638004017,0.09838942080034431,0.04713359638004017,0.11906614785992219,0.16619974423996237,28,76,108,1073,0.2692307692307692,0.20588235294117646,0.23333333333333334,l_shape_added_outliers_hard_mixed,added_outliers,0.25
11,0.6396486921912706,0.07392996108949416,0.08695572858074854,0.09886335299093228,0.04695572858074854,0.12607003891050583,0.17302576749125437,25,70,111,1079,0.2631578947368421,0.18382352941176472,0.21645021645021648,l_shape_added_outliers_hard_mixed,added_outliers,0.25
12,0.6473678016178317,0.0715953307392996,0.08634523513902823,0.0990730995782718,0.046345235139028225,0.1284046692607004,0.17474990439972862,24,68,112,1081,0.2608695652173913,0.17647058823529413,0.2105263157894737,l_shape_added_outliers_hard_mixed,added_outliers,0.25
13,0.6544898355297583,0.06303501945525292,0.08740102135988713,0.09991656309769485,0.04740102135988713,0.1369649805447471,0.18436600190463423,20,61,116,1088,0.24691358024691357,0.14705882352941177,0.18433179723502305,l_shape_added_outliers_hard_mixed,added_outliers,0.25
14,0.6610697236416084,0.05992217898832685,0.08844189640726063,0.09855151314220979,0.04844189640726063,0.14007782101167315,0.18851971741893378,20,57,116,1092,0.2597402597402597,0.14705882352941177,0.18779342723004694,l_shape_added_outliers_hard_mixed,added_outliers,0.25
15,0.6677809442187796,0.05603112840466926,0.0884721395172093,0.09831880747487894,0.048472139517209294,0.14396887159533076,0.19244101111254006,19,53,117,1096,0.2638888888888889,0.13970588235294118,0.18269230769230768,l_shape_added_outliers_hard_mixed,added_outliers,0.25
16,0.674020905027968,0.05291828793774319,0.08894667208029543,0.09699065351951576,0.04894667208029543,0.14708171206225681,0.19602838414255225,19,49,117,1100,0.27941176470588236,0.13970588235294118,0.18627450980392157,l_shape_added_outliers_hard_mixed,added_outliers,0.25
17,0.6801090270603336,0.05058365758754864,0.08864342846324837,0.09748653538646897,0.048643428463248366,0.1494163424124514,0.19805977087569976,17,48,119,1101,0.26153846153846155,0.125,0.1691542288557214,l_shape_added_outliers_hard_mixed,added_outliers,0.25
18,0.6857536984904014,0.045914396887159536,0.08831307040263492,0.09665583679523491,0.04831307040263492,0.15408560311284047,0.20239867351547539,16,43,120,1106,0.2711864406779661,0.11764705882352941,0.1641025641025641,l_shape_added_outliers_hard_mixed,added_outliers,0.25
19,0.6906495333026138,0.0443579766536965,0.08861482942378829,0.09571872390047469,0.04861482942378829,0.1556420233463035,0.20425685277009178,16,41,120,1108,0.2807017543859649,0.11764705882352941,0.16580310880829013,l_shape_added_outliers_hard_mixed,added_outliers,0.25
0,0.5,0.3573667711598746,0.04310305479389819,0.05819290441991777,0.003103054793898191,0.0,0.003103054793898191,329,127,319,501,0.7214912280701754,0.5077160493827161,0.5960144927536233,l_shape_added_outliers_medium_2,added_outliers,0.25
1,0.5015515273969491,0.3557993730407524,0.04308124568584492,0.058245027585210725,0.003081245685844919,0.0,0.003081245685844919,327,127,321,501,0.7202643171806168,0.5046296296296297,0.5934664246823956,l_shape_added_outliers_medium_2,added_outliers,0.25
0,0.5,0.25446082234290146,0.07075611550840774,0.08228853606069338,0.03075611550840774,0.0,0.03075611550840774,150,178,178,783,0.4573170731707317,0.4573170731707317,0.4573170731707317,l_shape_added_outliers_medium_3,added_outliers,0.25
1,0.5153780577542039,0.22963537626066718,0.07233232024446949,0.08124145884578185,0.03233232024446949,0.0,0.03233232024446949,140,156,188,805,0.47297297297297297,0.4268292682926829,0.44871794871794873,l_shape_added_outliers_medium_3,added_outliers,0.25
2,0.5315442178764386,0.21101629169899147,0.07267599373932608,0.08063291130878139,0.03267599373932608,0.0,0.03267599373932608,130,142,198,819,0.47794117647058826,0.39634146341463417,0.4333333333333334,l_shape_added_outliers_medium_3,added_outliers,0.25
3,0.5478822147461017,0.1908456167571761,0.07350252032191437,0.07977645579594678,0.03350252032191437,0.009154383242823916,0.04265690356473829,121,125,207,836,0.491869918699187,0.36890243902439024,0.42160278745644597,l_shape_added_outliers_medium_3,added_outliers,0.25
4,0.5634891770017059,0.18231186966640806,0.07447587027766514,0.07912545806321937,0.03447587027766514,0.017688130333591956,0.052164000611257096,118,117,210,844,0.502127659574468,0.3597560975609756,0.41918294849023086,l_shape_added_outliers_medium_3,added_outliers,0.25
5,0.5785160958488395,0.16602017067494182,0.07505778608888199,0.07863533718223895,0.035057786088881986,0.03397982932505819,0.06903761541394018,108,106,220,855,0.5046728971962616,0.32926829268292684,0.3985239852398524,l_shape_added_outliers_medium_3,added_outliers,0.25
6,0.5917975102276481,0.14972847168347556,0.07454531689817834,0.07682513345810306,0.03454531689817834,0.050271528316524455,0.08481684521470279,104,89,224,872,0.538860103626943,0.3170731707317073,0.399232245681382,l_shape_added_outliers_medium_3,added_outliers,0.25
7,0.6027862276371717,0.143522110162917,0.07511928830187192,0.07654906562098712,0.03511928830187192,0.05647788983708302,0.09159717813895493,100,85,228,876,0.5405405405405406,0.3048780487804878,0.3898635477582846,l_shape_added_outliers_medium_3,added_outliers,0.25
8,0.6132861355584723,0.13188518231186966,0.07450262897034018,0.07688186003845925,0.034502628970340184,0.06811481768813035,0.10261744665847053,90,80,238,881,0.5294117647058824,0.27439024390243905,0.3614457831325302,l_shape_added_outliers_medium_3,added_outliers,0.25
9,0.6220230978326261,0.12179984484096198,0.07605359893974908,0.07594461921436411,0.03605359893974908,0.07820015515903803,0.1142537540987871,86,71,242,890,0.5477707006369427,0.2621951219512195,0.354639175257732,l_shape_added_outliers_medium_3,added_outliers,0.25
10,0.6302748779076209,0.11326609775019394,0.07740572523420859,0.07495968335652191,0.03740572523420859,0.08673390224980607,0.12413962748401466,83,63,245,898,0.5684931506849316,0.2530487804878049,0.350210970464135,l_shape_added_outliers_medium_3,added_outliers,0.25
11,0.6381360027434995,0.10550814584949574,0.07700686596309603,0.07432521726807739,0.037006865963096026,0.09449185415050428,0.1314987201136003,79,57,249,904,0.5808823529411765,0.24085365853658536,0.3405172413793104,l_shape_added_outliers_medium_3,added_outliers,0.25
12,0.6448279539562345,0.09852598913886734,0.07695110389054982,0.07406410638891787,0.03695110389054982,0.10147401086113267,0.13842511475168248,73,54,255,907,0.5748031496062992,0.2225609756097561,0.3208791208791209,l_shape_added_outliers_medium_3,added_outliers,0.25
13,0.6506192545438678,0.09619860356865788,0.07689351230974531,0.07357310860328667,0.03689351230974531,0.10380139643134213,0.14069490874108745,72,52,256,909,0.5806451612903226,0.21951219512195122,0.31858407079646023,l_shape_added_outliers_medium_3,added_outliers,0.25
14,0.6560908361448227,0.09154383242823895,0.0773665884350749,0.07297087158923066,0.037366588435074906,0.10845616757176106,0.14582275600683597,69,49,259,912,0.5847457627118644,0.21036585365853658,0.3094170403587444,l_shape_added_outliers_medium_3,added_outliers,0.25
15,0.66121710941589,0.08688906128782002,0.07753585432197507,0.07190154840702537,0.03753585432197507,0.11311093871217999,0.15064679303415507,68,44,260,917,0.6071428571428571,0.2073170731707317,0.3090909090909091,l_shape_added_outliers_medium_3,added_outliers,0.25
16,0.665846169237855,0.08378588052754073,0.07809495114097623,0.0720606154011953,0.038094951140976226,0.11621411947245928,0.15430907061343552,66,42,262,919,0.6111111111111112,0.20121951219512196,0.30275229357798167,l_shape_added_outliers_medium_3,added_outliers,0.25
17,0.6703668798742857,0.07990690457719161,0.07837854392372827,0.07160326681284263,0.03837854392372827,0.1200930954228084,0.15847163934653666,63,40,265,921,0.6116504854368932,0.19207317073170732,0.29234338747099764,l_shape_added_outliers_medium_3,added_outliers,0.25
18,0.6745445149082988,0.07680372381691233,0.07940104431394095,0.07050227815807696,0.039401044313940946,0.12319627618308768,0.16259732049702863,62,37,266,924,0.6262626262626263,0.18902439024390244,0.2903981264637003,l_shape_added_outliers_medium_3,added_outliers,0.25
19,0.6788455025423833,0.07292474786656322,0.08062685138552046,0.07001775887736665,0.04062685138552046,0.1270752521334368,0.16770210351895726,59,35,269,926,0.6276595744680851,0.1798780487804878,0.27962085308056867,l_shape_added_outliers_medium_3,added_outliers,0.25
0,0.5,0.262,0.0725442051048272,0.09269152807308383,0.0325442051048272,0.0,0.0325442051048272,124,269,149,958,0.3155216284987277,0.4542124542124542,0.37237237237237236,l_shape_partial_overlap_hard_mixed,partial_overlap,0.25
1,0.5162721025524136,0.22866666666666666,0.07206546022799327,0.09181688755361585,0.032065460227993274,0.0,0.032065460227993274,110,233,163,994,0.3206997084548105,0.40293040293040294,0.35714285714285715,l_shape_partial_overlap_hard_mixed,partial_overlap,0.25
2,0.5323048326664103,0.19666666666666666,0.07175610421917622,0.09017537755082077,0.03175610421917622,0.003333333333333355,0.035089437552509574,99,196,174,1031,0.33559322033898303,0.3626373626373626,0.3485915492957746,l_shape_partial_overlap_hard_mixed,partial_overlap,0.25
3,0.5477662181093317,0.16933333333333334,0.07253191676647286,0.0892136243170135,0.03253191676647286,0.030666666666666675,0.06319858343313953,88,166,185,1061,0.3464566929133858,0.32234432234432236,0.33396584440227706,l_shape_partial_overlap_hard_mixed,partial_overlap,0.25
4,0.5601988431592347,0.14866666666666667,0.07266048283682336,0.08924725364293366,0.03266048283682336,0.05133333333333334,0.0839938161701567,78,145,195,1082,0.34977578475336324,0.2857142857142857,0.31451612903225806,l_shape_partial_overlap_hard_mixed,partial_overlap,0.25
5,0.5701124179109798,0.13533333333333333,0.07296729961095827,0.08626405728671838,0.03296729961095827,0.06466666666666668,0.09763396627762494,76,127,197,1100,0.37438423645320196,0.2783882783882784,0.319327731092437,l_shape_partial_overlap_hard_mixed,partial_overlap,0.25
6,0.5785127343831256,0.12,0.07370457126278761,0.08493470406392369,0.03370457126278761,0.08000000000000002,0.11370457126278763,72,108,201,1119,0.4,0.26373626373626374,0.31788079470198677,l_shape_partial_overlap_hard_mixed,partial_overlap,0.25
7,0.5853650200145194,0.11533333333333333,0.07301123503630196,0.08390741718652242,0.033011235036301954,0.08466666666666668,0.11767790170296863,72,101,201,1126,0.4161849710982659,0.26373626373626374,0.3228699551569507,l_shape_partial_overlap_hard_mixed,partial_overlap,0.25
8,0.5912873041993371,0.10933333333333334,0.07342944829008355,0.08339866758809994,0.03342944829008355,0.09066666666666667,0.12409611495675021,68,96,205,1131,0.4146341463414634,0.2490842490842491,0.3112128146453089,l_shape_partial_overlap_hard_mixed,partial_overlap,0.25
9,0.5966686950110455,0.104,0.07325773174359315,0.08253050183685691,0.03325773174359315,0.09600000000000002,0.12925773174359317,67,89,206,1138,0.42948717948717946,0.2454212454212454,0.3123543123543123,l_shape_partial_overlap_hard_mixed,partial_overlap,0.25
10,0.601297560882842,0.1,0.07311412711312214,0.0834606593822798,0.03311412711312214,0.1,0.13311412711312215,63,87,210,1140,0.42,0.23076923076923078,0.29787234042553196,l_shape_partial_overlap_hard_mixed,partial_overlap,0.25
11,0.6053546244394031,0.094,0.0746730028454033,0.08341172258968343,0.034673002845403304,0.10600000000000001,0.14067300284540332,59,82,214,1145,0.41843971631205673,0.21611721611721613,0.285024154589372,l_shape_partial_overlap_hard_mixed,partial_overlap,0.25
12,0.6094411258621047,0.09133333333333334,0.07498714235375725,0.08223557851041162,0.03498714235375725,0.10866666666666668,0.14365380902042393,59,78,214,1149,0.4306569343065693,0.21611721611721613,0.2878048780487805,l_shape_partial_overlap_hard_mixed,partial_overlap,0.25
13,0.61335136370565,0.08866666666666667,0.07582330226792512,0.08215847072399114,0.03582330226792512,0.11133333333333334,0.14715663560125847,58,75,215,1152,0.43609022556390975,0.21245421245421245,0.2857142857142857,l_shape_partial_overlap_hard_mixed,partial_overlap,0.25
14,0.6173463481729459,0.08533333333333333,0.07602922893789577,0.08154732746524795,0.036029228937895764,0.11466666666666668,0.15069589560456245,56,72,217,1155,0.4375,0.20512820512820512,0.27930174563591026,l_shape_partial_overlap_hard_mixed,partial_overlap,0.25
15,0.6210276293085604,0.08066666666666666,0.07669071319673854,0.08037336375983974,0.036690713196738535,0.11933333333333335,0.15602404653007187,53,68,220,1159,0.4380165289256198,0.19413919413919414,0.2690355329949239,l_shape_partial_overlap_hard_mixed,partial_overlap,0.25
16,0.624456319240263,0.07933333333333334,0.07697470703882121,0.08028300719625098,0.03697470703882121,0.12066666666666667,0.1576413737054879,52,67,221,1160,0.4369747899159664,0.19047619047619047,0.2653061224489796,l_shape_partial_overlap_hard_mixed,partial_overlap,0.25
17,0.6278603394263402,0.076,0.07783717179144178,0.07901805918120389,0.03783717179144178,0.12400000000000001,0.1618371717914418,52,62,221,1165,0.45614035087719296,0.19047619047619047,0.268733850129199,l_shape_partial_overlap_hard_mixed,partial_overlap,0.25
18,0.6312789253220611,0.074,0.07818645893893704,0.0789765836130003,0.03818645893893704,0.126,0.16418645893893705,50,61,223,1166,0.45045045045045046,0.18315018315018314,0.26041666666666663,l_shape_partial_overlap_hard_mixed,partial_overlap,0.25
19,0.6346221547915296,0.07266666666666667,0.07842493269025749,0.07880732737852099,0.03842493269025749,0.12733333333333335,0.16575826602359084,49,60,224,1167,0.44954128440366975,0.1794871794871795,0.2565445026178011,l_shape_partial_overlap_hard_mixed,partial_overlap,0.25
0,0.5,0.2846666666666667,0.06919121977848744,0.08807788936988686,0.02919121977848744,0.0,0.02919121977848744,165,262,200,873,0.3864168618266979,0.4520547945205479,0.41666666666666663,l_shape_partial_overlap_medium_2,partial_overlap,0.25
1,0.5145956098892437,0.2613333333333333,0.06929531867615786,0.08748736265096023,0.02929531867615786,0.0,0.02929531867615786,155,237,210,898,0.39540816326530615,0.4246575342465753,0.4095112285336856,l_shape_partial_overlap_medium_2,partial_overlap,0.25
2,0.5292432692273226,0.23066666666666666,0.07058274004235729,0.08579097976500025,0.03058274004235729,0.0,0.03058274004235729,143,203,222,932,0.41329479768786126,0.3917808219178082,0.4022503516174402,l_shape_partial_overlap_medium_2,partial_overlap,0.25
3,0.5445346392485012,0.20733333333333334,0.0711060146372073,0.08555153402706116,0.031106014637207295,0.0,0.031106014637207295,132,179,233,956,0.42443729903536975,0.36164383561643837,0.3905325443786982,l_shape_partial_overlap_medium_2,partial_overlap,0.25
4,0.5600876465671049,0.186,0.07296177634791348,0.08494036398429752,0.03296177634791348,0.014000000000000012,0.04696177634791349,119,160,246,975,0.4265232974910394,0.32602739726027397,0.36956521739130427,l_shape_partial_overlap_medium_2,partial_overlap,0.25
5,0.5748185347410616,0.16133333333333333,0.07344857895132885,0.08327358387135766,0.03344857895132885,0.03866666666666668,0.07211524561799554,106,136,259,999,0.4380165289256198,0.29041095890410956,0.34925864909390436,l_shape_partial_overlap_medium_2,partial_overlap,0.25
6,0.5867094908833926,0.14266666666666666,0.07462113729525455,0.08316166778349089,0.034621137295254546,0.05733333333333335,0.09195447062858789,97,117,268,1018,0.4532710280373832,0.26575342465753427,0.33506044905008636,l_shape_partial_overlap_medium_2,partial_overlap,0.25
7,0.5968533928643532,0.13133333333333333,0.0757788875870908,0.08201391985659624,0.035778887587090795,0.06866666666666668,0.10444555425375748,92,105,273,1030,0.467005076142132,0.25205479452054796,0.3274021352313167,l_shape_partial_overlap_medium_2,partial_overlap,0.25
8,0.6061595033245653,0.12333333333333334,0.07607360906011944,0.08166687212446763,0.03607360906011944,0.07666666666666667,0.1127402757267861,85,100,280,1035,0.4594594594594595,0.2328767123287671,0.3090909090909091,l_shape_partial_overlap_medium_2,partial_overlap,0.25
9,0.6146129745212916,0.11133333333333334,0.07699816323235441,0.08034721300861464,0.03699816323235441,0.08866666666666667,0.12566482989902109,77,90,288,1045,0.46107784431137727,0.21095890410958903,0.2894736842105263,l_shape_partial_overlap_medium_2,partial_overlap,0.25
10,0.6220287228041355,0.106,0.07648261304756189,0.08025623611867377,0.03648261304756189,0.09400000000000001,0.1304826130475619,74,85,291,1050,0.46540880503144655,0.20273972602739726,0.2824427480916031,l_shape_partial_overlap_medium_2,partial_overlap,0.25
11,0.6285200293279164,0.09733333333333333,0.07579938658024139,0.08016104513975686,0.03579938658024139,0.10266666666666668,0.13846605324690808,69,77,296,1058,0.4726027397260274,0.18904109589041096,0.2700587084148728,l_shape_partial_overlap_medium_2,partial_overlap,0.25
12,0.6335863892847038,0.09266666666666666,0.0762562114373896,0.08003339464438579,0.0362562114373896,0.10733333333333335,0.14358954477072294,66,73,299,1062,0.4748201438848921,0.18082191780821918,0.2619047619047619,l_shape_partial_overlap_medium_2,partial_overlap,0.25
13,0.6382978283367319,0.09,0.07676211041399376,0.07985454931888954,0.036762110413993764,0.11000000000000001,0.14676211041399378,64,71,301,1064,0.4740740740740741,0.17534246575342466,0.256,l_shape_partial_overlap_medium_2,partial_overlap,0.25
14,0.6429288835437288,0.08466666666666667,0.07777793025431319,0.07948747910860299,0.03777793025431319,0.11533333333333334,0.15311126358764654,61,66,304,1069,0.48031496062992124,0.16712328767123288,0.24796747967479674,l_shape_partial_overlap_medium_2,partial_overlap,0.25
15,0.6474011820042187,0.08266666666666667,0.07814550659268713,0.07901265905938575,0.038145506592687124,0.11733333333333335,0.15547883992602046,61,63,304,1072,0.49193548387096775,0.16712328767123288,0.24948875255623726,l_shape_partial_overlap_medium_2,partial_overlap,0.25
16,0.6518072686338956,0.07866666666666666,0.078677549249356,0.07849553790685003,0.03867754924935599,0.12133333333333335,0.16001088258268933,60,58,305,1077,0.5084745762711864,0.1643835616438356,0.24844720496894407,l_shape_partial_overlap_medium_2,partial_overlap,0.25
17,0.655979376591907,0.07466666666666667,0.07967195407672809,0.07790773319771227,0.039671954076728085,0.12533333333333335,0.16500528741006143,58,54,307,1081,0.5178571428571429,0.1589041095890411,0.24318658280922434,l_shape_partial_overlap_medium_2,partial_overlap,0.25
18,0.6601486869636043,0.06866666666666667,0.07979765961798746,0.07760486712399566,0.03979765961798746,0.13133333333333336,0.1711309929513208,54,49,311,1086,0.5242718446601942,0.14794520547945206,0.23076923076923075,l_shape_partial_overlap_medium_2,partial_overlap,0.25
19,0.6636308501059314,0.06466666666666666,0.08047410051079074,0.07678962940240809,0.040474100510790735,0.13533333333333336,0.1758074338441241,52,45,313,1090,0.5360824742268041,0.14246575342465753,0.2251082251082251,l_shape_partial_overlap_medium_2,partial_overlap,0.25
0,0.5,0.4126666666666667,0.05343167549688968,0.05845653263848127,0.01343167549688968,0.0,0.01343167549688968,453,166,382,499,0.7318255250403877,0.5425149700598803,0.6231086657496561,l_shape_partial_overlap_medium_3,partial_overlap,0.25
1,0.5067158377484449,0.3993333333333333,0.05418248106146234,0.0575606354411154,0.014182481061462339,0.0,0.014182481061462339,445,154,390,511,0.7429048414023373,0.5329341317365269,0.6206415620641562,l_shape_partial_overlap_medium_3,partial_overlap,0.25
2,0.513807078279176,0.3873333333333333,0.05437042584441588,0.05716814233242126,0.014370425844415877,0.0,0.014370425844415877,432,149,403,516,0.7435456110154905,0.5173652694610779,0.6101694915254237,l_shape_partial_overlap_medium_3,partial_overlap,0.25
3,0.520992291201384,0.382,0.0545147023251348,0.05699951704064525,0.014514702325134798,0.0,0.014514702325134798,427,146,408,519,0.7452006980802792,0.511377245508982,0.6065340909090908,l_shape_partial_overlap_medium_3,partial_overlap,0.25
4,0.5282496423639514,0.36733333333333335,0.05492777830745504,0.05667200098833351,0.014927778307455036,0.0,0.014927778307455036,412,139,423,526,0.7477313974591652,0.4934131736526946,0.5945165945165944,l_shape_partial_overlap_medium_3,partial_overlap,0.25
5,0.535713531517679,0.3486666666666667,0.05557425580466804,0.05571481904956042,0.015574255804668036,0.0,0.015574255804668036,398,125,437,540,0.7609942638623327,0.47664670658682634,0.5861561119293078,l_shape_partial_overlap_medium_3,partial_overlap,0.25
6,0.543500659420013,0.33266666666666667,0.05589324625267733,0.05517866866775104,0.01589324625267733,0.0,0.01589324625267733,382,117,453,548,0.7655310621242485,0.45748502994011975,0.5727136431784108,l_shape_partial_overlap_medium_3,partial_overlap,0.25
7,0.5514472825463517,0.316,0.05581370354619694,0.05474781322395284,0.01581370354619694,0.0,0.01581370354619694,365,109,470,556,0.770042194092827,0.437125748502994,0.5576776165011459,l_shape_partial_overlap_medium_3,partial_overlap,0.25
0,0.5,0.23866666666666667,0.05653952416400763,0.08372200153482498,0.016539524164007627,0.0,0.016539524164007627,180,178,208,934,0.5027932960893855,0.4639175257731959,0.482573726541555,l_shape_scene_change_hard_mixed,scene_change,0.25
1,0.5082697620820038,0.22866666666666666,0.05648495482362439,0.0840272882754922,0.016484954823624387,0.0,0.016484954823624387,173,170,215,942,0.5043731778425656,0.44587628865979384,0.47332421340629277,l_shape_scene_change_hard_mixed,scene_change,0.25
0,0.5,0.4495476687543493,0.02136028048409517,0.037699597571327126,0.0,0.0,0.0,637,9,649,142,0.9860681114551083,0.4953343701399689,0.6594202898550724,l_shape_scene_change_medium_2,scene_change,0.25
1,0.5,0.4495476687543493,0.02136028048409517,0.037699597571327126,0.0,0.0,0.0,637,9,649,142,0.9860681114551083,0.4953343701399689,0.6594202898550724,l_shape_scene_change_medium_2,scene_change,0.25
0,0.5,0.49230769230769234,0.01383705594672286,0.024860792640249478,0.0,0.0,0.0,734,2,572,187,0.9972826086956522,0.5620214395099541,0.7189030362389816,l_shape_scene_change_medium_3,scene_change,0.25
1,0.5,0.49230769230769234,0.01383705594672286,0.024860792640249478,0.0,0.0,0.0,734,2,572,187,0.9972826086956522,0.5620214395099541,0.7189030362389816,l_shape_scene_change_medium_3,scene_change,0.25
0,0.5,0.40066666666666667,0.05251610953971882,0.06946175764422421,0.012516109539718816,0.0,0.012516109539718816,334,267,206,693,0.5557404326123128,0.6185185185185185,0.5854513584574934,l_shape_static_noise_hard_mixed,static_noise,0.25
1,0.5062580547698594,0.386,0.05258130425907056,0.06914070591070885,0.012581304259070558,0.0,0.012581304259070558,323,256,217,704,0.5578583765112263,0.5981481481481481,0.5773011617515639,l_shape_static_noise_hard_mixed,static_noise,0.25
0,0.5,0.4066666666666667,0.052013681118572186,0.0706637864031076,0.012013681118572185,0.0,0.012013681118572185,410,200,352,538,0.6721311475409836,0.5380577427821522,0.597667638483965,l_shape_static_noise_medium_2,static_noise,0.25
1,0.5060068405592861,0.3893333333333333,0.05189517225876539,0.07075602720805382,0.011895172258765387,0.0,0.011895172258765387,390,194,372,544,0.6678082191780822,0.5118110236220472,0.5794947994056463,l_shape_static_noise_medium_2,static_noise,0.25
2,0.5119544266886689,0.37866666666666665,0.051786223820787285,0.07070876825182729,0.011786223820787284,0.0,0.011786223820787284,380,188,382,550,0.6690140845070423,0.49868766404199477,0.5714285714285714,l_shape_static_noise_medium_2,static_noise,0.25
3,0.5178475385990625,0.364,0.05165754433189604,0.07068000501346244,0.011657544331896037,0.0,0.011657544331896037,365,181,397,557,0.6684981684981685,0.479002624671916,0.5581039755351681,l_shape_static_noise_medium_2,static_noise,0.25
4,0.5236763107650105,0.35133333333333333,0.05193527176834121,0.0704243561585706,0.011935271768341207,0.0,0.011935271768341207,355,172,407,566,0.6736242884250474,0.4658792650918635,0.5508145849495734,l_shape_static_noise_medium_2,static_noise,0.25
5,0.5296439466491811,0.3373333333333333,0.05193670277012482,0.0702579587586429,0.011936702770124819,0.0,0.011936702770124819,342,164,420,574,0.6758893280632411,0.44881889763779526,0.5394321766561514,l_shape_static_noise_medium_2,static_noise,0.25
0,0.5,0.30666666666666664,0.06901436104454907,0.09166593814802504,0.029014361044549068,0.0,0.029014361044549068,151,309,122,918,0.3282608695652174,0.5531135531135531,0.41200545702592084,l_shape_static_noise_medium_3,static_noise,0.25
1,0.5145071805222745,0.276,0.06913265015458463,0.09172286448614679,0.029132650154584626,0.0,0.029132650154584626,136,278,137,949,0.3285024154589372,0.4981684981684982,0.39592430858806404,l_shape_static_noise_medium_3,static_noise,0.25
2,0.5290735055995668,0.24933333333333332,0.0688876420349579,0.09105205119477373,0.028887642034957896,0.0,0.028887642034957896,127,247,146,980,0.339572192513369,0.4652014652014652,0.39258114374034003,l_shape_static_noise_medium_3,static_noise,0.25
3,0.5435173266170458,0.22466666666666665,0.06867131133158705,0.09075587914312129,0.028671311331587047,0.0,0.028671311331587047,117,220,156,1007,0.34718100890207715,0.42857142857142855,0.38360655737704924,l_shape_static_noise_medium_3,static_noise,0.25
4,0.5578529822828393,0.196,0.06918335124372714,0.0898655617713466,0.02918335124372714,0.0040000000000000036,0.03318335124372714,103,191,170,1036,0.35034013605442177,0.3772893772893773,0.3633156966490299,l_shape_static_noise_medium_3,static_noise,0.25
5,0.5719446579047028,0.18066666666666667,0.06872204638932006,0.08974708322746885,0.028722046389320056,0.01933333333333334,0.0480553797226534,98,173,175,1054,0.36162361623616235,0.358974358974359,0.3602941176470588,l_shape_static_noise_medium_3,static_noise,0.25
6,0.5838890144326963,0.16333333333333333,0.07048247615517765,0.08820001679541499,0.03048247615517765,0.03666666666666668,0.06714914282184434,93,152,180,1075,0.3795918367346939,0.34065934065934067,0.35907335907335913,l_shape_static_noise_medium_3,static_noise,0.25
7,0.5945469191769518,0.15066666666666667,0.07064239126999287,0.08844167787116203,0.030642391269992873,0.04933333333333334,0.07997572460332622,85,141,188,1086,0.37610619469026546,0.31135531135531136,0.34068136272545085,l_shape_static_noise_medium_3,static_noise,0.25
8,0.6037014481452816,0.13466666666666666,0.07203697567394358,0.08724611344364898,0.032036975673943584,0.06533333333333335,0.09737030900727695,78,124,195,1103,0.38613861386138615,0.2857142857142857,0.32842105263157895,l_shape_static_noise_medium_3,static_noise,0.25
9,0.6115532693155867,0.12333333333333334,0.07202149857017234,0.08714503071440129,0.03202149857017234,0.07666666666666667,0.10868816523683902,73,112,200,1115,0.3945945945945946,0.2673992673992674,0.31877729257641924,l_shape_static_noise_medium_3,static_noise,0.25
10,0.6179806852673396,0.118,0.07296006542221876,0.08678971370198545,0.032960065422218764,0.08200000000000002,0.11496006542221879,72,105,201,1122,0.4067796610169492,0.26373626373626374,0.32000000000000006,l_shape_static_noise_medium_3,static_noise,0.25
11,0.624210717978449,0.108,0.07407152397750486,0.08559001323718779,0.034071523977504854,0.09200000000000001,0.12607152397750487,67,95,206,1132,0.41358024691358025,0.2454212454212454,0.3080459770114942,l_shape_static_noise_medium_3,static_noise,0.25
12,0.6297464799672013,0.10133333333333333,0.07444486742211438,0.0854809494473239,0.03444486742211438,0.09866666666666668,0.13311153408878107,64,88,209,1139,0.42105263157894735,0.23443223443223443,0.30117647058823527,l_shape_static_noise_medium_3,static_noise,0.25
13,0.6346355803449252,0.09533333333333334,0.07503711490566538,0.08496252475739849,0.03503711490566538,0.10466666666666667,0.13970378157233204,61,82,212,1145,0.42657342657342656,0.22344322344322345,0.2932692307692308,l_shape_static_noise_medium_3,static_noise,0.25
14,0.6390708044644245,0.092,0.07536734900944311,0.08460720256716019,0.03536734900944311,0.10800000000000001,0.14336734900944312,60,78,213,1149,0.43478260869565216,0.21978021978021978,0.291970802919708,l_shape_static_noise_medium_3,static_noise,0.25
15,0.6432544789691461,0.08866666666666667,0.07703447274745083,0.08388467655517434,0.03703447274745083,0.11133333333333334,0.14836780608078418,60,73,213,1154,0.45112781954887216,0.21978021978021978,0.29556650246305416,l_shape_static_noise_medium_3,static_noise,0.25
16,0.6478550486762049,0.086,0.0765923577411149,0.08376794046877029,0.036592357741114905,0.11400000000000002,0.15059235774111493,59,70,214,1157,0.4573643410852713,0.21611721611721613,0.2935323383084577,l_shape_static_noise_medium_3,static_noise,0.25
17,0.6519012275467624,0.08333333333333333,0.07643877986869063,0.0838412347072032,0.03643877986869063,0.11666666666666668,0.15310544653535732,58,67,215,1160,0.464,0.21245421245421245,0.2914572864321608,l_shape_static_noise_medium_3,static_noise,0.25
18,0.6555372841477743,0.08,0.07657594893283948,0.0837321288508066,0.036575948932839476,0.12000000000000001,0.1565759489328395,56,64,217,1163,0.4666666666666667,0.20512820512820512,0.2849872773536895,l_shape_static_noise_medium_3,static_noise,0.25
19,0.658825258614194,0.07733333333333334,0.07713268825863222,0.0829180111450469,0.03713268825863222,0.12266666666666667,0.1597993549252989,56,60,217,1167,0.4827586206896552,0.20512820512820512,0.2879177377892031,l_shape_static_noise_medium_3,static_noise,0.25
0,0.5,0.148,0.06680947856295487,0.06967183589897706,0.026809478562954868,0.05200000000000002,0.0788094785629549,142,80,406,872,0.6396396396396397,0.2591240875912409,0.36883116883116884,l_shape_strong_noise_hard_mixed,strong_noise,0.25
1,0.5069047392814774,0.14,0.06715299490752634,0.06949109435345581,0.02715299490752634,0.06,0.08715299490752634,135,75,413,877,0.6428571428571429,0.24635036496350365,0.3562005277044855,l_shape_strong_noise_hard_mixed,strong_noise,0.25
2,0.5129812367352405,0.13,0.06666597793901437,0.06932394429241459,0.026665977939014367,0.07,0.09666597793901438,126,69,422,883,0.6461538461538462,0.22992700729927007,0.3391655450874832,l_shape_strong_noise_hard_mixed,strong_noise,0.25
3,0.5175642257047477,0.126,0.06734554455058271,0.06889555363640355,0.02734554455058271,0.07400000000000001,0.10134554455058273,122,67,426,885,0.6455026455026455,0.22262773722627738,0.3310719131614654,l_shape_strong_noise_hard_mixed,strong_noise,0.25
4,0.521986997980039,0.12133333333333333,0.06712484371935369,0.06904004575806708,0.02712484371935369,0.07866666666666668,0.10579151038602036,117,65,431,887,0.6428571428571429,0.21350364963503649,0.32054794520547947,l_shape_strong_noise_hard_mixed,strong_noise,0.25
5,0.5257160865063825,0.11666666666666667,0.06737531078612752,0.06822071628138235,0.027375310786127517,0.08333333333333334,0.11070864411946085,115,60,433,892,0.6571428571428571,0.20985401459854014,0.318118948824343,l_shape_strong_noise_hard_mixed,strong_noise,0.25
6,0.5289870752327795,0.114,0.06660501080285951,0.06830954069830243,0.026605010802859506,0.08600000000000001,0.1126050108028595,112,59,436,893,0.6549707602339181,0.20437956204379562,0.31154381084840055,l_shape_strong_noise_hard_mixed,strong_noise,0.25
7,0.5315395806342093,0.10933333333333334,0.06749644023230919,0.06715562051055789,0.02749644023230919,0.09066666666666667,0.11816310689897586,109,55,439,897,0.6646341463414634,0.1989051094890511,0.30617977528089885,l_shape_strong_noise_hard_mixed,strong_noise,0.25
8,0.5339544674170306,0.108,0.067118211516031,0.06711482585199269,0.027118211516031006,0.09200000000000001,0.11911821151603103,108,54,440,898,0.6666666666666666,0.19708029197080293,0.3042253521126761,l_shape_strong_noise_hard_mixed,strong_noise,0.25
9,0.536013573175046,0.10666666666666667,0.06701759654269288,0.06742345904327961,0.027017596542692875,0.09333333333333334,0.12035092987602622,106,54,442,898,0.6625,0.19343065693430658,0.2994350282485876,l_shape_strong_noise_hard_mixed,strong_noise,0.25
10,0.5378557047797258,0.10533333333333333,0.06664990199026778,0.06734534556067631,0.02664990199026778,0.09466666666666668,0.12131656865693446,105,53,443,899,0.6645569620253164,0.19160583941605838,0.29745042492917845,l_shape_strong_noise_hard_mixed,strong_noise,0.25
11,0.5393473224415263,0.10333333333333333,0.06685045592257019,0.06679574312195122,0.02685045592257019,0.09666666666666668,0.12351712258923686,104,51,444,901,0.6709677419354839,0.1897810218978102,0.2958748221906116,l_shape_strong_noise_hard_mixed,strong_noise,0.25
12,0.540689217069478,0.10333333333333333,0.06685045592257019,0.06679574312195122,0.02685045592257019,0.09666666666666668,0.12351712258923686,104,51,444,901,0.6709677419354839,0.1897810218978102,0.2958748221906116,l_shape_strong_noise_hard_mixed,strong_noise,0.25
0,0.5,0.14733333333333334,0.06216762314034194,0.0734172074364627,0.022167623140341937,0.05266666666666667,0.0748342898070086,132,89,387,892,0.5972850678733032,0.2543352601156069,0.3567567567567567,l_shape_strong_noise_medium_2,strong_noise,0.25
1,0.5045004782368376,0.144,0.06272927763242281,0.07274224819483309,0.022729277632422808,0.05600000000000002,0.07872927763242282,131,85,388,896,0.6064814814814815,0.2524084778420039,0.3564625850340136,l_shape_strong_noise_medium_2,strong_noise,0.25
2,0.508865117053049,0.13933333333333334,0.06322010288180249,0.0724064381523606,0.02322010288180249,0.060666666666666674,0.08388676954846916,129,80,390,901,0.6172248803827751,0.24855491329479767,0.3543956043956044,l_shape_strong_noise_medium_2,strong_noise,0.25
3,0.512891835160617,0.132,0.06294643852961603,0.07182155947834847,0.022946438529616024,0.068,0.09094643852961604,124,74,395,907,0.6262626262626263,0.23892100192678228,0.34588563458856353,l_shape_strong_noise_medium_2,strong_noise,0.25
4,0.515865054425425,0.13066666666666665,0.06292652593897896,0.07192887539921614,0.02292652593897896,0.06933333333333336,0.09225985927231231,122,74,397,907,0.6224489795918368,0.2350674373795761,0.3412587412587412,l_shape_strong_noise_medium_2,strong_noise,0.25
5,0.5186616507282478,0.126,0.06267704037251172,0.07196924445604098,0.02267704037251172,0.07400000000000001,0.09667704037251174,117,72,402,909,0.6190476190476191,0.2254335260115607,0.3305084745762712,l_shape_strong_noise_medium_2,strong_noise,0.25
6,0.5207501709145036,0.12466666666666666,0.06310412170626654,0.07196954932337644,0.023104121706266544,0.07533333333333335,0.09843745503959989,116,71,403,910,0.6203208556149733,0.22350674373795762,0.3286118980169972,l_shape_strong_noise_medium_2,strong_noise,0.25
7,0.5228855651009702,0.12133333333333333,0.06375803767956996,0.0714183139622624,0.02375803767956996,0.07866666666666668,0.10242470434623663,114,68,405,913,0.6263736263736264,0.21965317919075145,0.3252496433666191,l_shape_strong_noise_medium_2,strong_noise,0.25
8,0.5249312506074219,0.12066666666666667,0.0636054521071778,0.07152290420054408,0.0236054521071778,0.07933333333333334,0.10293878544051113,113,68,406,913,0.6243093922651933,0.21772639691714837,0.32285714285714284,l_shape_strong_noise_medium_2,strong_noise,0.25
9,0.5268173099943441,0.118,0.06304064694081682,0.07135184527056959,0.023040646940816818,0.08200000000000002,0.10504064694081683,111,66,408,915,0.6271186440677966,0.2138728323699422,0.3189655172413793,l_shape_strong_noise_medium_2,strong_noise,0.25
10,0.5280876334647525,0.11666666666666667,0.06349026612276672,0.07149205697282518,0.023490266122766716,0.08333333333333334,0.10682359945610007,109,66,410,915,0.6228571428571429,0.21001926782273603,0.31412103746397696,l_shape_strong_noise_medium_2,strong_noise,0.25
11,0.5294160998594692,0.114,0.06322461211983645,0.07186013716377454,0.023224612119836445,0.08600000000000001,0.10922461211983645,105,66,414,915,0.6140350877192983,0.2023121387283237,0.30434782608695654,l_shape_strong_noise_medium_2,strong_noise,0.25
12,0.5302784059193875,0.112,0.06261248856485427,0.07194907613027511,0.022612488564854268,0.08800000000000001,0.11061248856485428,103,65,416,916,0.6130952380952381,0.19845857418111754,0.29985443959243085,l_shape_strong_noise_medium_2,strong_noise,0.25
13,0.5305846502018146,0.112,0.06261248856485427,0.07194907613027511,0.022612488564854268,0.08800000000000001,0.11061248856485428,103,65,416,916,0.6130952380952381,0.19845857418111754,0.29985443959243085,l_shape_strong_noise_medium_2,strong_noise,0.25
0,0.5,0.16,0.060630310902321,0.07843724498868629,0.020630310902321,0.04000000000000001,0.06063031090232101,129,111,411,849,0.5375,0.2388888888888889,0.33076923076923076,l_shape_strong_noise_medium_3,strong_noise,0.25
1,0.5053151554511605,0.152,0.061574067905412935,0.07716813840923137,0.021574067905412934,0.048000000000000015,0.06957406790541296,125,103,415,857,0.5482456140350878,0.23148148148148148,0.32552083333333337,l_shape_strong_noise_medium_3,strong_noise,0.25
2,0.5101021894038669,0.14333333333333334,0.061666226066217494,0.07602882488310116,0.021666226066217494,0.05666666666666667,0.07833289273288416,120,95,420,865,0.5581395348837209,0.2222222222222222,0.31788079470198677,l_shape_strong_noise_medium_3,strong_noise,0.25
3,0.5138519691036423,0.13733333333333334,0.06194512146046568,0.07473777671841704,0.021945121460465677,0.06266666666666668,0.08461178812713235,119,87,421,873,0.5776699029126213,0.22037037037037038,0.31903485254691694,l_shape_strong_noise_medium_3,strong_noise,0.25
4,0.5169911965005418,0.132,0.06189460245187507,0.07487312832906039,0.02189460245187507,0.068,0.08989460245187508,114,84,426,876,0.5757575757575758,0.2111111111111111,0.3089430894308943,l_shape_strong_noise_medium_3,strong_noise,0.25
5,0.5194384977264793,0.13066666666666665,0.06222372175162793,0.07446450091032708,0.02222372175162793,0.06933333333333336,0.09155705508496129,114,82,426,878,0.5816326530612245,0.2111111111111111,0.30978260869565216,l_shape_strong_noise_medium_3,strong_noise,0.25
6,0.5218836919356267,0.12733333333333333,0.06324964391168005,0.07369224150252604,0.023249643911680044,0.07266666666666668,0.09591631057834674,114,77,426,883,0.5968586387434555,0.2111111111111111,0.3119015047879617,l_shape_strong_noise_medium_3,strong_noise,0.25
7,0.5244251805581334,0.12266666666666666,0.06400033507276123,0.07397726451275836,0.024000335072761232,0.07733333333333335,0.10133366840609459,109,75,431,885,0.592391304347826,0.20185185185185187,0.3011049723756906,l_shape_strong_noise_medium_3,strong_noise,0.25
8,0.5267586814278473,0.12133333333333333,0.06348690519685637,0.07406112872357717,0.023486905196856374,0.07866666666666668,0.10215357186352306,108,74,432,886,0.5934065934065934,0.2,0.29916897506925205,l_shape_strong_noise_medium_3,strong_noise,0.25
9,0.5286688006929422,0.12066666666666667,0.06364357104047524,0.07391956742073878,0.023643571040475243,0.07933333333333334,0.10297690437380858,108,73,432,887,0.5966850828729282,0.2,0.2995839112343967,l_shape_strong_noise_medium_3,strong_noise,0.25
10,0.5305739195465131,0.11866666666666667,0.06321640607733585,0.07428741546558769,0.023216406077335848,0.08133333333333334,0.1045497394106692,105,73,435,887,0.5898876404494382,0.19444444444444445,0.2924791086350975,l_shape_strong_noise_medium_3,strong_noise,0.25
11,0.5320154559185144,0.116,0.06381359892870642,0.07426139451815897,0.023813598928706416,0.084,0.10781359892870643,102,72,438,888,0.5862068965517241,0.18888888888888888,0.2857142857142857,l_shape_strong_noise_medium_3,strong_noise,0.25
12,0.5334222553828676,0.11533333333333333,0.06381166982822352,0.0739925311093125,0.023811669828223518,0.08466666666666668,0.10847833649489019,102,71,438,889,0.5895953757225434,0.18888888888888888,0.2861150070126227,l_shape_strong_noise_medium_3,strong_noise,0.25
13,0.534744756963646,0.11466666666666667,0.06368838655558466,0.07388364081390879,0.02368838655558466,0.08533333333333334,0.10902171988891801,102,70,438,890,0.5930232558139535,0.18888888888888888,0.28651685393258425,l_shape_strong_noise_medium_3,strong_noise,0.25
14,0.5359222835747717,0.11333333333333333,0.06396153876952566,0.0738170926052762,0.023961538769525663,0.08666666666666668,0.11062820543619234,101,69,439,891,0.5941176470588235,0.18703703703703703,0.28450704225352114,l_shape_strong_noise_medium_3,strong_noise,0.25
15,0.5370697196262012,0.112,0.06408495345076629,0.07391435687011536,0.024084953450766285,0.08800000000000001,0.1120849534507663,99,69,441,891,0.5892857142857143,0.18333333333333332,0.2796610169491525,l_shape_strong_noise_medium_3,strong_noise,0.25
16,0.5381121963515844,0.11066666666666666,0.06427949040566419,0.07381511044576972,0.02427949040566419,0.08933333333333335,0.11361282373899753,98,68,442,892,0.5903614457831325,0.1814814814814815,0.2776203966005666,l_shape_strong_noise_medium_3,strong_noise,0.25
17,0.5390852748877498,0.10866666666666666,0.06474578380792796,0.07354252018364504,0.02474578380792796,0.09133333333333335,0.11607911714126132,97,66,443,894,0.5950920245398773,0.17962962962962964,0.2759601706970128,l_shape_strong_noise_medium_3,strong_noise,0.25
18,0.5400415001250471,0.108,0.0649756024837567,0.07322423194662284,0.024975602483756694,0.09200000000000001,0.11697560248375671,97,65,443,895,0.5987654320987654,0.17962962962962964,0.2763532763532764,l_shape_strong_noise_medium_3,strong_noise,0.25
19,0.5410293013669255,0.10733333333333334,0.06482909767192215,0.07346886742538383,0.024829097671922144,0.09266666666666667,0.11749576433858883,96,65,444,895,0.5962732919254659,0.17777777777777778,0.2738944365192582,l_shape_strong_noise_medium_3,strong_noise,0.25
0,0.5,0.0205,0.047100719452770626,0.14132211728023236,0.007100719452770625,0.17950000000000002,0.18660071945277065,18,23,224,1735,0.43902439024390244,0.0743801652892562,0.127208480565371,real_20260626_143302_palletizer_005_part_2_refined_from_voxel005_easy,real_previous_registration,0.25
1,0.4811128597263853,0.0255,0.04897612169068545,0.13733127692085415,0.00897612169068545,0.17450000000000002,0.18347612169068547,22,29,220,1729,0.43137254901960786,0.09090909090909091,0.15017064846416384,real_20260626_143302_palletizer_005_part_2_refined_from_voxel005_easy,real_previous_registration,0.25
2,0.46378842057172803,0.0285,0.048020691518773466,0.1376742592648636,0.008020691518773465,0.1715,0.17952069151877348,23,34,219,1724,0.40350877192982454,0.09504132231404959,0.15384615384615383,real_20260626_143302_palletizer_005_part_2_refined_from_voxel005_easy,real_previous_registration,0.25
3,0.4463612663311148,0.0315,0.048145347444306506,0.14006430026440947,0.008145347444306505,0.1685,0.17664534744430652,25,38,217,1720,0.3968253968253968,0.10330578512396695,0.16393442622950818,real_20260626_143302_palletizer_005_part_2_refined_from_voxel005_easy,real_previous_registration,0.25
4,0.42937144005326805,0.0395,0.04553660159283672,0.13757531739935766,0.005536601592836719,0.1605,0.16603660159283673,30,49,212,1709,0.379746835443038,0.12396694214876033,0.18691588785046728,real_20260626_143302_palletizer_005_part_2_refined_from_voxel005_easy,real_previous_registration,0.25
5,0.4120772408496864,0.0485,0.04772003124327158,0.14339262532505123,0.007720031243271579,0.15150000000000002,0.1592200312432716,32,65,210,1693,0.32989690721649484,0.1322314049586777,0.1887905604719764,real_20260626_143302_palletizer_005_part_2_refined_from_voxel005_easy,real_previous_registration,0.25
6,0.3969997564713222,0.057,0.050966134311262956,0.14748521355483274,0.010966134311262955,0.14300000000000002,0.15396613431126296,34,80,208,1678,0.2982456140350877,0.14049586776859505,0.19101123595505617,real_20260626_143302_palletizer_005_part_2_refined_from_voxel005_easy,real_previous_registration,0.25
7,0.38460782362695367,0.0645,0.05063240544247638,0.15023240381964348,0.01063240544247638,0.1355,0.14613240544247638,37,92,205,1666,0.2868217054263566,0.15289256198347106,0.1994609164420485,real_20260626_143302_palletizer_005_part_2_refined_from_voxel005_easy,real_previous_registration,0.25
8,0.37298652634819185,0.0765,0.05191507021568631,0.15243718095967862,0.011915070215686309,0.12350000000000001,0.13541507021568633,43,110,199,1648,0.28104575163398693,0.17768595041322313,0.21772151898734177,real_20260626_143302_palletizer_005_part_2_refined_from_voxel005_easy,real_previous_registration,0.25
9,0.363506561456035,0.0855,0.055549698287404616,0.14932044938163477,0.015549698287404615,0.1145,0.13004969828740462,49,122,193,1636,0.28654970760233917,0.2024793388429752,0.23728813559322032,real_20260626_143302_palletizer_005_part_2_refined_from_voxel005_easy,real_previous_registration,0.25
10,0.3569689105997373,0.0915,0.05549221382160136,0.14978422814957187,0.015492213821601361,0.10850000000000001,0.12399221382160137,53,130,189,1628,0.2896174863387978,0.2190082644628099,0.24941176470588236,real_20260626_143302_palletizer_005_part_2_refined_from_voxel005_easy,real_previous_registration,0.25
11,0.35115251751053794,0.0975,0.0568162218941263,0.15116749450018796,0.0168162218941263,0.10250000000000001,0.1193162218941263,56,139,186,1619,0.28717948717948716,0.23140495867768596,0.2562929061784897,real_20260626_143302_palletizer_005_part_2_refined_from_voxel005_easy,real_previous_registration,0.25
12,0.3467481284576011,0.1005,0.05755132224782787,0.15030123778622667,0.01755132224782787,0.0995,0.11705132224782788,58,143,184,1615,0.2885572139303483,0.2396694214876033,0.26185101580135445,real_20260626_143302_palletizer_005_part_2_refined_from_voxel005_easy,real_previous_registration,0.25
13,0.34308628958151505,0.107,0.05777538722405247,0.14965468833896076,0.017775387224052468,0.09300000000000001,0.11077538722405247,64,150,178,1608,0.29906542056074764,0.2644628099173554,0.2807017543859649,real_20260626_143302_palletizer_005_part_2_refined_from_voxel005_easy,real_previous_registration,0.25
14,0.3403489831935413,0.11,0.05745102895212877,0.1512211683776313,0.017451028952128772,0.09000000000000001,0.10745102895212878,65,155,177,1603,0.29545454545454547,0.26859504132231404,0.28138528138528135,real_20260626_143302_palletizer_005_part_2_refined_from_voxel005_easy,real_previous_registration,0.25
15,0.33782449766960565,0.1125,0.05711200746213761,0.15229766578699513,0.01711200746213761,0.08750000000000001,0.10461200746213761,66,159,176,1599,0.29333333333333333,0.2727272727272727,0.28265524625267663,real_20260626_143302_palletizer_005_part_2_refined_from_voxel005_easy,real_previous_registration,0.25
16,0.33544300140067446,0.1145,0.05695723651795712,0.15219360907919036,0.016957236517957122,0.0855,0.10245723651795713,66,163,176,1595,0.28820960698689957,0.2727272727272727,0.2802547770700637,real_20260626_143302_palletizer_005_part_2_refined_from_voxel005_easy,real_previous_registration,0.25
17,0.333234119659653,0.1175,0.056404496602424664,0.15135496502056808,0.016404496602424663,0.08250000000000002,0.09890449660242467,69,166,173,1592,0.2936170212765957,0.28512396694214875,0.2893081761006289,real_20260626_143302_palletizer_005_part_2_refined_from_voxel005_easy,real_previous_registration,0.25
18,0.33112386796086535,0.121,0.05686800290752565,0.15232311755559466,0.016868002907525652,0.07900000000000001,0.09586800290752567,70,172,172,1586,0.2892561983471074,0.2892561983471074,0.2892561983471074,real_20260626_143302_palletizer_005_part_2_refined_from_voxel005_easy,real_previous_registration,0.25
19,0.32968286941462815,0.1235,0.0583333838758028,0.15199082867524097,0.0183333838758028,0.07650000000000001,0.09483338387580281,72,175,170,1583,0.291497975708502,0.2975206611570248,0.29447852760736193,real_20260626_143302_palletizer_005_part_2_refined_from_voxel005_easy,real_previous_registration,0.25
0,0.5,0.014042867701404288,0.01843475899745938,0.13411971926073812,0.0,0.18595713229859573,0.18595713229859573,3,16,255,1079,0.15789473684210525,0.011627906976744186,0.021660649819494584,real_20260626_144015_pallet_rack_05_part1_refined_from_voxel005_easy,real_previous_registration,0.25
1,0.4767553584626755,0.021433850702143386,0.01490735375707552,0.13059540581139228,0.0,0.17856614929785664,0.17856614929785664,3,26,255,1069,0.10344827586206896,0.011627906976744186,0.020905923344947733,real_20260626_144015_pallet_rack_05_part1_refined_from_voxel005_easy,real_previous_registration,0.25
2,0.45443458980044343,0.031042128603104215,0.018664916576859685,0.12537524885186158,0.0,0.1689578713968958,0.1689578713968958,8,34,250,1061,0.19047619047619047,0.031007751937984496,0.05333333333333334,real_20260626_144015_pallet_rack_05_part1_refined_from_voxel005_easy,real_previous_registration,0.25
3,0.43331485587583146,0.04360679970436068,0.022134538403141814,0.12332258050326642,0.0,0.15639320029563933,0.15639320029563933,13,46,245,1049,0.22033898305084745,0.050387596899224806,0.08201892744479494,real_20260626_144015_pallet_rack_05_part1_refined_from_voxel005_easy,real_previous_registration,0.25
4,0.41376570583887656,0.06060606060606061,0.023774258180939926,0.1245809877188373,0.0,0.1393939393939394,0.1393939393939394,17,65,241,1030,0.2073170731707317,0.06589147286821706,0.10000000000000002,real_20260626_144015_pallet_rack_05_part1_refined_from_voxel005_easy,real_previous_registration,0.25
5,0.39634146341463417,0.07908351810790835,0.0221933497957721,0.12567320562336337,0.0,0.12091648189209166,0.12091648189209166,19,88,239,1007,0.17757009345794392,0.07364341085271318,0.1041095890410959,real_20260626_144015_pallet_rack_05_part1_refined_from_voxel005_easy,real_previous_registration,0.25
6,0.3812269031781227,0.11382113821138211,0.022825473452631646,0.12940335508332138,0.0,0.0861788617886179,0.0861788617886179,25,129,233,966,0.16233766233766234,0.09689922480620156,0.12135922330097086,real_20260626_144015_pallet_rack_05_part1_refined_from_voxel005_easy,real_previous_registration,0.25
7,0.3704545454545454,0.13968957871396895,0.02381490548266469,0.13029662635403136,0.0,0.06031042128603106,0.06031042128603106,32,157,226,938,0.1693121693121693,0.12403100775193798,0.14317673378076062,real_20260626_144015_pallet_rack_05_part1_refined_from_voxel005_easy,real_previous_registration,0.25
8,0.3629157427937915,0.1655580192165558,0.024652914092351954,0.13229755281722763,0.0,0.03444198078344421,0.03444198078344421,33,191,225,904,0.14732142857142858,0.12790697674418605,0.13692946058091285,real_20260626_144015_pallet_rack_05_part1_refined_from_voxel005_easy,real_previous_registration,0.25
9,0.35861049519586097,0.17590539541759054,0.025677437517185202,0.13286747939050367,0.0,0.024094604582409473,0.024094604582409473,35,203,223,892,0.14705882352941177,0.13565891472868216,0.14112903225806453,real_20260626_144015_pallet_rack_05_part1_refined_from_voxel005_easy,real_previous_registration,0.25
10,0.3555986696230598,0.18699186991869918,0.02620348350494113,0.13305089190841343,0.0,0.013008130081300834,0.013008130081300834,40,213,218,882,0.15810276679841898,0.15503875968992248,0.15655577299412915,real_20260626_144015_pallet_rack_05_part1_refined_from_voxel005_easy,real_previous_registration,0.25
11,0.3539726533628972,0.18994826311899482,0.026409785121361253,0.1328808583312039,0.0,0.010051736881005191,0.010051736881005191,41,216,217,879,0.15953307392996108,0.15891472868217055,0.15922330097087378,real_20260626_144015_pallet_rack_05_part1_refined_from_voxel005_easy,real_previous_registration,0.25
12,0.3527161862527715,0.1951219512195122,0.025950356566317383,0.1333405810405002,0.0,0.004878048780487809,0.004878048780487809,42,222,216,873,0.1590909090909091,0.16279069767441862,0.16091954022988506,real_20260626_144015_pallet_rack_05_part1_refined_from_voxel005_easy,real_previous_registration,0.25
13,0.35210643015521054,0.19660014781966,0.025904451637187593,0.1331370176691345,0.0,0.0033998521803400017,0.0033998521803400017,43,223,215,872,0.16165413533834586,0.16666666666666666,0.16412213740458015,real_20260626_144015_pallet_rack_05_part1_refined_from_voxel005_easy,real_previous_registration,0.25
14,0.35168144863266804,0.1973392461197339,0.026149659347959334,0.13308220383678213,0.0,0.002660753880266098,0.002660753880266098,43,224,215,871,0.16104868913857678,0.16666666666666666,0.1638095238095238,real_20260626_144015_pallet_rack_05_part1_refined_from_voxel005_easy,real_previous_registration,0.25
15,0.35134885439763475,0.19881744271988175,0.02610824346483038,0.1331449763871652,0.0,0.0011825572801182627,0.0011825572801182627,43,226,215,869,0.15985130111524162,0.16666666666666666,0.16318785578747627,real_20260626_144015_pallet_rack_05_part1_refined_from_voxel005_easy,real_previous_registration,0.25
16,0.35120103473762,0.20029563932002956,0.026623736059702564,0.13277653715689694,0.0,0.0,0.0,44,227,214,868,0.16236162361623616,0.17054263565891473,0.166351606805293,real_20260626_144015_pallet_rack_05_part1_refined_from_voxel005_easy,real_previous_registration,0.25
17,0.35120103473762,0.20029563932002956,0.026623736059702564,0.13277653715689694,0.0,0.0,0.0,44,227,214,868,0.16236162361623616,0.17054263565891473,0.166351606805293,real_20260626_144015_pallet_rack_05_part1_refined_from_voxel005_easy,real_previous_registration,0.25
0,0.5,0.004434589800443459,0.08095039126446128,0.11427410758301666,0.04095039126446128,0.19556541019955656,0.23651580146401785,2,4,442,905,0.3333333333333333,0.0045045045045045045,0.008888888888888889,real_20260626_161831_pallet_rack_cluster021_part1_ransac_icp_voxel005_easy,real_previous_registration,0.25
1,0.49602951935728606,0.005912786400591279,0.0781914519591548,0.1162515308276901,0.038191451959154805,0.19408721359940873,0.23227866555856352,3,5,441,904,0.375,0.006756756756756757,0.013274336283185842,real_20260626_161831_pallet_rack_cluster021_part1_ransac_icp_voxel005_easy,real_previous_registration,0.25
2,0.4908643436369374,0.005912786400591279,0.0781914519591548,0.1162515308276901,0.038191451959154805,0.19408721359940873,0.23227866555856352,3,5,441,904,0.375,0.006756756756756757,0.013274336283185842,real_20260626_161831_pallet_rack_cluster021_part1_ransac_icp_voxel005_easy,real_previous_registration,0.25
0,0.5,0.007390983000739098,0.01583592821949135,0.13187238440481514,0.0,0.19260901699926092,0.19260901699926092,0,10,363,980,0.0,0.0,0.0,real_20260626_161831_pallet_rack_cluster021_part1_ransac_icp_voxel005_hard,real_previous_registration,0.25
1,0.4759238728750924,0.009608277900960829,0.0205712413574668,0.12411006309563949,0.0,0.19039172209903918,0.19039172209903918,1,12,362,978,0.07692307692307693,0.0027548209366391185,0.005319148936170213,real_20260626_161831_pallet_rack_cluster021_part1_ransac_icp_voxel005_hard,real_previous_registration,0.25
2,0.4521249076127125,0.014042867701404288,0.020512081344435402,0.1224960464660889,0.0,0.18595713229859573,0.18595713229859573,3,16,360,974,0.15789473684210525,0.008264462809917356,0.015706806282722516,real_20260626_161831_pallet_rack_cluster021_part1_ransac_icp_voxel005_hard,real_previous_registration,0.25
3,0.42888026607538804,0.017738359201773836,0.02308481400184272,0.12312379312452885,0.0,0.18226164079822618,0.18226164079822618,4,20,359,970,0.16666666666666666,0.011019283746556474,0.020671834625323,real_20260626_161831_pallet_rack_cluster021_part1_ransac_icp_voxel005_hard,real_previous_registration,0.25
4,0.4060975609756098,0.027346637102734665,0.02725543585454829,0.12345075357761279,0.0,0.17265336289726535,0.17265336289726535,7,30,356,960,0.1891891891891892,0.01928374655647383,0.035,real_20260626_161831_pallet_rack_cluster021_part1_ransac_icp_voxel005_hard,real_previous_registration,0.25
5,0.3845158906134516,0.06430155210643015,0.030078837808239615,0.12266853069083869,0.0,0.13569844789356986,0.13569844789356986,21,66,342,924,0.2413793103448276,0.05785123966942149,0.09333333333333334,real_20260626_161831_pallet_rack_cluster021_part1_ransac_icp_voxel005_hard,real_previous_registration,0.25
6,0.36755358462675536,0.09534368070953436,0.026460322458052403,0.12341074092040166,0.0,0.10465631929046565,0.10465631929046565,31,98,332,892,0.24031007751937986,0.08539944903581267,0.12601626016260162,real_20260626_161831_pallet_rack_cluster021_part1_ransac_icp_voxel005_hard,real_previous_registration,0.25
7,0.3544715447154472,0.12269031781226904,0.026767063935351706,0.12231895449299575,0.0,0.07730968218773097,0.07730968218773097,42,124,321,866,0.25301204819277107,0.11570247933884298,0.15879017013232513,real_20260626_161831_pallet_rack_cluster021_part1_ransac_icp_voxel005_hard,real_previous_registration,0.25
8,0.3448078344419808,0.14781966001478197,0.027271787984094475,0.12316845014819945,0.0,0.05218033998521804,0.05218033998521804,47,153,316,837,0.235,0.12947658402203857,0.16696269982238013,real_20260626_161831_pallet_rack_cluster021_part1_ransac_icp_voxel005_hard,real_previous_registration,0.25
9,0.33828529194382856,0.16112342941611235,0.028329828716788748,0.1226799035244752,0.0,0.03887657058388766,0.03887657058388766,52,166,311,824,0.23853211009174313,0.14325068870523416,0.17900172117039587,real_20260626_161831_pallet_rack_cluster021_part1_ransac_icp_voxel005_hard,real_previous_registration,0.25
10,0.3334257206208426,0.1729490022172949,0.029030947428279722,0.12260611498569574,0.0,0.027050997782705116,0.027050997782705116,58,176,305,814,0.24786324786324787,0.15977961432506887,0.19430485762144054,real_20260626_161831_pallet_rack_cluster021_part1_ransac_icp_voxel005_hard,real_previous_registration,0.25
11,0.33004434589800447,0.18551367331855137,0.02933982358526329,0.12146705693020876,0.0,0.014486326681448641,0.014486326681448641,67,184,296,806,0.26693227091633465,0.18457300275482094,0.2182410423452769,real_20260626_161831_pallet_rack_cluster021_part1_ransac_icp_voxel005_hard,real_previous_registration,0.25
12,0.32823355506282337,0.18920916481892092,0.029798597726156034,0.12126005868665185,0.0,0.010790835181079095,0.010790835181079095,69,187,294,803,0.26953125,0.19008264462809918,0.22294022617124393,real_20260626_161831_pallet_rack_cluster021_part1_ransac_icp_voxel005_hard,real_previous_registration,0.25
13,0.3268847006651885,0.19216555801921656,0.029805689118085146,0.12155127067874302,0.0,0.007834441980783452,0.007834441980783452,69,191,294,799,0.2653846153846154,0.19008264462809918,0.2215088282504013,real_20260626_161831_pallet_rack_cluster021_part1_ransac_icp_voxel005_hard,real_previous_registration,0.25
14,0.32590539541759056,0.19290465631929046,0.029895032762283665,0.12159151110354223,0.0,0.007095343680709548,0.007095343680709548,69,192,294,798,0.26436781609195403,0.19008264462809918,0.22115384615384615,real_20260626_161831_pallet_rack_cluster021_part1_ransac_icp_voxel005_hard,real_previous_registration,0.25
15,0.32501847745750184,0.19660014781966,0.029710496442294464,0.1210497624668276,0.0,0.0033998521803400017,0.0033998521803400017,71,195,292,795,0.2669172932330827,0.19559228650137742,0.2257551669316375,real_20260626_161831_pallet_rack_cluster021_part1_ransac_icp_voxel005_hard,real_previous_registration,0.25
16,0.32459349593495934,0.19807834441980784,0.02950610937338939,0.12145172919676861,0.0,0.0019216555801921664,0.0019216555801921664,71,197,292,793,0.26492537313432835,0.19559228650137742,0.22503961965134703,real_20260626_161831_pallet_rack_cluster021_part1_ransac_icp_voxel005_hard,real_previous_registration,0.25
17,0.3243532889874353,0.19881744271988175,0.029426944524672385,0.12152490408005033,0.0,0.0011825572801182627,0.0011825572801182627,71,198,292,792,0.26394052044609667,0.19559228650137742,0.22468354430379747,real_20260626_161831_pallet_rack_cluster021_part1_ransac_icp_voxel005_hard,real_previous_registration,0.25
18,0.32420546932742056,0.19881744271988175,0.029426944524672385,0.12152490408005033,0.0,0.0011825572801182627,0.0011825572801182627,71,198,292,792,0.26394052044609667,0.19559228650137742,0.22468354430379747,real_20260626_161831_pallet_rack_cluster021_part1_ransac_icp_voxel005_hard,real_previous_registration,0.25
0,0.5,0.0029651593773165306,0.15844615720845923,0.13718422207284242,0.11844615720845922,0.19703484062268348,0.3154809978311427,0,4,203,1142,0.0,0.0,0.0,real_20260626_161911_pallet_rack_cluster021_part1_refined_from_voxel005_easy,real_previous_registration,0.25
1,0.5345937235263942,0.0007412898443291327,0.1536697835932747,0.1301613045267345,0.1136697835932747,0.19925871015567087,0.3129284937489456,0,1,203,1145,0.0,0.0,0.0,real_20260626_161911_pallet_rack_cluster021_part1_refined_from_voxel005_easy,real_previous_registration,0.25
2,0.5665212765535728,0.0007412898443291327,0.1536697835932747,0.1301613045267345,0.1136697835932747,0.19925871015567087,0.3129284937489456,0,1,203,1145,0.0,0.0,0.0,real_20260626_161911_pallet_rack_cluster021_part1_refined_from_voxel005_easy,real_previous_registration,0.25
0,0.5,0.0,0.15315000925446864,0.1708294156247957,0.11315000925446864,0.2,0.3131500092544687,0,0,375,976,0.0,0.0,0.0,real_20260626_161911_pallet_rack_cluster021_part1_refined_from_voxel005_medium,real_previous_registration,0.25
1,0.5315750046272343,0.0,0.15315000925446864,0.1708294156247957,0.11315000925446864,0.2,0.3131500092544687,0,0,375,976,0.0,0.0,0.0,real_20260626_161911_pallet_rack_cluster021_part1_refined_from_voxel005_medium,real_previous_registration,0.25
0,0.5,0.0,0.11897978707866294,0.18963641773073536,0.07897978707866293,0.2,0.27897978707866294,0,0,291,764,0.0,0.0,0.0,real_20260626_163327_pallet_rack_cluster022_part1_ransac_icp_voxel005_easy,real_previous_registration,0.25
1,0.5144898935393315,0.0,0.11897978707866294,0.18963641773073536,0.07897978707866293,0.2,0.27897978707866294,0,0,291,764,0.0,0.0,0.0,real_20260626_163327_pallet_rack_cluster022_part1_ransac_icp_voxel005_easy,real_previous_registration,0.25
0,0.5,0.0,0.30060915499049434,0.32615352305957535,0.26060915499049436,0.2,0.4606091549904944,0,0,60,788,0.0,0.0,0.0,real_20260626_163327_pallet_rack_cluster022_part1_ransac_icp_voxel005_hard,real_previous_registration,0.25
1,0.6053045774952472,0.0,0.30060915499049434,0.32615352305957535,0.26060915499049436,0.2,0.4606091549904944,0,0,60,788,0.0,0.0,0.0,real_20260626_163327_pallet_rack_cluster022_part1_ransac_icp_voxel005_hard,real_previous_registration,0.25
0,0.5,0.0007680491551459293,0.0074875723509491,0.0851633327960113,0.0,0.1992319508448541,0.1992319508448541,1,0,241,1060,1.0,0.004132231404958678,0.008230452674897118,real_20260626_163327_pallet_rack_cluster022_part1_ransac_icp_voxel005_medium,real_previous_registration,0.25
1,0.47509600614439323,0.0007680491551459293,0.0074875723509491,0.0851633327960113,0.0,0.1992319508448541,0.1992319508448541,1,0,241,1060,1.0,0.004132231404958678,0.008230452674897118,real_20260626_163327_pallet_rack_cluster022_part1_ransac_icp_voxel005_medium,real_previous_registration,0.25
0,0.5,0.0,0.09154252768159964,0.15262279010991983,0.051542527681599636,0.2,0.2515425276815996,0,0,168,648,0.0,0.0,0.0,real_20260703_131528_rm00_0260_02_cluster022_part1_ransac_icp_voxel005_easy,real_previous_registration,0.25
1,0.5007712638407998,0.0,0.09154252768159964,0.15262279010991983,0.051542527681599636,0.2,0.2515425276815996,0,0,168,648,0.0,0.0,0.0,real_20260703_131528_rm00_0260_02_cluster022_part1_ransac_icp_voxel005_easy,real_previous_registration,0.25
0,0.5,0.0,0.11396984304866493,0.19849881410323333,0.07396984304866494,0.2,0.27396984304866495,0,0,77,796,0.0,0.0,0.0,real_20260703_131528_rm00_0260_02_cluster022_part1_ransac_icp_voxel005_hard,real_previous_registration,0.25
1,0.5119849215243325,0.0,0.11396984304866493,0.19849881410323333,0.07396984304866494,0.2,0.27396984304866495,0,0,77,796,0.0,0.0,0.0,real_20260703_131528_rm00_0260_02_cluster022_part1_ransac_icp_voxel005_hard,real_previous_registration,0.25
0,0.5,0.0,0.07279196134578034,0.1478134199839435,0.032791961345780336,0.2,0.23279196134578034,0,0,303,578,0.0,0.0,0.0,real_20260703_131528_rm00_0260_02_cluster022_part1_ransac_icp_voxel005_medium,real_previous_registration,0.25
1,0.49139598067289014,0.0,0.07279196134578034,0.1478134199839435,0.032791961345780336,0.2,0.23279196134578034,0,0,303,578,0.0,0.0,0.0,real_20260703_131528_rm00_0260_02_cluster022_part1_ransac_icp_voxel005_medium,real_previous_registration,0.25
0,0.5,0.0045351473922902496,0.057704018731147576,0.05745489581028853,0.017704018731147575,0.19546485260770977,0.21316887133885734,4,0,594,284,1.0,0.006688963210702341,0.013289036544850499,real_20260703_135250_rm00_0260_02_cluster029_full_refined_from_voxel005_easy,real_previous_registration,0.25
1,0.4844189027896101,0.006802721088435374,0.0567967818186659,0.06167228717423148,0.016796781818665896,0.19319727891156463,0.20999406073023053,6,0,592,284,1.0,0.010033444816053512,0.019867549668874173,real_20260703_135250_rm00_0260_02_cluster029_full_refined_from_voxel005_easy,real_previous_registration,0.25
2,0.46866763383499743,0.011337868480725623,0.05059233359367782,0.06811829385975854,0.010592333593677818,0.18866213151927438,0.1992544651129522,9,1,589,283,0.9,0.015050167224080268,0.029605263157894735,real_20260703_135250_rm00_0260_02_cluster029_full_refined_from_voxel005_easy,real_previous_registration,0.25
3,0.45038103419192704,0.013605442176870748,0.0495704868537275,0.06439494299295585,0.009570486853727501,0.18639455782312928,0.19596504467685677,11,1,587,283,0.9166666666666666,0.01839464882943144,0.036065573770491806,real_20260703_135250_rm00_0260_02_cluster029_full_refined_from_voxel005_easy,real_previous_registration,0.25
4,0.4318669578908996,0.01927437641723356,0.050995853671469374,0.06325133022299247,0.010995853671469373,0.18072562358276645,0.19172147725423583,16,1,582,283,0.9411764705882353,0.026755852842809364,0.05203252032520325,real_20260703_135250_rm00_0260_02_cluster029_full_refined_from_voxel005_easy,real_previous_registration,0.25
5,0.4147741817787885,0.026077097505668934,0.048371040574141794,0.0626342237472916,0.008371040574141793,0.17392290249433107,0.18229394306847285,22,1,576,283,0.9565217391304348,0.03678929765886288,0.07085346215781,real_20260703_135250_rm00_0260_02_cluster029_full_refined_from_voxel005_easy,real_previous_registration,0.25
6,0.397219339254068,0.04308390022675737,0.0397059515215306,0.06219549598436778,0.0,0.15691609977324264,0.15691609977324264,37,1,561,283,0.9736842105263158,0.061872909698996656,0.11635220125786165,real_20260703_135250_rm00_0260_02_cluster029_full_refined_from_voxel005_easy,real_previous_registration,0.25
7,0.37760482678241264,0.07936507936507936,0.02976132595698298,0.06705778261166585,0.0,0.12063492063492065,0.12063492063492065,67,3,531,281,0.9571428571428572,0.11204013377926421,0.20059880239520958,real_20260703_135250_rm00_0260_02_cluster029_full_refined_from_voxel005_easy,real_previous_registration,0.25
8,0.36252546170304756,0.1111111111111111,0.02749968276592131,0.06937038869047414,0.0,0.0888888888888889,0.0888888888888889,92,6,506,278,0.9387755102040817,0.15384615384615385,0.26436781609195403,real_20260703_135250_rm00_0260_02_cluster029_full_refined_from_voxel005_easy,real_previous_registration,0.25
9,0.35141435059193643,0.15079365079365079,0.027304920436169423,0.07063991781626972,0.0,0.049206349206349226,0.049206349206349226,123,10,475,274,0.924812030075188,0.205685618729097,0.3365253077975376,real_20260703_135250_rm00_0260_02_cluster029_full_refined_from_voxel005_easy,real_previous_registration,0.25
10,0.3452635569411428,0.17346938775510204,0.027354806155812872,0.07035849475020964,0.0,0.026530612244897972,0.026530612244897972,142,11,456,273,0.9281045751633987,0.23745819397993312,0.3781624500665779,real_20260703_135250_rm00_0260_02_cluster029_full_refined_from_voxel005_easy,real_previous_registration,0.25
11,0.34194723041053054,0.18253968253968253,0.02735487565119288,0.07019246759167767,0.0,0.01746031746031748,0.01746031746031748,150,11,448,273,0.9316770186335404,0.2508361204013378,0.3952569169960474,real_20260703_135250_rm00_0260_02_cluster029_full_refined_from_voxel005_easy,real_previous_registration,0.25
12,0.33976469072799087,0.1870748299319728,0.027127661515262205,0.07015171586127168,0.0,0.012925170068027209,0.012925170068027209,153,12,445,272,0.9272727272727272,0.25585284280936454,0.4010484927916121,real_20260703_135250_rm00_0260_02_cluster029_full_refined_from_voxel005_easy,real_previous_registration,0.25
13,0.33814904446948746,0.1893424036281179,0.027070242252501892,0.07027387811050162,0.0,0.0106575963718821,0.0106575963718821,155,12,443,272,0.9281437125748503,0.2591973244147157,0.4052287581699346,real_20260703_135250_rm00_0260_02_cluster029_full_refined_from_voxel005_easy,real_previous_registration,0.25
14,0.3368168449230022,0.1927437641723356,0.02703028782954556,0.07021806399713984,0.0,0.007256235827664409,0.007256235827664409,157,13,441,271,0.9235294117647059,0.2625418060200669,0.4088541666666667,real_20260703_135250_rm00_0260_02_cluster029_full_refined_from_voxel005_easy,real_previous_registration,0.25
15,0.3359098154445441,0.19501133786848074,0.026771601089601946,0.0701124879512196,0.0,0.0049886621315192725,0.0049886621315192725,159,13,439,271,0.9244186046511628,0.26588628762541805,0.41298701298701296,real_20260703_135250_rm00_0260_02_cluster029_full_refined_from_voxel005_easy,real_previous_registration,0.25
16,0.3352862326781042,0.19501133786848074,0.026771601089601946,0.0701124879512196,0.0,0.0049886621315192725,0.0049886621315192725,159,13,439,271,0.9244186046511628,0.26588628762541805,0.41298701298701296,real_20260703_135250_rm00_0260_02_cluster029_full_refined_from_voxel005_easy,real_previous_registration,0.25
0,0.5,0.003401360544217687,0.03892978237921007,0.11206199309332564,0.0,0.19659863945578232,0.19659863945578232,1,2,284,595,0.3333333333333333,0.0035087719298245615,0.006944444444444445,real_20260703_135250_rm00_0260_02_cluster029_full_refined_from_voxel005_medium,real_previous_registration,0.25
1,0.4754251700680272,0.011337868480725623,0.07861160696328191,0.09502132141270589,0.03861160696328191,0.18866213151927438,0.2272737384825563,6,4,279,593,0.6,0.021052631578947368,0.04067796610169492,real_20260703_135250_rm00_0260_02_cluster029_full_refined_from_voxel005_medium,real_previous_registration,0.25
2,0.47114820710975885,0.011337868480725623,0.07861160696328191,0.09502132141270589,0.03861160696328191,0.18866213151927438,0.2272737384825563,6,4,279,593,0.6,0.021052631578947368,0.04067796610169492,real_20260703_135250_rm00_0260_02_cluster029_full_refined_from_voxel005_medium,real_previous_registration,0.25
0,0.5,0.0,0.08961609481341516,0.1288646217265496,0.04961609481341516,0.2,0.24961609481341518,0,0,230,467,0.0,0.0,0.0,real_20260706_130424_table_cluster004_table1_refined_from_identity_scale1_hard,real_previous_registration,0.25
1,0.4998080474067076,0.0,0.08961609481341516,0.1288646217265496,0.04961609481341516,0.2,0.24961609481341518,0,0,230,467,0.0,0.0,0.0,real_20260706_130424_table_cluster004_table1_refined_from_identity_scale1_hard,real_previous_registration,0.25
0,0.5,0.0,0.14429884766797277,0.2103770941401623,0.10429884766797276,0.2,0.30429884766797277,0,0,55,642,0.0,0.0,0.0,real_20260706_130424_table_cluster004_table1_refined_from_identity_scale1_medium,real_previous_registration,0.25
1,0.5271494238339863,0.0,0.14429884766797277,0.2103770941401623,0.10429884766797276,0.2,0.30429884766797277,0,0,55,642,0.0,0.0,0.0,real_20260706_130424_table_cluster004_table1_refined_from_identity_scale1_medium,real_previous_registration,0.25
0,0.5,0.08571428571428572,0.14056529537651669,0.09374669390712674,0.10056529537651668,0.1142857142857143,0.21485100966223097,55,35,388,572,0.6111111111111112,0.12415349887133183,0.2063789868667917,real_20260706_145031_table2_cluster004_table2_refined_from_identity_easy,real_previous_registration,0.25
1,0.5359969334025441,0.04,0.13909024948955076,0.09215107236646482,0.09909024948955075,0.16,0.25909024948955073,26,16,417,591,0.6190476190476191,0.05869074492099323,0.10721649484536082,real_20260706_145031_table2_cluster004_table2_refined_from_identity_easy,real_previous_registration,0.25
2,0.5655420581473194,0.02095238095238095,0.1357239482957773,0.09566076032859684,0.0957239482957773,0.17904761904761907,0.27477156734339636,12,10,431,597,0.5454545454545454,0.02708803611738149,0.05161290322580645,real_20260706_145031_table2_cluster004_table2_refined_from_identity_easy,real_previous_registration,0.25
3,0.5910230799142556,0.015238095238095238,0.1386578752870214,0.0877684737189372,0.09865787528702138,0.18476190476190477,0.28341978004892615,10,6,433,601,0.625,0.022573363431151242,0.04357298474945534,real_20260706_145031_table2_cluster004_table2_refined_from_identity_easy,real_previous_registration,0.25
4,0.6172567794625282,0.007619047619047619,0.13893509525544273,0.0878400356083909,0.09893509525544272,0.1923809523809524,0.2913160476363951,5,3,438,604,0.625,0.011286681715575621,0.022172949002217293,real_20260706_145031_table2_cluster004_table2_refined_from_identity_easy,real_previous_registration,0.25
5,0.6426767080426306,0.004761904761904762,0.139375481427951,0.08712924046469481,0.099375481427951,0.19523809523809524,0.29461357666604626,3,2,440,605,0.6,0.006772009029345372,0.013392857142857142,real_20260706_145031_table2_cluster004_table2_refined_from_identity_easy,real_previous_registration,0.25
6,0.6679596868518441,0.002857142857142857,0.14553655185659856,0.10147559790947473,0.10553655185659855,0.19714285714285715,0.30267940899945567,1,2,442,605,0.3333333333333333,0.002257336343115124,0.004484304932735425,real_20260706_145031_table2_cluster004_table2_refined_from_identity_easy,real_previous_registration,0.25
7,0.6960851056372863,0.0009523809523809524,0.1342672535544371,0.0562216443368184,0.0942672535544371,0.19904761904761906,0.29331487260205613,1,0,442,607,1.0,0.002257336343115124,0.0045045045045045045,real_20260706_145031_table2_cluster004_table2_refined_from_identity_easy,real_previous_registration,0.25
8,0.7183377800335525,0.0009523809523809524,0.1342672535544371,0.0562216443368184,0.0942672535544371,0.19904761904761906,0.29331487260205613,1,0,442,607,1.0,0.002257336343115124,0.0045045045045045045,real_20260706_145031_table2_cluster004_table2_refined_from_identity_easy,real_previous_registration,0.25
0,0.5,0.049523809523809526,0.09495849784242621,0.12550265123008011,0.054958497842426214,0.15047619047619049,0.2054346883186167,10,42,162,836,0.19230769230769232,0.05813953488372093,0.08928571428571427,real_20260706_145031_table2_cluster004_table2_refined_from_identity_hard,real_previous_registration,0.25
1,0.5086697251116893,0.0419047619047619,0.09538727522748634,0.12657479751996126,0.05538727522748634,0.15809523809523812,0.21348251332272447,8,36,164,842,0.18181818181818182,0.046511627906976744,0.07407407407407407,real_20260706_145031_table2_cluster004_table2_refined_from_identity_hard,real_previous_registration,0.25
2,0.5166014579635277,0.03619047619047619,0.09549281291954174,0.12504342904541427,0.055492812919541744,0.16380952380952382,0.21930233672906557,6,32,166,846,0.15789473684210525,0.03488372093023256,0.05714285714285714,real_20260706_145031_table2_cluster004_table2_refined_from_identity_hard,real_previous_registration,0.25
3,0.5238716739471081,0.03238095238095238,0.09595993515615929,0.12495674173836671,0.05595993515615929,0.16761904761904764,0.22357898277520694,5,29,167,849,0.14705882352941177,0.029069767441860465,0.04854368932038835,real_20260706_145031_table2_cluster004_table2_refined_from_identity_hard,real_previous_registration,0.25
4,0.5308992605728068,0.029523809523809525,0.09752175275963682,0.12490595618378884,0.057521752759636814,0.17047619047619048,0.22799794323582728,5,26,167,852,0.16129032258064516,0.029069767441860465,0.04926108374384237,real_20260706_145031_table2_cluster004_table2_refined_from_identity_hard,real_previous_registration,0.25
5,0.5383506131431014,0.029523809523809525,0.09752175275963682,0.12490595618378884,0.057521752759636814,0.17047619047619048,0.22799794323582728,5,26,167,852,0.16129032258064516,0.029069767441860465,0.04926108374384237,real_20260706_145031_table2_cluster004_table2_refined_from_identity_hard,real_previous_registration,0.25
0,0.5,0.011428571428571429,0.19239498497490645,0.0844798356935162,0.15239498497490644,0.18857142857142858,0.34096641354633506,8,4,267,771,0.6666666666666666,0.02909090909090909,0.055749128919860634,real_20260706_145031_table2_cluster004_table2_refined_from_identity_medium,real_previous_registration,0.25
1,0.5526260639160246,0.004761904761904762,0.18112900910624874,0.07380644855559655,0.14112900910624873,0.19523809523809524,0.33636710434434397,4,1,271,774,0.8,0.014545454545454545,0.028571428571428574,real_20260706_145031_table2_cluster004_table2_refined_from_identity_medium,real_previous_registration,0.25
2,0.5987858065643871,0.0019047619047619048,0.177376711562965,0.054384186107036256,0.137376711562965,0.1980952380952381,0.3354719496582031,2,0,273,775,1.0,0.007272727272727273,0.014440433212996389,real_20260706_145031_table2_cluster004_table2_refined_from_identity_medium,real_previous_registration,0.25
3,0.6427122575839648,0.0009523809523809524,0.1528297705662519,0.0490975174580626,0.1128297705662519,0.19904761904761906,0.31187738961387096,1,0,274,775,1.0,0.0036363636363636364,0.007246376811594203,real_20260706_145031_table2_cluster004_table2_refined_from_identity_medium,real_previous_registration,0.25
4,0.6742461904861383,0.0009523809523809524,0.1528297705662519,0.0490975174580626,0.1128297705662519,0.19904761904761906,0.31187738961387096,1,0,274,775,1.0,0.0036363636363636364,0.007246376811594203,real_20260706_145031_table2_cluster004_table2_refined_from_identity_medium,real_previous_registration,0.25
0,0.5,0.04104104104104104,0.07805563031679374,0.32248457563849,0.038055630316793744,0.15895895895895898,0.19701458927575272,0,41,76,882,0.0,0.0,0.0,real_20260706_150131_table3_cluster004_table3_refined_from_identity_easy,real_previous_registration,0.25
1,0.49915794528852697,0.04104104104104104,0.07805563031679374,0.32248457563849,0.038055630316793744,0.15895895895895898,0.19701458927575272,0,41,76,882,0.0,0.0,0.0,real_20260706_150131_table3_cluster004_table3_refined_from_identity_easy,real_previous_registration,0.25
0,0.5,0.002,0.2625853432536921,0.19150852470835567,0.2225853432536921,0.198,0.4205853432536921,0,2,88,910,0.0,0.0,0.0,real_20260706_150131_table3_cluster004_table3_refined_from_identity_medium,real_previous_registration,0.25
1,0.586542671626846,0.0,0.2357627728787333,0.20488803457485313,0.19576277287873328,0.2,0.3957627728787333,0,0,88,912,0.0,0.0,0.0,real_20260706_150131_table3_cluster004_table3_refined_from_identity_medium,real_previous_registration,0.25
2,0.6594240580662127,0.0,0.2357627728787333,0.20488803457485313,0.19576277287873328,0.2,0.3957627728787333,0,0,88,912,0.0,0.0,0.0,real_20260706_150131_table3_cluster004_table3_refined_from_identity_medium,real_previous_registration,0.25
0,0.5,0.0016384489350081922,0.051992110475948296,0.18052307741464158,0.011992110475948295,0.19836155106499181,0.2103536615409401,0,3,156,1672,0.0,0.0,0.0,real_20260706_153654_table_fanuc_cluster000_table1_refined_from_identity_easy,real_previous_registration,0.25
1,0.4812008613548502,0.0038230475150191155,0.05589837050390243,0.19249526256665087,0.01589837050390243,0.1961769524849809,0.21207532298888332,0,7,156,1668,0.0,0.0,0.0,real_20260706_153654_table_fanuc_cluster000_table1_refined_from_identity_easy,real_previous_registration,0.25
2,0.46462792754617877,0.004369197160021846,0.05646115927059237,0.20167794519666415,0.01646115927059237,0.19563080283997816,0.21209196211057052,0,8,156,1667,0.0,0.0,0.0,real_20260706_153654_table_fanuc_cluster000_table1_refined_from_identity_easy,real_previous_registration,0.25
0,0.5,0.009538950715421303,0.06105615117430257,0.12182953221341616,0.021056151174302568,0.19046104928457872,0.21151720045888128,7,11,293,1576,0.3888888888888889,0.023333333333333334,0.04402515723270441,real_20260706_153654_table_fanuc_cluster000_table1_refined_from_identity_hard,real_previous_registration,0.25
1,0.48672044442657897,0.010598834128245893,0.0591717340889336,0.12165182485735353,0.0191717340889336,0.18940116587175412,0.20857289996068773,7,13,293,1574,0.35,0.023333333333333334,0.04375,real_20260706_153654_table_fanuc_cluster000_table1_refined_from_identity_hard,real_previous_registration,0.25
2,0.47263116573707653,0.01377848436671966,0.05843765285309985,0.12392381713255991,0.018437652853099847,0.18622151563328035,0.2046591684863802,8,18,292,1569,0.3076923076923077,0.02666666666666667,0.049079754601227,real_20260706_153654_table_fanuc_cluster000_table1_refined_from_identity_hard,real_previous_registration,0.25
3,0.4585723027094664,0.018547959724430314,0.05772547215566461,0.12211622384542437,0.017725472155664612,0.1814520402755697,0.1991775124312343,11,24,289,1563,0.3142857142857143,0.03666666666666667,0.06567164179104477,real_20260706_153654_table_fanuc_cluster000_table1_refined_from_identity_hard,real_previous_registration,0.25
4,0.44475353375285254,0.026497085320614733,0.062367217084038244,0.12277769639990278,0.022367217084038243,0.17350291467938528,0.19587013176342352,17,33,283,1554,0.34,0.056666666666666664,0.09714285714285716,real_20260706_153654_table_fanuc_cluster000_table1_refined_from_identity_hard,real_previous_registration,0.25
5,0.4342492779599485,0.03232644409114997,0.06343497432264805,0.12413228232738846,0.02343497432264805,0.16767355590885002,0.19110853023149807,22,39,278,1548,0.36065573770491804,0.07333333333333333,0.1218836565096953,real_20260706_153654_table_fanuc_cluster000_table1_refined_from_identity_hard,real_previous_registration,0.25
6,0.42500757063266625,0.0397456279809221,0.06133060209536289,0.12271503432493167,0.02133060209536289,0.1602543720190779,0.1815849741144408,27,48,273,1539,0.36,0.09,0.14400000000000002,real_20260706_153654_table_fanuc_cluster000_table1_refined_from_identity_hard,real_previous_registration,0.25
7,0.41564107517796295,0.04769475357710652,0.061544921114831744,0.12509503276154205,0.021544921114831743,0.1523052464228935,0.17385016753772525,29,61,271,1526,0.32222222222222224,0.09666666666666666,0.14871794871794872,real_20260706_153654_table_fanuc_cluster000_table1_refined_from_identity_hard,real_previous_registration,0.25
8,0.40737537993251716,0.057233704292527825,0.05972986428095649,0.12683842173005055,0.019729864280956487,0.14276629570747218,0.16249615998842867,30,78,270,1509,0.2777777777777778,0.1,0.14705882352941177,real_20260706_153654_table_fanuc_cluster000_table1_refined_from_identity_hard,real_previous_registration,0.25
9,0.39939452510956136,0.06836248012718601,0.057660741797170297,0.12731889749666378,0.017660741797170296,0.131637519872814,0.14929826166998428,34,95,266,1492,0.26356589147286824,0.11333333333333333,0.1585081585081585,real_20260706_153654_table_fanuc_cluster000_table1_refined_from_identity_hard,real_previous_registration,0.25
10,0.3917702060240448,0.08108108108108109,0.05682001364059103,0.13049299801191241,0.016820013640591026,0.11891891891891893,0.13573893255950994,37,116,263,1471,0.24183006535947713,0.12333333333333334,0.16335540838852097,real_20260706_153654_table_fanuc_cluster000_table1_refined_from_identity_hard,real_previous_registration,0.25
11,0.3853153479794754,0.09273979862215156,0.05528782877560268,0.13085704821673974,0.015287828775602683,0.10726020137784845,0.12254803015345113,41,134,259,1453,0.2342857142857143,0.13666666666666666,0.17263157894736844,real_20260706_153654_table_fanuc_cluster000_table1_refined_from_identity_hard,real_previous_registration,0.25
12,0.3795517371950457,0.10492845786963434,0.05294808687704012,0.1301895317624722,0.012948086877040119,0.09507154213036567,0.10801962900740579,46,152,254,1435,0.23232323232323232,0.15333333333333332,0.18473895582329317,real_20260706_153654_table_fanuc_cluster000_table1_refined_from_identity_hard,real_previous_registration,0.25
13,0.37414183786727007,0.11499735029146795,0.05247628258586498,0.13299256999849188,0.01247628258586498,0.08500264970853207,0.09747893229439705,46,171,254,1416,0.2119815668202765,0.15333333333333332,0.17794970986460348,real_20260706_153654_table_fanuc_cluster000_table1_refined_from_identity_hard,real_previous_registration,0.25
14,0.36975464794663604,0.12135665076841548,0.05306259606228044,0.13400823664393618,0.01306259606228044,0.07864334923158453,0.09170594529386497,47,182,253,1405,0.2052401746724891,0.15666666666666668,0.17769376181474483,real_20260706_153654_table_fanuc_cluster000_table1_refined_from_identity_hard,real_previous_registration,0.25
15,0.3664555273238282,0.12983571807101218,0.052359302058812854,0.1337514182071543,0.012359302058812853,0.07016428192898783,0.08252358398780069,48,197,252,1390,0.19591836734693877,0.16,0.17614678899082567,real_20260706_153654_table_fanuc_cluster000_table1_refined_from_identity_hard,real_previous_registration,0.25
16,0.36386464311211114,0.13248542660307366,0.052645806356794334,0.1339114684241826,0.012645806356794333,0.06751457339692635,0.08016037975372067,48,202,252,1385,0.192,0.16,0.17454545454545456,real_20260706_153654_table_fanuc_cluster000_table1_refined_from_identity_hard,real_previous_registration,0.25
17,0.3617482246158925,0.1383147853736089,0.053447360709400746,0.13513251671480928,0.013447360709400745,0.06168521462639112,0.07513257533579187,49,212,251,1375,0.18773946360153257,0.16333333333333333,0.17468805704099818,real_20260706_153654_table_fanuc_cluster000_table1_refined_from_identity_hard,real_previous_registration,0.25
18,0.360761253142294,0.14043455219925807,0.05331164187508136,0.13493017404881594,0.01331164187508136,0.05956544780074194,0.07287708967582329,49,216,251,1371,0.18490566037735848,0.16333333333333333,0.17345132743362832,real_20260706_153654_table_fanuc_cluster000_table1_refined_from_identity_hard,real_previous_registration,0.25
19,0.35997139310474197,0.14096449390567037,0.05331700016393172,0.1348635921585798,0.013317000163931718,0.05903550609432964,0.07235250625826137,49,217,251,1370,0.18421052631578946,0.16333333333333333,0.17314487632508832,real_20260706_153654_table_fanuc_cluster000_table1_refined_from_identity_hard,real_previous_registration,0.25
0,0.5,0.013290802764486975,0.057354536246127054,0.15329947065810623,0.017354536246127053,0.18670919723551305,0.20406373348164009,3,22,304,1552,0.12,0.009771986970684038,0.018072289156626505,real_20260706_153654_table_fanuc_cluster000_table1_refined_from_identity_medium,real_previous_registration,0.25
1,0.4853386184686244,0.01541733120680489,0.06002435367401995,0.14803822090413207,0.020024353674019946,0.18458266879319513,0.20460702246721507,4,25,303,1549,0.13793103448275862,0.013029315960912053,0.023809523809523808,real_20260706_153654_table_fanuc_cluster000_table1_refined_from_identity_medium,real_previous_registration,0.25
2,0.472277961706485,0.018075491759702286,0.06373191058928934,0.14520338598930346,0.02373191058928934,0.1819245082402977,0.20565641882958705,6,28,301,1546,0.17647058823529413,0.019543973941368076,0.03519061583577712,real_20260706_153654_table_fanuc_cluster000_table1_refined_from_identity_medium,real_previous_registration,0.25
3,0.46140335347109246,0.019670388091440724,0.06310502075870464,0.14294722959027334,0.023105020758704638,0.18032961190855928,0.20343463266726391,8,29,299,1545,0.21621621621621623,0.026058631921824105,0.04651162790697675,real_20260706_153654_table_fanuc_cluster000_table1_refined_from_identity_medium,real_previous_registration,0.25
4,0.4504146623618749,0.024986709197235512,0.06851095230145184,0.14151310918672225,0.028510952301451835,0.1750132908027645,0.20352424310421635,12,35,295,1539,0.2553191489361702,0.03908794788273615,0.06779661016949151,real_20260706_153654_table_fanuc_cluster000_table1_refined_from_identity_medium,real_previous_registration,0.25
0,0.5,0.0552423900789177,0.0793363204279456,0.10826400571770296,0.0393363204279456,0.1447576099210823,0.1840939303490279,26,23,65,773,0.5306122448979592,0.2857142857142857,0.37142857142857144,real_20260707_154904_ur10_choko_base_cluster016_base_refined_from_center_v2_medium,real_previous_registration,0.25
1,0.5015734589738375,0.0552423900789177,0.0793363204279456,0.10826400571770296,0.0393363204279456,0.1447576099210823,0.1840939303490279,26,23,65,773,0.5306122448979592,0.2857142857142857,0.37142857142857144,real_20260707_154904_ur10_choko_base_cluster016_base_refined_from_center_v2_medium,real_previous_registration,0.25
0,0.5,0.27607361963190186,0.0630077451938042,0.09511887464576331,0.023007745193804198,0.0,0.023007745193804198,140,220,109,835,0.3888888888888889,0.5622489959839357,0.4597701149425287,wall_column_added_outliers_hard_mixed,added_outliers,0.25
1,0.5115038725969021,0.25920245398773006,0.06450282078608649,0.09449139711899598,0.02450282078608649,0.0,0.02450282078608649,134,204,115,851,0.39644970414201186,0.5381526104417671,0.4565587734241908,wall_column_added_outliers_hard_mixed,added_outliers,0.25
2,0.5237552829899453,0.24233128834355827,0.06597866730372738,0.09237973075465118,0.02597866730372738,0.0,0.02597866730372738,132,184,117,871,0.4177215189873418,0.5301204819277109,0.46725663716814164,wall_column_added_outliers_hard_mixed,added_outliers,0.25
3,0.5367446166418091,0.2308282208588957,0.06715546771392142,0.09105849273730568,0.027155467713921418,0.0,0.027155467713921418,130,171,119,884,0.4318936877076412,0.5220883534136547,0.4727272727272728,wall_column_added_outliers_hard_mixed,added_outliers,0.25
4,0.5503223504987698,0.21088957055214724,0.06907074994483793,0.08963454438974573,0.02907074994483793,0.0,0.02907074994483793,122,153,127,902,0.44363636363636366,0.4899598393574297,0.46564885496183206,wall_column_added_outliers_hard_mixed,added_outliers,0.25
5,0.5648577254711887,0.19248466257668712,0.07072300228989627,0.08832943886792399,0.030723002289896266,0.0075153374233128956,0.03823833971320916,118,133,131,922,0.4701195219123506,0.4738955823293173,0.47200000000000003,wall_column_added_outliers_hard_mixed,added_outliers,0.25
6,0.5792798094382228,0.18021472392638035,0.07180246370375926,0.08670809601191969,0.031802463703759255,0.019785276073619656,0.05158773977737891,113,122,136,933,0.4808510638297872,0.4538152610441767,0.4669421487603305,wall_column_added_outliers_hard_mixed,added_outliers,0.25
7,0.5927078817809,0.16717791411042945,0.07251900736221696,0.08532654881279995,0.03251900736221696,0.03282208588957056,0.06534109325178752,108,110,141,945,0.4954128440366973,0.43373493975903615,0.46252676659528913,wall_column_added_outliers_hard_mixed,added_outliers,0.25
8,0.6048646247258121,0.15644171779141106,0.07359635919104161,0.08445677977630087,0.03359635919104161,0.043558282208588955,0.07715464139963057,103,101,146,954,0.5049019607843137,0.41365461847389556,0.4547461368653421,wall_column_added_outliers_hard_mixed,added_outliers,0.25
9,0.6162180190452593,0.1411042944785276,0.07507789066739422,0.08183064872876326,0.03507789066739422,0.05889570552147241,0.09397359618886664,96,88,153,967,0.5217391304347826,0.3855421686746988,0.44341801385681295,wall_column_added_outliers_hard_mixed,added_outliers,0.25
10,0.6263950011887723,0.13420245398773006,0.07567393774342245,0.08066228173263683,0.035673937743422444,0.06579754601226995,0.1014714837556924,94,81,155,974,0.5371428571428571,0.37751004016064255,0.4433962264150943,wall_column_added_outliers_hard_mixed,added_outliers,0.25
11,0.6360072768089499,0.12653374233128833,0.07738195067017115,0.07867253261753952,0.037381950670171145,0.07346625766871168,0.11084820833888281,91,74,158,981,0.5515151515151515,0.3654618473895582,0.4396135265700483,wall_column_added_outliers_hard_mixed,added_outliers,0.25
12,0.6455149699354464,0.1165644171779141,0.07821260797714125,0.07773889414207935,0.038212607977141246,0.08343558282208591,0.12164819079922715,85,67,164,988,0.5592105263157895,0.3413654618473896,0.4239401496259352,wall_column_added_outliers_hard_mixed,added_outliers,0.25
13,0.6541918260712564,0.11042944785276074,0.07942399450054809,0.07749970703764027,0.039423994500548086,0.08957055214723927,0.12899454664778737,81,63,168,992,0.5625,0.3253012048192771,0.41221374045801523,wall_column_added_outliers_hard_mixed,added_outliers,0.25
14,0.6627075043031255,0.10429447852760736,0.08005869031976248,0.07648004522227858,0.04005869031976248,0.09570552147239265,0.13576421179215514,77,59,172,996,0.5661764705882353,0.3092369477911647,0.4,wall_column_added_outliers_hard_mixed,added_outliers,0.25
15,0.6707736592789577,0.09739263803680982,0.07969205385806084,0.07554361626435545,0.03969205385806084,0.10260736196319019,0.14229941582125102,73,54,176,1001,0.5748031496062992,0.2931726907630522,0.3882978723404255,wall_column_added_outliers_hard_mixed,added_outliers,0.25
16,0.6777937659625893,0.09355828220858896,0.08020249837381158,0.07536173541844292,0.040202498373811575,0.10644171779141105,0.14664421616522264,70,52,179,1003,0.5737704918032787,0.28112449799196787,0.37735849056603776,wall_column_added_outliers_hard_mixed,added_outliers,0.25
17,0.6845898004255687,0.08819018404907976,0.08127678314433415,0.07403366837935214,0.041276783144334146,0.11180981595092025,0.1530865990952544,68,47,181,1008,0.591304347826087,0.27309236947791166,0.3736263736263737,wall_column_added_outliers_hard_mixed,added_outliers,0.25
18,0.6912519650038708,0.07975460122699386,0.0825645711573574,0.07126892078599549,0.04256457115735739,0.12024539877300615,0.16280996993036354,64,40,185,1015,0.6153846153846154,0.2570281124497992,0.3626062322946176,wall_column_added_outliers_hard_mixed,added_outliers,0.25
19,0.6975035757359237,0.07438650306748466,0.08246151513513211,0.07199304939760395,0.04246151513513211,0.12561349693251533,0.16807501206764744,58,39,191,1016,0.5979381443298969,0.23293172690763053,0.3352601156069364,wall_column_added_outliers_hard_mixed,added_outliers,0.25
0,0.5,0.4175217048145225,0.032277223847897656,0.04763975323660903,0.0,0.0,0.0,460,69,458,280,0.8695652173913043,0.5010893246187363,0.635798203178991,wall_column_added_outliers_medium_2,added_outliers,0.25
1,0.5,0.4175217048145225,0.032277223847897656,0.04763975323660903,0.0,0.0,0.0,460,69,458,280,0.8695652173913043,0.5010893246187363,0.635798203178991,wall_column_added_outliers_medium_2,added_outliers,0.25
0,0.5,0.35978004713275724,0.04086555935382588,0.05776274947153673,0.0008655593538258802,0.0,0.0008655593538258802,332,126,313,502,0.7248908296943232,0.5147286821705427,0.6019945602901179,wall_column_added_outliers_medium_3,added_outliers,0.25
1,0.5004327796769129,0.35742340926944227,0.04082680692723066,0.05773630357488089,0.0008268069272306597,0.0,0.0008268069272306597,330,125,315,503,0.7252747252747253,0.5116279069767442,0.6,wall_column_added_outliers_medium_3,added_outliers,0.25
0,0.5,0.32866666666666666,0.03556046173064999,0.06173514579670594,0.0,0.0,0.0,337,156,417,590,0.6835699797160243,0.4469496021220159,0.5404971932638332,wall_column_partial_overlap_hard_mixed,partial_overlap,0.25
1,0.5,0.32866666666666666,0.03556046173064999,0.06173514579670594,0.0,0.0,0.0,337,156,417,590,0.6835699797160243,0.4469496021220159,0.5404971932638332,wall_column_partial_overlap_hard_mixed,partial_overlap,0.25
0,0.5,0.30933333333333335,0.051792933794295684,0.07926578260492238,0.011792933794295683,0.0,0.011792933794295683,240,224,289,747,0.5172413793103449,0.45368620037807184,0.48338368580060426,wall_column_partial_overlap_medium_2,partial_overlap,0.25
1,0.5058964668971478,0.3006666666666667,0.051931207877791714,0.07847825329069515,0.011931207877791714,0.0,0.011931207877791714,237,214,292,757,0.5254988913525499,0.44801512287334594,0.4836734693877552,wall_column_partial_overlap_medium_2,partial_overlap,0.25
2,0.5118620708360437,0.2926666666666667,0.05213262431493618,0.07821517708662813,0.012132624314936176,0.0,0.012132624314936176,233,206,296,765,0.530751708428246,0.44045368620037806,0.48140495867768596,wall_column_partial_overlap_medium_2,partial_overlap,0.25
3,0.5179283829935118,0.284,0.05260562052752252,0.07809790033942392,0.012605620527522517,0.0,0.012605620527522517,226,200,303,771,0.5305164319248826,0.42722117202268434,0.47329842931937177,wall_column_partial_overlap_medium_2,partial_overlap,0.25
4,0.5242311932572731,0.2733333333333333,0.053590323584150404,0.07720438654058052,0.013590323584150403,0.0,0.013590323584150403,222,188,307,783,0.5414634146341464,0.41965973534971646,0.47284345047923326,wall_column_partial_overlap_medium_2,partial_overlap,0.25
5,0.5310263550493483,0.262,0.05380995077058366,0.07661371484791349,0.01380995077058366,0.0,0.01380995077058366,215,178,314,793,0.5470737913486005,0.4064272211720227,0.46637744034707157,wall_column_partial_overlap_medium_2,partial_overlap,0.25
6,0.53793133043464,0.258,0.05357797427962964,0.07609530274776462,0.013577974279629638,0.0,0.013577974279629638,213,174,316,797,0.5503875968992248,0.40264650283553877,0.46506550218340614,wall_column_partial_overlap_medium_2,partial_overlap,0.25
7,0.5447203175744548,0.24466666666666667,0.054573809816066306,0.07470440775653549,0.014573809816066305,0.0,0.014573809816066305,208,159,321,812,0.5667574931880109,0.3931947069943289,0.46428571428571425,wall_column_partial_overlap_medium_2,partial_overlap,0.25
8,0.552007222482488,0.23666666666666666,0.05463179718070221,0.07509421018859537,0.014631797180702212,0.0,0.014631797180702212,199,156,330,815,0.5605633802816902,0.3761814744801512,0.45022624434389147,wall_column_partial_overlap_medium_2,partial_overlap,0.25
0,0.5,0.4633333333333333,0.03965708674582989,0.04349682766983897,0.0,0.0,0.0,591,104,524,281,0.8503597122302158,0.5300448430493273,0.6530386740331491,wall_column_partial_overlap_medium_3,partial_overlap,0.25
1,0.5,0.4633333333333333,0.03965708674582989,0.04349682766983897,0.0,0.0,0.0,591,104,524,281,0.8503597122302158,0.5300448430493273,0.6530386740331491,wall_column_partial_overlap_medium_3,partial_overlap,0.25
0,0.5,0.3890063424947146,0.03678082091493257,0.05117930785470453,0.0,0.0,0.0,433,119,387,480,0.7844202898550725,0.5280487804878049,0.631195335276968,wall_column_scene_change_hard_mixed,scene_change,0.25
1,0.5,0.3890063424947146,0.03678082091493257,0.05117930785470453,0.0,0.0,0.0,433,119,387,480,0.7844202898550725,0.5280487804878049,0.631195335276968,wall_column_scene_change_hard_mixed,scene_change,0.25
0,0.5,0.42217484008528783,0.03657336400373009,0.057470557297802934,0.0,0.0,0.0,438,156,383,430,0.7373737373737373,0.5334957369062119,0.6190812720848056,wall_column_scene_change_medium_2,scene_change,0.25
1,0.5,0.42217484008528783,0.03657336400373009,0.057470557297802934,0.0,0.0,0.0,438,156,383,430,0.7373737373737373,0.5334957369062119,0.6190812720848056,wall_column_scene_change_medium_2,scene_change,0.25
0,0.5,0.31236283833211415,0.06707360447920672,0.06970769373863217,0.027073604479206724,0.0,0.027073604479206724,268,159,234,706,0.6276346604215457,0.5338645418326693,0.5769644779332616,wall_column_scene_change_medium_3,scene_change,0.25
1,0.5135368022396034,0.2991953182150695,0.0668625195625038,0.06895357513398052,0.026862519562503802,0.0,0.026862519562503802,260,149,242,716,0.6356968215158925,0.5179282868525896,0.570801317233809,wall_column_scene_change_medium_3,scene_change,0.25
2,0.5269680620208553,0.2831016825164594,0.06694964440940078,0.06801951665611555,0.02694964440940078,0.0,0.02694964440940078,251,136,251,729,0.648578811369509,0.5,0.5646794150731158,wall_column_scene_change_medium_3,scene_change,0.25
0,0.5,0.3466666666666667,0.060022024773745686,0.07296233798611446,0.020022024773745685,0.0,0.020022024773745685,288,232,193,787,0.5538461538461539,0.5987525987525988,0.5754245754245754,wall_column_static_noise_hard_mixed,static_noise,0.25
1,0.5100110123868729,0.3293333333333333,0.060798586205645905,0.07215121473191577,0.020798586205645904,0.0,0.020798586205645904,279,215,202,804,0.5647773279352226,0.58004158004158,0.5723076923076924,wall_column_static_noise_hard_mixed,static_noise,0.25
2,0.5204103054896958,0.31066666666666665,0.06146918692587041,0.07154771699422484,0.02146918692587041,0.0,0.02146918692587041,266,200,215,819,0.5708154506437768,0.553014553014553,0.5617740232312566,wall_column_static_noise_hard_mixed,static_noise,0.25
3,0.5311448989526311,0.296,0.06238210463919872,0.07076439662107883,0.02238210463919872,0.0,0.02238210463919872,257,187,224,832,0.5788288288288288,0.5343035343035343,0.5556756756756757,wall_column_static_noise_hard_mixed,static_noise,0.25
4,0.5423359512722304,0.2773333333333333,0.06321793813315081,0.06946483257038455,0.02321793813315081,0.0,0.02321793813315081,246,170,235,849,0.5913461538461539,0.5114345114345115,0.5484949832775919,wall_column_static_noise_hard_mixed,static_noise,0.25
5,0.5539449203388058,0.262,0.06419902585856826,0.06849029573225252,0.024199025858568264,0.0,0.024199025858568264,236,157,245,862,0.6005089058524173,0.49064449064449067,0.540045766590389,wall_column_static_noise_hard_mixed,static_noise,0.25
6,0.56604443326809,0.248,0.06456009433081786,0.06809212951259778,0.024560094330817857,0.0,0.024560094330817857,222,150,259,869,0.5967741935483871,0.46153846153846156,0.5205158264947246,wall_column_static_noise_hard_mixed,static_noise,0.25
7,0.5783244804334989,0.23466666666666666,0.06504299820332184,0.0670890871307973,0.025042998203321835,0.0,0.025042998203321835,215,137,266,882,0.6107954545454546,0.446985446985447,0.5162064825930371,wall_column_static_noise_hard_mixed,static_noise,0.25
8,0.5908459795351598,0.21533333333333332,0.06542548570117272,0.06577628905861432,0.02542548570117272,0.0,0.02542548570117272,200,123,281,896,0.6191950464396285,0.4158004158004158,0.4975124378109453,wall_column_static_noise_hard_mixed,static_noise,0.25
9,0.6035587223857461,0.19866666666666666,0.06567936878588661,0.0651237805355252,0.025679368785886607,0.001333333333333353,0.02701270211921996,187,111,294,908,0.62751677852349,0.3887733887733888,0.48010269576379977,wall_column_static_noise_hard_mixed,static_noise,0.25
10,0.6162317401120228,0.18866666666666668,0.06650144786029223,0.06353620998697088,0.02650144786029223,0.011333333333333334,0.037834781193625565,183,100,298,919,0.6466431095406361,0.3804573804573805,0.4790575916230367,wall_column_static_noise_hard_mixed,static_noise,0.25
11,0.6280657973755022,0.176,0.0660161318566039,0.06470815468525393,0.026016131856603904,0.02400000000000002,0.050016131856603925,167,97,314,922,0.6325757575757576,0.3471933471933472,0.4483221476510067,wall_column_static_noise_hard_mixed,static_noise,0.25
12,0.6380738633038041,0.16533333333333333,0.06718137493128358,0.06347854957284489,0.02718137493128358,0.03466666666666668,0.06184804159795026,162,86,319,933,0.6532258064516129,0.3367983367983368,0.4444444444444445,wall_column_static_noise_hard_mixed,static_noise,0.25
13,0.6473312174361125,0.156,0.06832590079298254,0.06278894020823277,0.028325900792982535,0.04400000000000001,0.07232590079298254,154,80,327,939,0.6581196581196581,0.3201663201663202,0.4307692307692308,wall_column_static_noise_hard_mixed,static_noise,0.25
14,0.6559941678326038,0.14333333333333334,0.06895608288192293,0.06240281143058179,0.028956082881922925,0.05666666666666667,0.08562274954858959,141,74,340,945,0.6558139534883721,0.29313929313929316,0.4051724137931035,wall_column_static_noise_hard_mixed,static_noise,0.25
15,0.6633888759402319,0.13666666666666666,0.06847182097780591,0.06239879425961936,0.028471820977805908,0.06333333333333335,0.09180515431113925,134,71,347,948,0.6536585365853659,0.2785862785862786,0.3906705539358601,wall_column_static_noise_hard_mixed,static_noise,0.25
16,0.6697081197624681,0.12733333333333333,0.06907498894944898,0.06073459162594996,0.02907498894944898,0.07266666666666668,0.10174165561611567,129,62,352,957,0.675392670157068,0.2681912681912682,0.38392857142857145,wall_column_static_noise_hard_mixed,static_noise,0.25
17,0.6751622809038593,0.12133333333333333,0.06964955583602937,0.059769021346236385,0.029649555836029372,0.07866666666666668,0.10831622250269604,124,58,357,961,0.6813186813186813,0.2577962577962578,0.3740573152337858,wall_column_static_noise_hard_mixed,static_noise,0.25
18,0.6801537254885407,0.11666666666666667,0.07003136458350823,0.05860338970531487,0.030031364583508226,0.08333333333333334,0.11336469791684156,121,54,360,965,0.6914285714285714,0.2515592515592516,0.36890243902439024,wall_column_static_noise_hard_mixed,static_noise,0.25
19,0.6847527411136282,0.112,0.06991635473523845,0.0587365655161314,0.029916354735238453,0.08800000000000001,0.11791635473523845,116,52,365,967,0.6904761904761905,0.24116424116424118,0.35747303543913717,wall_column_static_noise_hard_mixed,static_noise,0.25
0,0.5,0.324,0.04786748735409332,0.0885084886606152,0.007867487354093317,0.0,0.007867487354093317,210,276,213,801,0.43209876543209874,0.49645390070921985,0.46204620462046203,wall_column_static_noise_medium_2,static_noise,0.25
1,0.5039337436770467,0.31533333333333335,0.04772821162404454,0.08852012171045522,0.007728211624044537,0.0,0.007728211624044537,201,272,222,805,0.4249471458773784,0.475177304964539,0.44866071428571425,wall_column_static_noise_medium_2,static_noise,0.25
2,0.5077978494890689,0.31333333333333335,0.047716759340931114,0.08858635973264344,0.007716759340931113,0.0,0.007716759340931113,199,271,224,806,0.42340425531914894,0.47044917257683216,0.4456886898096305,wall_column_static_noise_medium_2,static_noise,0.25
0,0.5,0.428,0.032147924561225935,0.05928296600916604,0.0,0.0,0.0,457,185,401,457,0.7118380062305296,0.5326340326340326,0.6093333333333334,wall_column_static_noise_medium_3,static_noise,0.25
1,0.5,0.428,0.032147924561225935,0.05928296600916604,0.0,0.0,0.0,457,185,401,457,0.7118380062305296,0.5326340326340326,0.6093333333333334,wall_column_static_noise_medium_3,static_noise,0.25
0,0.5,0.23466666666666666,0.06881461182856267,0.08104811826293493,0.028814611828562674,0.0,0.028814611828562674,180,172,231,917,0.5113636363636364,0.43795620437956206,0.47182175622542594,wall_column_strong_noise_hard_mixed,strong_noise,0.25
1,0.5144073059142813,0.21266666666666667,0.0700950304194585,0.07966271120329495,0.030095030419458497,0.0,0.030095030419458497,167,152,244,937,0.5235109717868338,0.40632603406326034,0.4575342465753424,wall_column_strong_noise_hard_mixed,strong_noise,0.25
2,0.5294548211240105,0.192,0.06940864640424317,0.07954259368274091,0.02940864640424317,0.008000000000000007,0.03740864640424318,151,137,260,952,0.5243055555555556,0.36739659367396593,0.43204577968526464,wall_column_strong_noise_hard_mixed,strong_noise,0.25
3,0.5431591443261321,0.174,0.07049856625111753,0.07842452477473556,0.030498566251117527,0.026000000000000023,0.05649856625111755,138,123,273,966,0.5287356321839081,0.3357664233576642,0.4107142857142857,wall_column_strong_noise_hard_mixed,strong_noise,0.25
4,0.5551584274516909,0.164,0.07114764894772574,0.07813079904030293,0.031147648947725738,0.036000000000000004,0.06714764894772574,132,114,279,975,0.5365853658536586,0.32116788321167883,0.4018264840182648,wall_column_strong_noise_hard_mixed,strong_noise,0.25
5,0.5662322519255537,0.148,0.0703970187194139,0.07859132099868607,0.030397018719413894,0.05200000000000002,0.0823970187194139,120,102,291,987,0.5405405405405406,0.291970802919708,0.3791469194312796,wall_column_strong_noise_hard_mixed,strong_noise,0.25
6,0.5749307612852607,0.13933333333333334,0.0723880523327724,0.07726910401951465,0.0323880523327724,0.060666666666666674,0.09305471899943907,118,91,293,998,0.5645933014354066,0.2871046228710462,0.3806451612903225,wall_column_strong_noise_hard_mixed,strong_noise,0.25
7,0.5835414541183135,0.13266666666666665,0.0734542761750834,0.07556422569995293,0.033454276175083404,0.06733333333333336,0.10078760950841675,116,83,295,1006,0.5829145728643216,0.2822384428223844,0.380327868852459,wall_column_strong_noise_hard_mixed,strong_noise,0.25
8,0.5918519255391885,0.12466666666666666,0.07440981793820793,0.07521670500923268,0.03440981793820793,0.07533333333333335,0.10974315127154127,109,78,302,1011,0.5828877005347594,0.26520681265206814,0.36454849498327757,wall_column_strong_noise_hard_mixed,strong_noise,0.25
9,0.5996401678416258,0.12066666666666667,0.07415010014978618,0.07496844776740226,0.03415010014978618,0.07933333333333334,0.11348343348311951,106,75,305,1014,0.585635359116022,0.25790754257907544,0.3581081081081081,wall_column_strong_noise_hard_mixed,strong_noise,0.25
10,0.6067985512498522,0.114,0.07328599483740018,0.07522919018958434,0.03328599483740018,0.08600000000000001,0.11928599483740018,100,71,311,1018,0.5847953216374269,0.24330900243309003,0.3436426116838488,wall_column_strong_noise_hard_mixed,strong_noise,0.25
11,0.6126915486685522,0.10933333333333334,0.0725870075521916,0.07553952014041569,0.03258700755219159,0.09066666666666667,0.12325367421885827,96,68,315,1021,0.5853658536585366,0.23357664233576642,0.33391304347826084,wall_column_strong_noise_hard_mixed,strong_noise,0.25
12,0.6176517191113147,0.10666666666666667,0.07228127465752798,0.07520137926123324,0.03228127465752798,0.09333333333333334,0.12561460799086133,94,66,317,1023,0.5875,0.22871046228710462,0.329246935201401,wall_column_strong_noise_hard_mixed,strong_noise,0.25
13,0.622125689773412,0.10066666666666667,0.07388825959495308,0.07392916338951781,0.033888259594953084,0.09933333333333334,0.13322159292828642,91,60,320,1029,0.6026490066225165,0.22141119221411193,0.3238434163701067,wall_column_strong_noise_hard_mixed,strong_noise,0.25
14,0.6266531529042219,0.09466666666666666,0.07418039890946825,0.07286270203761865,0.034180398909468244,0.10533333333333335,0.13951373224280159,88,54,323,1035,0.6197183098591549,0.2141119221411192,0.3182640144665461,wall_column_strong_noise_hard_mixed,strong_noise,0.25
15,0.6305766856922893,0.09133333333333334,0.07544295989862929,0.07142317440697248,0.035442959898629285,0.10866666666666668,0.14410962656529597,86,51,325,1038,0.6277372262773723,0.20924574209245742,0.31386861313868614,wall_column_strong_noise_hard_mixed,strong_noise,0.25
16,0.6347148323082706,0.08666666666666667,0.07534770472144017,0.07101078020745087,0.03534770472144017,0.11333333333333334,0.1486810380547735,82,48,329,1041,0.6307692307692307,0.19951338199513383,0.3031423290203327,wall_column_strong_noise_hard_mixed,strong_noise,0.25
17,0.638222018002324,0.08533333333333333,0.07569647971061422,0.07045122521740932,0.035696479710614216,0.11466666666666668,0.1503631463772809,82,46,329,1043,0.640625,0.19951338199513383,0.3042671614100186,wall_column_strong_noise_hard_mixed,strong_noise,0.25
18,0.6417369245242978,0.08466666666666667,0.07585762937812396,0.06994617419211935,0.03585762937812396,0.11533333333333334,0.1511909627114573,82,45,329,1044,0.6456692913385826,0.19951338199513383,0.3048327137546468,wall_column_strong_noise_hard_mixed,strong_noise,0.25
19,0.6452490725466931,0.08133333333333333,0.07578529385607487,0.07082953307606096,0.035785293856074867,0.11866666666666668,0.15445196052274154,77,45,334,1044,0.6311475409836066,0.1873479318734793,0.28893058161350843,wall_column_strong_noise_hard_mixed,strong_noise,0.25
0,0.5,0.30733333333333335,0.04352813661887001,0.06141702065709072,0.003528136618870012,0.0,0.003528136618870012,355,106,600,439,0.7700650759219089,0.3717277486910995,0.5014124293785311,wall_column_strong_noise_medium_2,strong_noise,0.25
1,0.501764068309435,0.30466666666666664,0.04360057498693301,0.06130106054709795,0.0036005749869330098,0.0,0.0036005749869330098,352,105,603,440,0.7702407002188184,0.36858638743455496,0.4985835694050991,wall_column_strong_noise_medium_2,strong_noise,0.25
0,0.5,0.25733333333333336,0.04720237163952166,0.07949629079003363,0.007202371639521657,0.0,0.007202371639521657,223,163,359,755,0.5777202072538861,0.38316151202749144,0.46074380165289264,wall_column_strong_noise_medium_3,strong_noise,0.25
1,0.5036011858197609,0.25266666666666665,0.04681177876998049,0.07938745309755052,0.006811778769980487,0.0,0.006811778769980487,218,161,364,757,0.575197889182058,0.3745704467353952,0.45369406867845996,wall_column_strong_noise_medium_3,strong_noise,0.25
2,0.5070070752047511,0.24866666666666667,0.04725658484092687,0.07935807939465823,0.007256584840926866,0.0,0.007256584840926866,216,157,366,761,0.579088471849866,0.3711340206185567,0.4523560209424084,wall_column_strong_noise_medium_3,strong_noise,0.25
3,0.5106353676252146,0.242,0.04703084061765135,0.07914952597744138,0.00703084061765135,0.0,0.00703084061765135,209,154,373,764,0.5757575757575758,0.359106529209622,0.44232804232804235,wall_column_strong_noise_medium_3,strong_noise,0.25
4,0.5141507879340402,0.236,0.04685605137985449,0.07960445949314245,0.00685605137985449,0.0,0.00685605137985449,202,152,380,766,0.5706214689265536,0.3470790378006873,0.4316239316239316,wall_column_strong_noise_medium_3,strong_noise,0.25
5,0.5175788136239675,0.22933333333333333,0.04696851241633606,0.079301817378527,0.006968512416336059,0.0,0.006968512416336059,198,146,384,772,0.5755813953488372,0.3402061855670103,0.42764578833693306,wall_column_strong_noise_medium_3,strong_noise,0.25
6,0.5210630698321356,0.22333333333333333,0.04707510122761231,0.07928557429662556,0.007075101227612311,0.0,0.007075101227612311,193,142,389,776,0.5761194029850746,0.3316151202749141,0.420937840785169,wall_column_strong_noise_medium_3,strong_noise,0.25
7,0.5246006204459417,0.21866666666666668,0.046609605453795847,0.07914263352109402,0.006609605453795846,0.0,0.006609605453795846,189,139,393,779,0.5762195121951219,0.3247422680412371,0.4153846153846154,wall_column_strong_noise_medium_3,strong_noise,0.25
8,0.5279054231728396,0.21266666666666667,0.046756806391639746,0.07930125795975322,0.0067568063916397456,0.0,0.0067568063916397456,183,136,399,782,0.5736677115987461,0.31443298969072164,0.40621531631520535,wall_column_strong_noise_medium_3,strong_noise,0.25
9,0.5312838263686595,0.20866666666666667,0.04620014145627763,0.07959446605510628,0.006200141456277626,0.0,0.006200141456277626,178,135,404,783,0.5686900958466453,0.30584192439862545,0.39776536312849164,wall_column_strong_noise_medium_3,strong_noise,0.25
10,0.5343838970967982,0.20333333333333334,0.046198059188336714,0.07944475703367704,0.006198059188336713,0.0,0.006198059188336713,172,133,410,785,0.5639344262295082,0.29553264604810997,0.3878241262683202,wall_column_strong_noise_medium_3,strong_noise,0.25
0,0.5,0.16505576208178438,0.07033423359842532,0.09780030826593014,0.03033423359842532,0.03494423791821563,0.06527847151664096,76,146,149,974,0.34234234234234234,0.3377777777777778,0.3400447427293065,box_sphere_added_outliers_hard_mixed,added_outliers,0.5
1,0.5215981741188714,0.13903345724907062,0.07118591535722206,0.09686887063683287,0.03118591535722206,0.06096654275092939,0.09215245810815145,68,119,157,1001,0.36363636363636365,0.3022222222222222,0.33009708737864074,box_sphere_added_outliers_hard_mixed,added_outliers,0.5
2,0.5375424537883612,0.1241635687732342,0.07089290759443341,0.09575239477827162,0.03089290759443341,0.07583643122676581,0.10672933882119923,61,106,164,1014,0.3652694610778443,0.27111111111111114,0.3112244897959183,box_sphere_added_outliers_hard_mixed,added_outliers,0.5
3,0.5494762535761032,0.11524163568773234,0.07042647312086382,0.09451939817789085,0.03042647312086382,0.08475836431226767,0.11518483743313149,59,96,166,1024,0.38064516129032255,0.26222222222222225,0.3105263157894737,box_sphere_added_outliers_hard_mixed,added_outliers,0.5
4,0.5587131356189001,0.10780669144981413,0.0715293932931789,0.09401466273728437,0.031529393293178894,0.09219330855018588,0.12372270184336479,55,90,170,1030,0.3793103448275862,0.24444444444444444,0.29729729729729726,box_sphere_added_outliers_hard_mixed,added_outliers,0.5
5,0.5671942017745325,0.10111524163568773,0.07296591964149135,0.09376130355994867,0.03296591964149135,0.09888475836431228,0.13185067800580363,53,83,172,1037,0.3897058823529412,0.23555555555555555,0.2936288088642659,box_sphere_added_outliers_hard_mixed,added_outliers,0.5
6,0.5754389318249458,0.09442379182156134,0.0732438116741346,0.09370259763252559,0.0332438116741346,0.10557620817843867,0.13882001985257328,49,78,176,1042,0.3858267716535433,0.21777777777777776,0.27840909090909094,box_sphere_added_outliers_hard_mixed,added_outliers,0.5
7,0.5822886914544707,0.09293680297397769,0.07338585934023557,0.09378883655978018,0.03338585934023557,0.10706319702602232,0.1404490563662579,48,77,177,1043,0.384,0.21333333333333335,0.2742857142857143,box_sphere_added_outliers_hard_mixed,added_outliers,0.5
8,0.5889087515382007,0.08847583643122676,0.07382761278826605,0.09354334004776975,0.03382761278826605,0.11152416356877325,0.1453517763570393,47,72,178,1048,0.3949579831932773,0.2088888888888889,0.2732558139534884,box_sphere_added_outliers_hard_mixed,added_outliers,0.5
9,0.5948553234342734,0.0862453531598513,0.07391836617855638,0.09385350856178992,0.033918366178556376,0.11375464684014872,0.14767301301870508,46,70,179,1050,0.39655172413793105,0.20444444444444446,0.26979472140762467,box_sphere_added_outliers_hard_mixed,added_outliers,0.5
10,0.6003350279027926,0.0795539033457249,0.07412751219764888,0.09254811030213882,0.034127512197648875,0.12044609665427511,0.15457360885192398,45,62,180,1058,0.4205607476635514,0.2,0.27108433734939763,box_sphere_added_outliers_hard_mixed,added_outliers,0.5
11,0.6043510159368727,0.07806691449814127,0.0747750773429144,0.09261296417540442,0.0347750773429144,0.12193308550185875,0.15670816284477315,44,61,181,1059,0.41904761904761906,0.19555555555555557,0.26666666666666666,box_sphere_added_outliers_hard_mixed,added_outliers,0.5
12,0.6086428219043224,0.07657992565055761,0.07497855635351544,0.0924043577440081,0.03497855635351544,0.1234200743494424,0.15839863070295784,44,59,181,1061,0.42718446601941745,0.19555555555555557,0.2682926829268293,box_sphere_added_outliers_hard_mixed,added_outliers,0.5
13,0.6127663596704772,0.07434944237918216,0.07575418096663045,0.09240017466560906,0.035754180966630446,0.12565055762081784,0.16140473858744828,43,57,182,1063,0.43,0.19111111111111112,0.2646153846153846,box_sphere_added_outliers_hard_mixed,added_outliers,0.5
14,0.6171079012319032,0.07360594795539034,0.07603872152194585,0.09316222053244724,0.03603872152194585,0.12639405204460968,0.16243277356655553,42,57,183,1063,0.42424242424242425,0.18666666666666668,0.2592592592592593,box_sphere_added_outliers_hard_mixed,added_outliers,0.5
15,0.6215481097426966,0.06988847583643122,0.07542944338521322,0.09334896147686134,0.03542944338521322,0.1301115241635688,0.16554096754878203,40,54,185,1066,0.425531914893617,0.17777777777777778,0.2507836990595611,box_sphere_added_outliers_hard_mixed,added_outliers,0.5
16,0.6244496720870176,0.06840148698884758,0.07562035601281603,0.09320592769891789,0.035620356012816025,0.13159851301115244,0.16721886902396846,39,53,186,1067,0.42391304347826086,0.17333333333333334,0.24605678233438485,box_sphere_added_outliers_hard_mixed,added_outliers,0.5
17,0.6271703998470456,0.06617100371747212,0.07636301370691158,0.0927344229589788,0.03636301370691158,0.1338289962825279,0.17019200998943948,38,51,187,1069,0.42696629213483145,0.1688888888888889,0.24203821656050953,box_sphere_added_outliers_hard_mixed,added_outliers,0.5
18,0.6300761644833252,0.06468401486988848,0.07709523570449796,0.09245599509997755,0.03709523570449796,0.13531598513011153,0.1724112208346095,38,49,187,1071,0.4367816091954023,0.1688888888888889,0.24358974358974364,box_sphere_added_outliers_hard_mixed,added_outliers,0.5
19,0.6333424039052953,0.06022304832713755,0.0782759196618917,0.09147388593690747,0.03827591966189169,0.13977695167286247,0.17805287133475417,36,45,189,1075,0.4444444444444444,0.16,0.23529411764705882,box_sphere_added_outliers_hard_mixed,added_outliers,0.5
0,0.5,0.24307692307692308,0.05193778443095296,0.07140812589525608,0.01193778443095296,0.0,0.01193778443095296,203,113,351,633,0.6424050632911392,0.3664259927797834,0.4666666666666667,box_sphere_added_outliers_medium_2,added_outliers,0.5
1,0.511937784430953,0.22538461538461538,0.051288770649461246,0.07099436568489255,0.011288770649461245,0.0,0.011288770649461245,190,103,364,643,0.6484641638225256,0.34296028880866425,0.448642266824085,box_sphere_added_outliers_medium_2,added_outliers,0.5
2,0.5232265550804142,0.20692307692307693,0.050911058864286235,0.07063482263769419,0.010911058864286234,0.0,0.010911058864286234,176,93,378,653,0.654275092936803,0.3176895306859206,0.4277035236938032,box_sphere_added_outliers_medium_2,added_outliers,0.5
3,0.5341376139447004,0.19538461538461538,0.05063574657620125,0.07063945975018976,0.010635746576201248,0.004615384615384632,0.01525113119158588,169,85,385,661,0.6653543307086615,0.30505415162454874,0.4183168316831683,box_sphere_added_outliers_medium_2,added_outliers,0.5
4,0.5436195143670555,0.1853846153846154,0.049994175967544935,0.07101061536562778,0.009994175967544934,0.014615384615384613,0.024609560582929547,160,81,394,665,0.6639004149377593,0.2888086642599278,0.4025157232704402,box_sphere_added_outliers_medium_2,added_outliers,0.5
5,0.5499598441807543,0.17923076923076922,0.049991768435029275,0.07072538571284927,0.009991768435029275,0.02076923076923079,0.030760999204260064,154,79,400,667,0.6609442060085837,0.2779783393501805,0.3913595933926303,box_sphere_added_outliers_medium_2,added_outliers,0.5
6,0.5547593049234758,0.16923076923076924,0.05015976073585227,0.07117229478193511,0.010159760735852272,0.03076923076923077,0.04092899150508304,141,79,413,667,0.6409090909090909,0.2545126353790614,0.3643410852713178,box_sphere_added_outliers_medium_2,added_outliers,0.5
7,0.5572267579670204,0.1676923076923077,0.05000820025426919,0.07108736346332158,0.01000820025426919,0.032307692307692315,0.042315892561961506,140,78,414,668,0.6422018348623854,0.2527075812274368,0.3626943005181347,box_sphere_added_outliers_medium_2,added_outliers,0.5
8,0.5591580351443665,0.16615384615384615,0.04998460340085988,0.07101981805551202,0.009984603400859882,0.03384615384615386,0.04383075724701374,139,77,415,669,0.6435185185185185,0.2509025270758123,0.3610389610389611,box_sphere_added_outliers_medium_2,added_outliers,0.5
9,0.5606811000836879,0.16384615384615384,0.04992348227880475,0.0710021627360573,0.009923482278804747,0.036153846153846175,0.04607732843265092,137,76,417,670,0.6431924882629108,0.24729241877256317,0.3572359843546284,box_sphere_added_outliers_medium_2,added_outliers,0.5
10,0.5615661208240311,0.16307692307692306,0.049791450157060026,0.07105790037734726,0.009791450157060025,0.03692307692307695,0.04671452708013697,136,76,418,670,0.6415094339622641,0.24548736462093862,0.35509138381201044,box_sphere_added_outliers_medium_2,added_outliers,0.5
11,0.5621268017503219,0.16153846153846155,0.04998334960918862,0.07081105029880796,0.009983349609188619,0.038461538461538464,0.04844488807072708,136,74,418,672,0.6476190476190476,0.24548736462093862,0.35602094240837695,box_sphere_added_outliers_medium_2,added_outliers,0.5
12,0.5624947667441259,0.16153846153846155,0.04998334960918862,0.07081105029880796,0.009983349609188619,0.038461538461538464,0.04844488807072708,136,74,418,672,0.6476190476190476,0.24548736462093862,0.35602094240837695,box_sphere_added_outliers_medium_2,added_outliers,0.5
0,0.5,0.17022900763358778,0.08370166715699716,0.10040799125719792,0.04370166715699716,0.02977099236641223,0.0734726595234094,64,159,82,1005,0.28699551569506726,0.4383561643835616,0.34688346883468835,box_sphere_added_outliers_medium_3,added_outliers,0.5
1,0.5362589190653941,0.12900763358778625,0.08741847955879774,0.09716662687428265,0.04741847955879774,0.07099236641221376,0.11841084597101151,54,115,92,1049,0.31952662721893493,0.3698630136986301,0.34285714285714286,box_sphere_added_outliers_medium_3,added_outliers,0.5
2,0.5659293070211384,0.10458015267175573,0.08866783947134017,0.09640469921972884,0.04866783947134017,0.09541984732824428,0.14408768679958445,46,91,100,1073,0.3357664233576642,0.3150684931506849,0.3250883392226148,box_sphere_added_outliers_medium_3,added_outliers,0.5
3,0.5907421846604175,0.09083969465648854,0.08812204513000153,0.09531636520114263,0.04812204513000153,0.10916030534351147,0.157282350473513,41,78,105,1086,0.3445378151260504,0.2808219178082192,0.309433962264151,box_sphere_added_outliers_medium_3,added_outliers,0.5
4,0.6115741534545411,0.08244274809160305,0.08868162969430661,0.09598736858008182,0.04868162969430661,0.11755725190839696,0.16623888160270356,36,72,110,1092,0.3333333333333333,0.2465753424657534,0.28346456692913385,box_sphere_added_outliers_medium_3,added_outliers,0.5
5,0.6308664701717485,0.06793893129770992,0.09069709515604293,0.09544321074527025,0.05069709515604293,0.1320610687022901,0.18275816385833302,29,60,117,1104,0.3258426966292135,0.19863013698630136,0.24680851063829787,box_sphere_added_outliers_medium_3,added_outliers,0.5
6,0.6485482981522188,0.059541984732824425,0.09297391483774885,0.09399868764958394,0.052973914837748846,0.14045801526717558,0.19343193010492443,26,52,120,1112,0.3333333333333333,0.1780821917808219,0.23214285714285715,box_sphere_added_outliers_medium_3,added_outliers,0.5
7,0.6664077091731737,0.051908396946564885,0.09310077731251418,0.09237252445175527,0.053100777312514176,0.14809160305343513,0.2011923803659493,22,46,124,1118,0.3235294117647059,0.1506849315068493,0.205607476635514,box_sphere_added_outliers_medium_3,added_outliers,0.5
8,0.6824855857223291,0.044274809160305344,0.09309335287626014,0.09440386571215492,0.05309335287626014,0.15572519083969466,0.2088185437159548,18,40,128,1124,0.3103448275862069,0.1232876712328767,0.17647058823529413,box_sphere_added_outliers_medium_3,added_outliers,0.5
9,0.6966476408886656,0.03816793893129771,0.09428739647657458,0.09251424782417081,0.05428739647657458,0.1618320610687023,0.21611945754527687,17,33,129,1131,0.34,0.11643835616438356,0.17346938775510204,box_sphere_added_outliers_medium_3,added_outliers,0.5
10,0.7104770220980646,0.031297709923664124,0.09882443226162395,0.08985992999090309,0.05882443226162395,0.1687022900763359,0.22752672233795984,15,26,131,1138,0.36585365853658536,0.10273972602739725,0.16042780748663102,box_sphere_added_outliers_medium_3,added_outliers,0.5
11,0.7271258818406046,0.026717557251908396,0.09973466786598503,0.09062675113275041,0.05973466786598503,0.17328244274809163,0.23301711061407665,13,22,133,1142,0.37142857142857144,0.08904109589041095,0.143646408839779,box_sphere_added_outliers_medium_3,added_outliers,0.5
12,0.7435399390195667,0.022137404580152672,0.10319671371962726,0.08953168698856455,0.06319671371962726,0.17786259541984734,0.2410593091394746,12,17,134,1147,0.41379310344827586,0.0821917808219178,0.13714285714285712,box_sphere_added_outliers_medium_3,added_outliers,0.5
13,0.7622710038842322,0.01450381679389313,0.10523516918162723,0.0876966563119327,0.06523516918162722,0.1854961832061069,0.25073135238773414,9,10,137,1154,0.47368421052631576,0.06164383561643835,0.1090909090909091,box_sphere_added_outliers_medium_3,added_outliers,0.5
14,0.7811321272643327,0.00916030534351145,0.10881274824658425,0.08792954781787177,0.06881274824658426,0.19083969465648856,0.2596524429030728,6,6,140,1158,0.5,0.0410958904109589,0.0759493670886076,box_sphere_added_outliers_medium_3,added_outliers,0.5
15,0.8022349518467948,0.004580152671755725,0.10845947865612492,0.08771057888172194,0.06845947865612492,0.19541984732824427,0.2638793259843692,2,4,144,1160,0.3333333333333333,0.0136986301369863,0.02631578947368421,box_sphere_added_outliers_medium_3,added_outliers,0.5
16,0.8218394686708587,0.0015267175572519084,0.10316850699809799,0.09458305263196425,0.06316850699809798,0.1984732824427481,0.26164178944084604,0,2,146,1162,0.0,0.0,0.0,box_sphere_added_outliers_medium_3,added_outliers,0.5
17,0.8353896550582696,0.0015267175572519084,0.10316850699809799,0.09458305263196425,0.06316850699809798,0.1984732824427481,0.26164178944084604,0,2,146,1162,0.0,0.0,0.0,box_sphere_added_outliers_medium_3,added_outliers,0.5
0,0.5,0.228,0.076683649566835,0.0628236260602325,0.036683649566835,0.0,0.036683649566835,234,108,412,746,0.6842105263157895,0.3622291021671827,0.4736842105263158,box_sphere_partial_overlap_hard_mixed,partial_overlap,0.5
1,0.536683649566835,0.17933333333333334,0.07688006409437609,0.06200920712741666,0.03688006409437609,0.020666666666666667,0.057546730761042754,188,81,458,773,0.6988847583643123,0.29102167182662536,0.41092896174863386,box_sphere_partial_overlap_hard_mixed,partial_overlap,0.5
2,0.5683970469945444,0.14266666666666666,0.07806929721241446,0.061819588779129964,0.038069297212414456,0.05733333333333335,0.0954026305457478,150,64,496,790,0.7009345794392523,0.23219814241486067,0.34883720930232553,box_sphere_partial_overlap_hard_mixed,partial_overlap,0.5
3,0.5921330108736256,0.122,0.07935257656916352,0.05953968329857515,0.039352576569163515,0.07800000000000001,0.11735257656916354,132,51,514,803,0.7213114754098361,0.2043343653250774,0.31845597104945716,box_sphere_partial_overlap_hard_mixed,partial_overlap,0.5
4,0.6119855874427891,0.112,0.07994862576754772,0.05881535865120266,0.039948625767547714,0.08800000000000001,0.12794862576754773,121,47,525,807,0.7202380952380952,0.1873065015479876,0.2972972972972973,box_sphere_partial_overlap_hard_mixed,partial_overlap,0.5
5,0.6299342132103368,0.1,0.07984633653115679,0.05958122449674637,0.03984633653115679,0.1,0.1398463365311568,106,44,540,810,0.7066666666666667,0.16408668730650156,0.2663316582914573,box_sphere_partial_overlap_hard_mixed,partial_overlap,0.5
6,0.6447805497414936,0.08666666666666667,0.08372166006230523,0.05626009494194758,0.04372166006230523,0.11333333333333334,0.15705499339563858,95,35,551,819,0.7307692307692307,0.14705882352941177,0.24484536082474226,box_sphere_partial_overlap_hard_mixed,partial_overlap,0.5
7,0.6601688764704655,0.07666666666666666,0.08611724903528273,0.05503485270898975,0.04611724903528273,0.12333333333333335,0.16945058236861607,85,30,561,824,0.7391304347826086,0.13157894736842105,0.22339027595269384,box_sphere_partial_overlap_hard_mixed,partial_overlap,0.5
8,0.6754527921724149,0.07066666666666667,0.08702232685020364,0.05423937540544124,0.04702232685020364,0.12933333333333336,0.176355660183537,79,27,567,827,0.7452830188679245,0.12229102167182662,0.21010638297872342,box_sphere_partial_overlap_hard_mixed,partial_overlap,0.5
9,0.6901417856892852,0.06066666666666667,0.08727189996330426,0.05393442319317475,0.047271899963304255,0.13933333333333334,0.18660523329663758,68,23,578,831,0.7472527472527473,0.10526315789473684,0.18453188602442333,box_sphere_partial_overlap_hard_mixed,partial_overlap,0.5
10,0.7025803523192561,0.05266666666666667,0.09490746653749259,0.04878413809867468,0.05490746653749259,0.14733333333333334,0.20224079987082594,62,17,584,837,0.7848101265822784,0.09597523219814241,0.17103448275862068,box_sphere_partial_overlap_hard_mixed,partial_overlap,0.5
11,0.7206544855234154,0.04133333333333333,0.09834811444464762,0.04417054860702515,0.058348114444647624,0.15866666666666668,0.2170147811113143,52,10,594,844,0.8387096774193549,0.0804953560371517,0.14689265536723164,box_sphere_partial_overlap_hard_mixed,partial_overlap,0.5
12,0.7393359333013964,0.032,0.10636734360604254,0.036465708839101676,0.06636734360604254,0.168,0.23436734360604256,43,5,603,849,0.8958333333333334,0.06656346749226007,0.12391930835734871,box_sphere_partial_overlap_hard_mixed,partial_overlap,0.5
13,0.7637032769074389,0.023333333333333334,0.11954971577386327,0.02688290051820857,0.07954971577386327,0.17666666666666667,0.2562163824405299,34,1,612,853,0.9714285714285714,0.05263157894736842,0.09985315712187957,box_sphere_partial_overlap_hard_mixed,partial_overlap,0.5
14,0.7990863260146355,0.018666666666666668,0.12582893365628497,0.02591177878461982,0.08582893365628497,0.18133333333333335,0.2671622669896183,27,1,619,853,0.9642857142857143,0.04179566563467492,0.0801186943620178,box_sphere_partial_overlap_hard_mixed,partial_overlap,0.5
15,0.8395819263375871,0.007333333333333333,0.12385022124959998,0.015526232933206702,0.08385022124959998,0.19266666666666668,0.27651688791626666,11,0,635,854,1.0,0.017027863777089782,0.0334855403348554,box_sphere_partial_overlap_hard_mixed,partial_overlap,0.5
16,0.8752654809205204,0.0,0.05718970093390641,0.0965338840447397,0.017189700933906406,0.2,0.2171897009339064,0,0,646,854,0.0,0.0,0.0,box_sphere_partial_overlap_hard_mixed,partial_overlap,0.5
17,0.8424551818544268,0.007333333333333333,0.12385022124959998,0.015526232933206702,0.08385022124959998,0.19266666666666668,0.27651688791626666,11,0,635,854,1.0,0.017027863777089782,0.0334855403348554,box_sphere_partial_overlap_hard_mixed,partial_overlap,0.5
18,0.8781387364373601,0.0,0.05718970093390641,0.0965338840447397,0.017189700933906406,0.2,0.2171897009339064,0,0,646,854,0.0,0.0,0.0,box_sphere_partial_overlap_hard_mixed,partial_overlap,0.5
19,0.8453284373712665,0.007333333333333333,0.12385022124959998,0.015526232933206702,0.08385022124959998,0.19266666666666668,0.27651688791626666,11,0,635,854,1.0,0.017027863777089782,0.0334855403348554,box_sphere_partial_overlap_hard_mixed,partial_overlap,0.5
0,0.5,0.19333333333333333,0.0677871272905244,0.07015240110619847,0.027787127290524398,0.006666666666666682,0.03445379395719108,197,93,440,770,0.6793103448275862,0.3092621664050236,0.42502696871628914,box_sphere_partial_overlap_medium_2,partial_overlap,0.5
1,0.5261204606238578,0.15866666666666668,0.0685874562797526,0.06763137431170202,0.0285874562797526,0.04133333333333333,0.06992078961308593,174,64,463,799,0.7310924369747899,0.2731554160125589,0.39771428571428574,box_sphere_partial_overlap_medium_2,partial_overlap,0.5
2,0.544374583570277,0.13466666666666666,0.07058388351466868,0.06682322997268997,0.030583883514668682,0.06533333333333335,0.09591721684800203,150,52,487,811,0.7425742574257426,0.23547880690737832,0.35756853396901067,box_sphere_partial_overlap_medium_2,partial_overlap,0.5
3,0.5586251337516124,0.118,0.07188471658993684,0.06565908925691462,0.031884716589936836,0.08200000000000002,0.11388471658993685,134,43,503,820,0.7570621468926554,0.21036106750392464,0.32923832923832924,box_sphere_partial_overlap_medium_2,partial_overlap,0.5
4,0.5700098503415492,0.11066666666666666,0.07194125727639195,0.0646859888340962,0.031941257276391945,0.08933333333333335,0.12127459060972529,127,39,510,824,0.7650602409638554,0.19937205651491366,0.3163138231631382,box_sphere_partial_overlap_medium_2,partial_overlap,0.5
5,0.5796177742846078,0.10333333333333333,0.0712889002961336,0.06459693217580337,0.031288900296133605,0.09666666666666668,0.12795556696280028,118,37,519,826,0.7612903225806451,0.18524332810047095,0.29797979797979796,box_sphere_partial_overlap_medium_2,partial_overlap,0.5
6,0.5867400079140748,0.094,0.07115896051744375,0.06330109187148857,0.031158960517443747,0.10600000000000001,0.13715896051744375,107,34,530,829,0.7588652482269503,0.16797488226059654,0.27506426735218503,box_sphere_partial_overlap_medium_2,partial_overlap,0.5
7,0.5913989684315185,0.09,0.07072602982787422,0.06259720030934866,0.030726029827874222,0.11000000000000001,0.14072602982787424,104,31,533,832,0.7703703703703704,0.16326530612244897,0.26943005181347146,box_sphere_partial_overlap_medium_2,partial_overlap,0.5
8,0.5946249982593927,0.088,0.0706082744255893,0.062126768519925775,0.030608274425589298,0.11200000000000002,0.14260827442558932,102,30,535,833,0.7727272727272727,0.16012558869701726,0.26527958387516254,box_sphere_partial_overlap_medium_2,partial_overlap,0.5
9,0.597233272684982,0.084,0.07126069563652501,0.06133552013402432,0.03126069563652501,0.116,0.14726069563652502,98,28,539,835,0.7777777777777778,0.15384615384615385,0.25688073394495414,box_sphere_partial_overlap_medium_2,partial_overlap,0.5
10,0.599493968321507,0.08266666666666667,0.07125410806288217,0.06177119461363163,0.03125410806288217,0.11733333333333335,0.14858744139621552,96,28,541,835,0.7741935483870968,0.15070643642072212,0.25229960578186594,box_sphere_partial_overlap_medium_2,partial_overlap,0.5
11,0.6014147430510559,0.08133333333333333,0.07134715484683063,0.061904377118079425,0.03134715484683063,0.11866666666666668,0.15001382151349732,94,28,543,835,0.7704918032786885,0.14756671899529042,0.24769433465085638,box_sphere_partial_overlap_medium_2,partial_overlap,0.5
12,0.6030952312312199,0.08066666666666666,0.07136635150670473,0.06186331342902716,0.03136635150670473,0.11933333333333335,0.15069968484003807,93,28,544,835,0.768595041322314,0.14599686028257458,0.2453825857519789,box_sphere_partial_overlap_medium_2,partial_overlap,0.5
13,0.6046282494045913,0.08,0.07137721243074188,0.0615838867710806,0.03137721243074188,0.12000000000000001,0.1513772124307419,93,27,544,836,0.775,0.14599686028257458,0.24570673712021135,box_sphere_partial_overlap_medium_2,partial_overlap,0.5
14,0.6060054618353331,0.07866666666666666,0.07129319652800982,0.06145151168223016,0.03129319652800982,0.12133333333333335,0.15262652986134317,92,26,545,837,0.7796610169491526,0.14442700156985872,0.2437086092715232,box_sphere_partial_overlap_medium_2,partial_overlap,0.5
15,0.6069653250300096,0.07866666666666666,0.07129319652800982,0.06145151168223016,0.03129319652800982,0.12133333333333335,0.15262652986134317,92,26,545,837,0.7796610169491526,0.14442700156985872,0.2437086092715232,box_sphere_partial_overlap_medium_2,partial_overlap,0.5
0,0.5,0.14066666666666666,0.09464872760622227,0.09067905844050782,0.05464872760622227,0.05933333333333335,0.11398206093955562,73,138,197,1092,0.3459715639810427,0.27037037037037037,0.30353430353430355,box_sphere_partial_overlap_medium_3,partial_overlap,0.5
1,0.5398153942728889,0.08733333333333333,0.09803259509165398,0.084875819712458,0.058032595091653975,0.11266666666666668,0.17069926175832065,49,82,221,1148,0.37404580152671757,0.1814814814814815,0.24438902743142146,box_sphere_partial_overlap_medium_3,partial_overlap,0.5
2,0.5696813226978762,0.06066666666666667,0.09864486004376544,0.0853593849545077,0.058644860043765436,0.13933333333333334,0.19797819337709877,31,60,239,1170,0.34065934065934067,0.11481481481481481,0.17174515235457066,box_sphere_partial_overlap_medium_3,partial_overlap,0.5
3,0.5934928494083083,0.05333333333333334,0.09886963904619887,0.08167642201982654,0.05886963904619887,0.14666666666666667,0.20553630571286555,30,50,240,1180,0.375,0.1111111111111111,0.17142857142857143,box_sphere_partial_overlap_medium_3,partial_overlap,0.5
4,0.6156958217878404,0.04466666666666667,0.10073858516471304,0.0805802244797672,0.06073858516471304,0.15533333333333335,0.21607191849804638,26,41,244,1189,0.3880597014925373,0.0962962962962963,0.1543026706231454,box_sphere_partial_overlap_medium_3,partial_overlap,0.5
5,0.6376010736192201,0.03933333333333333,0.10266949375895511,0.07830658057818242,0.06266949375895511,0.16066666666666668,0.2233361604256218,25,34,245,1196,0.423728813559322,0.09259259259259259,0.1519756838905775,box_sphere_partial_overlap_medium_3,partial_overlap,0.5
6,0.6601039007115086,0.03333333333333333,0.10343096885622739,0.07626937655145535,0.0634309688562274,0.16666666666666669,0.23009763552289408,22,28,248,1202,0.44,0.08148148148148149,0.13750000000000004,box_sphere_partial_overlap_medium_3,partial_overlap,0.5
7,0.6818682029010693,0.029333333333333333,0.10566254851579676,0.07108844705379334,0.06566254851579675,0.1706666666666667,0.23632921518246344,22,22,248,1208,0.5,0.08148148148148149,0.14012738853503184,box_sphere_partial_overlap_medium_3,partial_overlap,0.5
8,0.7048640847501993,0.026,0.10689750682988094,0.07097836342808929,0.06689750682988094,0.17400000000000002,0.24089750682988095,18,21,252,1209,0.46153846153846156,0.06666666666666667,0.11650485436893204,box_sphere_partial_overlap_medium_3,partial_overlap,0.5
9,0.7282615915800803,0.02266666666666667,0.10866959164297549,0.07076005824605622,0.06866959164297548,0.17733333333333334,0.24600292497630882,15,19,255,1211,0.4411764705882353,0.05555555555555555,0.09868421052631578,box_sphere_partial_overlap_medium_3,partial_overlap,0.5
10,0.7525978498897224,0.017333333333333333,0.1090592808703024,0.06824154524464884,0.06905928087030239,0.18266666666666667,0.2517259475369691,12,14,258,1216,0.46153846153846156,0.044444444444444446,0.0810810810810811,box_sphere_partial_overlap_medium_3,partial_overlap,0.5
11,0.7759904640933581,0.01,0.11252614601238903,0.06424995315272974,0.07252614601238902,0.19,0.262526146012389,7,8,263,1222,0.4666666666666667,0.025925925925925925,0.04912280701754386,box_sphere_partial_overlap_medium_3,partial_overlap,0.5
12,0.8010166101057472,0.007333333333333333,0.11591510522898173,0.059893307659047317,0.07591510522898173,0.19266666666666668,0.2685817718956484,6,5,264,1225,0.5454545454545454,0.022222222222222223,0.042704626334519574,box_sphere_partial_overlap_medium_3,partial_overlap,0.5
13,0.8287650486680622,0.004,0.11907847336833272,0.05228548254578319,0.07907847336833271,0.196,0.2750784733683327,4,2,266,1228,0.6666666666666666,0.014814814814814815,0.028985507246376812,box_sphere_partial_overlap_medium_3,partial_overlap,0.5
14,0.8588435220363949,0.0013333333333333333,0.10838697242377861,0.11307401983381705,0.06838697242377861,0.19866666666666669,0.2670536390904453,0,2,270,1228,0.0,0.0,0.0,box_sphere_partial_overlap_medium_3,partial_overlap,0.5
15,0.8775638277935068,0.0,0.07920612405746967,0.11295411495704372,0.03920612405746967,0.2,0.2392061240574697,0,0,270,1230,0.0,0.0,0.0,box_sphere_partial_overlap_medium_3,partial_overlap,0.5
16,0.8667699518509765,0.0013333333333333333,0.10838697242377861,0.11307401983381705,0.06838697242377861,0.19866666666666669,0.2670536390904453,0,2,270,1228,0.0,0.0,0.0,box_sphere_partial_overlap_medium_3,partial_overlap,0.5
17,0.8854902576080884,0.0,0.07920612405746967,0.11295411495704372,0.03920612405746967,0.2,0.2392061240574697,0,0,270,1230,0.0,0.0,0.0,box_sphere_partial_overlap_medium_3,partial_overlap,0.5
18,0.8746963816655581,0.0,0.07920612405746967,0.11295411495704372,0.03920612405746967,0.2,0.2392061240574697,0,0,270,1230,0.0,0.0,0.0,box_sphere_partial_overlap_medium_3,partial_overlap,0.5
0,0.5,0.238,0.047220872270003614,0.058702080405221145,0.007220872270003613,0.0,0.007220872270003613,276,81,585,558,0.773109243697479,0.3205574912891986,0.45320197044334976,box_sphere_scene_change_hard_mixed,scene_change,0.5
1,0.5072208722700036,0.224,0.047690668870944475,0.05817099481756313,0.007690668870944474,0.0,0.007690668870944474,262,74,599,565,0.7797619047619048,0.3042973286875726,0.4377610693400167,box_sphere_scene_change_hard_mixed,scene_change,0.5
2,0.5149115411409481,0.21133333333333335,0.04740865439135339,0.05829029128755267,0.007408654391353388,0.0,0.007408654391353388,246,71,615,568,0.7760252365930599,0.2857142857142857,0.41765704584040747,box_sphere_scene_change_hard_mixed,scene_change,0.5
3,0.5223201955323015,0.20133333333333334,0.047402180865510554,0.05817907579297491,0.007402180865510553,0.0,0.007402180865510553,235,67,626,572,0.7781456953642384,0.27293844367015097,0.40412725709372316,box_sphere_scene_change_hard_mixed,scene_change,0.5
0,0.5,0.15466666666666667,0.07187675326250957,0.09719138733129885,0.03187675326250957,0.04533333333333334,0.07721008659584291,63,169,146,1122,0.27155172413793105,0.3014354066985646,0.28571428571428575,box_sphere_scene_change_medium_2,scene_change,0.5
1,0.5205434199291762,0.128,0.07137780306646618,0.09575531553290195,0.03137780306646618,0.07200000000000001,0.10337780306646618,57,135,152,1156,0.296875,0.2727272727272727,0.28428927680798005,box_sphere_scene_change_medium_2,scene_change,0.5
2,0.5339212229956424,0.11733333333333333,0.07184667248754198,0.09568957264963181,0.03184667248754198,0.08266666666666668,0.11451333915420867,54,122,155,1169,0.3068181818181818,0.2583732057416268,0.2805194805194805,box_sphere_scene_change_medium_2,scene_change,0.5
3,0.5451012288165177,0.108,0.07082208258408158,0.09543011122823854,0.030822082584081582,0.09200000000000001,0.12282208258408159,51,111,158,1180,0.3148148148148148,0.24401913875598086,0.2749326145552561,box_sphere_scene_change_medium_2,scene_change,0.5
4,0.5529233114005992,0.1,0.07110183346618144,0.094854986770246,0.031101833466181443,0.1,0.13110183346618146,49,101,160,1190,0.32666666666666666,0.23444976076555024,0.27298050139275765,box_sphere_scene_change_medium_2,scene_change,0.5
5,0.5590251448667807,0.09466666666666666,0.07084486620845207,0.09504725758090508,0.030844866208452067,0.10533333333333335,0.13617819954178542,47,95,162,1196,0.33098591549295775,0.22488038277511962,0.2678062678062679,box_sphere_scene_change_medium_2,scene_change,0.5
6,0.5635366777418994,0.09266666666666666,0.07063255793212705,0.09443205556036899,0.030632557932127054,0.10733333333333335,0.1379658912654604,47,92,162,1199,0.3381294964028777,0.22488038277511962,0.27011494252873564,box_sphere_scene_change_medium_2,scene_change,0.5
7,0.5673359023406931,0.08866666666666667,0.0710104836107414,0.09564075786643221,0.0310104836107414,0.11133333333333334,0.14234381694407475,43,90,166,1201,0.3233082706766917,0.20574162679425836,0.2514619883040935,box_sphere_scene_change_medium_2,scene_change,0.5
8,0.5705130526181011,0.08533333333333333,0.07106955830730999,0.09553771636544267,0.031069558307309987,0.11466666666666668,0.14573622497397667,41,87,168,1204,0.3203125,0.19617224880382775,0.24332344213649848,box_sphere_scene_change_medium_2,scene_change,0.5
9,0.5729159442587445,0.08266666666666667,0.07134972962205438,0.09632947298851127,0.03134972962205438,0.11733333333333335,0.14868306295538772,38,86,171,1205,0.3064516129032258,0.18181818181818182,0.22822822822822822,box_sphere_scene_change_medium_2,scene_change,0.5
10,0.5749323405474656,0.082,0.0714697640647852,0.09637466532354459,0.031469764064785195,0.11800000000000001,0.1494697640647852,38,85,171,1206,0.3089430894308943,0.18181818181818182,0.22891566265060243,box_sphere_scene_change_medium_2,scene_change,0.5
11,0.5769021046122508,0.082,0.0714697640647852,0.09637466532354459,0.031469764064785195,0.11800000000000001,0.1494697640647852,38,85,171,1206,0.3089430894308943,0.18181818181818182,0.22891566265060243,box_sphere_scene_change_medium_2,scene_change,0.5
0,0.5,0.23133333333333334,0.044786636822291184,0.06466642892107159,0.004786636822291183,0.0,0.004786636822291183,265,82,578,575,0.7636887608069164,0.3143534994068802,0.4453781512605042,box_sphere_scene_change_medium_3,scene_change,0.5
1,0.5047866368222912,0.22333333333333333,0.0448241057231619,0.06458095582489355,0.0048241057231619006,0.0,0.0048241057231619006,257,78,586,579,0.7671641791044777,0.30486358244365364,0.4363327674023769,box_sphere_scene_change_medium_3,scene_change,0.5
0,0.5,0.18866666666666668,0.07978265456336711,0.09599952048061365,0.03978265456336711,0.011333333333333334,0.051115987896700445,89,194,141,1076,0.31448763250883394,0.3869565217391304,0.3469785575048733,box_sphere_static_noise_hard_mixed,static_noise,0.5
1,0.5369493212300338,0.128,0.08216133201323401,0.09122029694136559,0.042161332013234014,0.07200000000000001,0.11416133201323403,73,119,157,1151,0.3802083333333333,0.3173913043478261,0.3459715639810427,box_sphere_static_noise_hard_mixed,static_noise,0.5
2,0.5611106532432678,0.10333333333333333,0.08384002704180056,0.08979359820802259,0.04384002704180056,0.09666666666666668,0.14050669370846725,62,93,168,1177,0.4,0.26956521739130435,0.3220779220779221,box_sphere_static_noise_hard_mixed,static_noise,0.5
3,0.5807840136184017,0.09133333333333334,0.08669117905451619,0.0876814588542623,0.04669117905451619,0.10866666666666668,0.15535784572118286,59,78,171,1192,0.4306569343065693,0.2565217391304348,0.32152588555858314,box_sphere_static_noise_hard_mixed,static_noise,0.5
4,0.6003085260062512,0.07666666666666666,0.08881416107471415,0.08389207984612684,0.04881416107471415,0.12333333333333335,0.1721474944080475,54,61,176,1209,0.46956521739130436,0.23478260869565218,0.31304347826086953,box_sphere_static_noise_hard_mixed,static_noise,0.5
5,0.6182893537476319,0.06666666666666667,0.09020419398015138,0.0831590202914181,0.05020419398015138,0.13333333333333336,0.18353752731348474,47,53,183,1217,0.47,0.20434782608695654,0.28484848484848485,box_sphere_static_noise_hard_mixed,static_noise,0.5
6,0.63516021439445,0.05733333333333333,0.09137095160230362,0.08221837420061806,0.051370951602303615,0.14266666666666666,0.19403761826897029,41,45,189,1225,0.47674418604651164,0.1782608695652174,0.25949367088607594,box_sphere_static_noise_hard_mixed,static_noise,0.5
7,0.6508644993300869,0.05,0.09274153511492786,0.08196749078888667,0.05274153511492786,0.15000000000000002,0.20274153511492787,36,39,194,1231,0.48,0.1565217391304348,0.2360655737704918,box_sphere_static_noise_hard_mixed,static_noise,0.5
8,0.6661060344450148,0.04666666666666667,0.09424709748900324,0.0789229223388939,0.05424709748900324,0.15333333333333335,0.2075804308223366,35,35,195,1235,0.5,0.15217391304347827,0.23333333333333334,box_sphere_static_noise_hard_mixed,static_noise,0.5
9,0.6820197986006847,0.037333333333333336,0.09615834904928482,0.07433697330401602,0.056158349049284816,0.16266666666666668,0.2188250157159515,33,23,197,1247,0.5892857142857143,0.14347826086956522,0.23076923076923078,box_sphere_static_noise_hard_mixed,static_noise,0.5
10,0.6975114809833028,0.03133333333333333,0.0984582357577167,0.07585057176418143,0.0584582357577167,0.1686666666666667,0.22712490242438338,25,22,205,1248,0.5319148936170213,0.10869565217391304,0.18050541516245486,box_sphere_static_noise_hard_mixed,static_noise,0.5
11,0.7138030500743529,0.026,0.10006246030036202,0.07473728562494142,0.06006246030036202,0.17400000000000002,0.23406246030036204,22,17,208,1253,0.5641025641025641,0.09565217391304348,0.16356877323420074,box_sphere_static_noise_hard_mixed,static_noise,0.5
12,0.7303655103747149,0.02266666666666667,0.10203532239840292,0.07000762882899568,0.06203532239840292,0.17733333333333334,0.23936865573173627,21,13,209,1257,0.6176470588235294,0.09130434782608696,0.1590909090909091,box_sphere_static_noise_hard_mixed,static_noise,0.5
13,0.7480674994397845,0.019333333333333334,0.10614843574813711,0.0627345016914908,0.06614843574813711,0.18066666666666667,0.24681510241480378,21,8,209,1262,0.7241379310344828,0.09130434782608696,0.16216216216216214,box_sphere_static_noise_hard_mixed,static_noise,0.5
14,0.7690492685212549,0.013333333333333334,0.11170763998205509,0.051702258910244145,0.0717076399820551,0.18666666666666668,0.25837430664872174,17,3,213,1267,0.85,0.07391304347826087,0.136,box_sphere_static_noise_hard_mixed,static_noise,0.5
15,0.7940902418366433,0.009333333333333334,0.12076108346439593,0.052853800040119026,0.08076108346439592,0.19066666666666668,0.2714277501310626,12,2,218,1268,0.8571428571428571,0.05217391304347826,0.09836065573770492,box_sphere_static_noise_hard_mixed,static_noise,0.5
16,0.8271846586343726,0.0033333333333333335,0.12341821678668471,0.06023618392501602,0.0834182167866847,0.19666666666666668,0.28008488345335136,4,1,226,1269,0.8,0.017391304347826087,0.03404255319148936,box_sphere_static_noise_hard_mixed,static_noise,0.5
17,0.8614362087543906,0.0,0.06238161355014618,0.11584505187314025,0.02238161355014618,0.2,0.22238161355014618,0,0,230,1270,0.0,0.0,0.0,box_sphere_static_noise_hard_mixed,static_noise,0.5
18,0.8338178223045368,0.002,0.13355486605649383,0.036457879408067766,0.09355486605649382,0.198,0.29155486605649383,3,0,227,1270,1.0,0.013043478260869565,0.02575107296137339,box_sphere_static_noise_hard_mixed,static_noise,0.5
19,0.8778726883610306,0.0,0.06238161355014618,0.11584505187314025,0.02238161355014618,0.2,0.22238161355014618,0,0,230,1270,0.0,0.0,0.0,box_sphere_static_noise_hard_mixed,static_noise,0.5
0,0.5,0.2886666666666667,0.044509144899652464,0.0678436361374133,0.004509144899652463,0.0,0.004509144899652463,268,165,410,657,0.6189376443418014,0.3952802359882006,0.4824482448244824,box_sphere_static_noise_medium_2,static_noise,0.5
1,0.5045091448996525,0.2806666666666667,0.04466313272373409,0.06728797562792933,0.004663132723734087,0.0,0.004663132723734087,263,158,415,664,0.6247030878859857,0.387905604719764,0.478616924476797,box_sphere_static_noise_medium_2,static_noise,0.5
2,0.5091722776233866,0.27066666666666667,0.04413429256778551,0.06716498886531976,0.004134292567785511,0.0,0.004134292567785511,253,153,425,669,0.6231527093596059,0.37315634218289084,0.4667896678966789,box_sphere_static_noise_medium_2,static_noise,0.5
3,0.5133065701911721,0.268,0.04417195543653427,0.06684932002169398,0.004171955436534272,0.0,0.004171955436534272,251,151,427,671,0.6243781094527363,0.3702064896755162,0.46481481481481485,box_sphere_static_noise_medium_2,static_noise,0.5
0,0.5,0.22666666666666666,0.06834567465345613,0.08530250822169709,0.02834567465345613,0.0,0.02834567465345613,141,199,264,896,0.4147058823529412,0.34814814814814815,0.3785234899328859,box_sphere_static_noise_medium_3,static_noise,0.5
1,0.5283456746534562,0.186,0.06798421502020945,0.08563906405287834,0.027984215020209445,0.014000000000000012,0.04198421502020946,113,166,292,929,0.4050179211469534,0.27901234567901234,0.3304093567251462,box_sphere_static_noise_medium_3,static_noise,0.5
2,0.5528298896736656,0.154,0.06696688730273462,0.0843730521322273,0.026966887302734617,0.04600000000000001,0.07296688730273462,100,131,305,964,0.4329004329004329,0.24691358024691357,0.31446540880503143,box_sphere_static_noise_medium_3,static_noise,0.5
3,0.5682967769764002,0.13,0.06580849340956933,0.08462409613772634,0.02580849340956933,0.07,0.09580849340956935,82,113,323,982,0.4205128205128205,0.20246913580246914,0.2733333333333334,box_sphere_static_noise_medium_3,static_noise,0.5
4,0.5766052703859695,0.11466666666666667,0.06623358696368506,0.08406931491120993,0.02623358696368506,0.08533333333333334,0.1115669202970184,73,99,332,996,0.42441860465116277,0.18024691358024691,0.2530329289428076,box_sphere_static_noise_medium_3,static_noise,0.5
5,0.5815055240163213,0.10933333333333334,0.066635783281349,0.08375831750270497,0.026635783281349003,0.09066666666666667,0.11730244994801567,70,94,335,1001,0.4268292682926829,0.1728395061728395,0.24604569420035144,box_sphere_static_noise_medium_3,static_noise,0.5
6,0.5854746406310036,0.10333333333333333,0.06701039303180163,0.08351438297956668,0.02701039303180163,0.09666666666666668,0.12367705969846832,67,88,338,1007,0.432258064516129,0.1654320987654321,0.2392857142857143,box_sphere_static_noise_medium_3,static_noise,0.5
7,0.5883183669961386,0.1,0.06649243125189398,0.08383299710847926,0.02649243125189398,0.1,0.126492431251894,64,86,341,1009,0.4266666666666667,0.1580246913580247,0.23063063063063063,box_sphere_static_noise_medium_3,static_noise,0.5
8,0.5898107982480326,0.098,0.06632287075403491,0.08416205888349415,0.02632287075403491,0.10200000000000001,0.12832287075403492,61,86,344,1009,0.41496598639455784,0.1506172839506173,0.22101449275362323,box_sphere_static_noise_medium_3,static_noise,0.5
9,0.5906336690020675,0.09666666666666666,0.06679828618007946,0.08380713612603803,0.026798286180079463,0.10333333333333335,0.13013161951341282,61,84,344,1011,0.4206896551724138,0.1506172839506173,0.2218181818181818,box_sphere_static_noise_medium_3,static_noise,0.5
10,0.5915986218488136,0.09533333333333334,0.06648173973421662,0.08368891185379534,0.026481739734216615,0.10466666666666667,0.1311484064008833,61,82,344,1013,0.42657342657342656,0.1506172839506173,0.22262773722627738,box_sphere_static_noise_medium_3,static_noise,0.5
11,0.5919136949163636,0.09533333333333334,0.06648173973421662,0.08368891185379534,0.026481739734216615,0.10466666666666667,0.1311484064008833,61,82,344,1013,0.42657342657342656,0.1506172839506173,0.22262773722627738,box_sphere_static_noise_medium_3,static_noise,0.5
0,0.5,0.08066666666666666,0.06717585571655865,0.08458347820768271,0.02717585571655865,0.11933333333333335,0.146509189049892,50,71,314,1065,0.4132231404958678,0.13736263736263737,0.2061855670103093,box_sphere_strong_noise_hard_mixed,strong_noise,0.5
1,0.4973425223832253,0.08133333333333333,0.06768856018888483,0.08461997356760335,0.027688560188884832,0.11866666666666668,0.14635522685555152,50,72,314,1064,0.4098360655737705,0.13736263736263737,0.20576131687242802,box_sphere_strong_noise_hard_mixed,strong_noise,0.5
2,0.49536441590544344,0.084,0.06697626233265327,0.08622836731848008,0.026976262332653274,0.116,0.1429762623326533,50,76,314,1060,0.3968253968253968,0.13736263736263737,0.20408163265306123,box_sphere_strong_noise_hard_mixed,strong_noise,0.5
3,0.49334067823809674,0.08666666666666667,0.06621167442409899,0.08666271508521911,0.02621167442409899,0.11333333333333334,0.13954500775743234,51,79,313,1057,0.3923076923076923,0.1401098901098901,0.20647773279352227,box_sphere_strong_noise_hard_mixed,strong_noise,0.5
4,0.4912190193288624,0.08933333333333333,0.06583415641499958,0.08735462836630588,0.02583415641499958,0.11066666666666668,0.13650082308166625,51,83,313,1053,0.3805970149253731,0.1401098901098901,0.2048192771084337,box_sphere_strong_noise_hard_mixed,strong_noise,0.5
5,0.48938650907719533,0.09,0.0653468269189682,0.08739905820783246,0.025346826918968203,0.11000000000000001,0.1353468269189682,51,84,313,1052,0.37777777777777777,0.1401098901098901,0.20440881763527055,box_sphere_strong_noise_hard_mixed,strong_noise,0.5
6,0.48723333599616353,0.09333333333333334,0.06460533794921322,0.08751584001335178,0.02460533794921322,0.10666666666666667,0.1312720046158799,53,87,311,1049,0.37857142857142856,0.14560439560439561,0.21031746031746032,box_sphere_strong_noise_hard_mixed,strong_noise,0.5
7,0.48517200727871007,0.09333333333333334,0.06460533794921322,0.08751584001335178,0.02460533794921322,0.10666666666666667,0.1312720046158799,53,87,311,1049,0.37857142857142856,0.14560439560439561,0.21031746031746032,box_sphere_strong_noise_hard_mixed,strong_noise,0.5
0,0.5,0.09666666666666666,0.04540710335179325,0.06785003685008062,0.005407103351793251,0.10333333333333335,0.10874043668512659,96,49,762,593,0.6620689655172414,0.11188811188811189,0.1914257228315055,box_sphere_strong_noise_medium_2,strong_noise,0.5
1,0.4795737700184599,0.11466666666666667,0.04609376363492856,0.06770279121642651,0.006093763634928556,0.08533333333333334,0.0914270969682619,116,56,742,586,0.6744186046511628,0.1351981351981352,0.22524271844660196,box_sphere_strong_noise_medium_2,strong_noise,0.5
2,0.4643342003200551,0.14333333333333334,0.04314531621761349,0.0673154952191242,0.003145316217613492,0.05666666666666667,0.05981198288428016,146,69,712,573,0.6790697674418604,0.17016317016317017,0.2721342031686859,box_sphere_strong_noise_medium_2,strong_noise,0.5
3,0.45331284987100195,0.16333333333333333,0.04079351011781996,0.06762266400055277,0.0007935101178199594,0.03666666666666668,0.03746017678448664,169,76,689,566,0.689795918367347,0.19696969696969696,0.3064369900271985,box_sphere_strong_noise_medium_2,strong_noise,0.5
4,0.4449396933221552,0.18533333333333332,0.040487933812459846,0.06839002937831021,0.00048793381245984535,0.014666666666666689,0.015154600479126534,190,88,668,554,0.6834532374100719,0.22144522144522144,0.3345070422535211,box_sphere_strong_noise_medium_2,strong_noise,0.5
5,0.4417609604679484,0.19733333333333333,0.0404129872439093,0.0686302551418441,0.0004129872439092991,0.0026666666666666783,0.0030796539105759774,199,97,659,545,0.6722972972972973,0.23193473193473194,0.34488734835355284,box_sphere_strong_noise_medium_2,strong_noise,0.5
6,0.441507281045191,0.19733333333333333,0.0404129872439093,0.0686302551418441,0.0004129872439092991,0.0026666666666666783,0.0030796539105759774,199,97,659,545,0.6722972972972973,0.23193473193473194,0.34488734835355284,box_sphere_strong_noise_medium_2,strong_noise,0.5
0,0.5,0.08666666666666667,0.044300037361539035,0.08214631358378788,0.004300037361539034,0.11333333333333334,0.11763337069487237,65,65,488,882,0.5,0.11754068716094032,0.19033674963396777,box_sphere_strong_noise_medium_3,strong_noise,0.5
1,0.4759667040282057,0.11066666666666666,0.0434818361365444,0.08478525494463168,0.003481836136544396,0.08933333333333335,0.09281516946987775,74,92,479,855,0.4457831325301205,0.13381555153707053,0.20584144645340754,box_sphere_strong_noise_medium_3,strong_noise,0.5
2,0.4571152068314167,0.14933333333333335,0.042858198138493446,0.08531674888817072,0.002858198138493445,0.050666666666666665,0.05352486480516011,100,124,453,823,0.44642857142857145,0.18083182640144665,0.2574002574002574,box_sphere_strong_noise_medium_3,strong_noise,0.5
3,0.44730673830324347,0.17,0.04176954520121591,0.08546552022727427,0.0017695452012159094,0.03,0.03176954520121591,113,142,440,805,0.44313725490196076,0.20433996383363473,0.27970297029702973,box_sphere_strong_noise_medium_3,strong_noise,0.5
4,0.4415762835044594,0.17866666666666667,0.04278620680816917,0.08568342096478634,0.00278620680816917,0.021333333333333343,0.024119540141502513,118,150,435,797,0.44029850746268656,0.21338155515370705,0.2874543239951279,box_sphere_strong_noise_medium_3,strong_noise,0.5
5,0.43902915697929523,0.186,0.0429125660981377,0.08629783534711939,0.0029125660981376977,0.014000000000000012,0.01691256609813771,119,160,434,787,0.4265232974910394,0.21518987341772153,0.28605769230769235,box_sphere_strong_noise_medium_3,strong_noise,0.5
6,0.4384417230774329,0.18666666666666668,0.04276616799250053,0.0863438260550984,0.002766167992500526,0.013333333333333336,0.016099501325833862,119,161,434,786,0.425,0.21518987341772153,0.28571428571428575,box_sphere_strong_noise_medium_3,strong_noise,0.5
7,0.4378745577366001,0.18733333333333332,0.0426725683452347,0.08646749148052549,0.002672568345234702,0.012666666666666687,0.01533923501190139,119,162,434,785,0.4234875444839858,0.21518987341772153,0.2853717026378897,box_sphere_strong_noise_medium_3,strong_noise,0.5
8,0.4373804594151681,0.18933333333333333,0.042765801313308295,0.08642830890724126,0.0027658013133082943,0.010666666666666685,0.01343246797997498,120,164,433,783,0.4225352112676056,0.21699819168173598,0.2867383512544803,box_sphere_strong_noise_medium_3,strong_noise,0.5
9,0.43747959406180975,0.18933333333333333,0.042765801313308295,0.08642830890724126,0.0027658013133082943,0.010666666666666685,0.01343246797997498,120,164,433,783,0.4225352112676056,0.21699819168173598,0.2867383512544803,box_sphere_strong_noise_medium_3,strong_noise,0.5
0,0.5,0.328472755180353,0.0591244393679299,0.06994095109487393,0.019124439367929902,0.0,0.019124439367929902,288,140,174,701,0.6728971962616822,0.6233766233766234,0.6471910112359551,boxes_cylinder_added_outliers_hard_mixed,added_outliers,0.5
1,0.51912443936793,0.306216423637759,0.06011791333417109,0.06824368622191933,0.020117913334171088,0.0,0.020117913334171088,273,126,189,715,0.6842105263157895,0.5909090909090909,0.6341463414634148,boxes_cylinder_added_outliers_hard_mixed,added_outliers,0.5
2,0.5392423527021011,0.2816577129700691,0.06206679428452951,0.06664029129330613,0.022066794284529512,0.0,0.022066794284529512,259,108,203,733,0.7057220708446866,0.5606060606060606,0.6248492159227985,boxes_cylinder_added_outliers_hard_mixed,added_outliers,0.5
3,0.5613091469866306,0.25940138142747504,0.06323591736939599,0.06370098556829693,0.023235917369395988,0.0,0.023235917369395988,250,88,212,753,0.7396449704142012,0.5411255411255411,0.625,boxes_cylinder_added_outliers_hard_mixed,added_outliers,0.5
4,0.5845450643560266,0.24251726784343822,0.06333141359722491,0.06325633828761444,0.02333141359722491,0.0,0.02333141359722491,236,80,226,761,0.7468354430379747,0.5108225108225108,0.6066838046272494,boxes_cylinder_added_outliers_hard_mixed,added_outliers,0.5
0,0.5,0.4792156862745098,0.03088904821779578,0.0455143080455005,0.0,0.0,0.0,529,82,391,273,0.8657937806873978,0.575,0.6910516002612672,boxes_cylinder_added_outliers_medium_2,added_outliers,0.5
1,0.5,0.4792156862745098,0.03088904821779578,0.0455143080455005,0.0,0.0,0.0,529,82,391,273,0.8657937806873978,0.575,0.6910516002612672,boxes_cylinder_added_outliers_medium_2,added_outliers,0.5
0,0.5,0.3682170542635659,0.04181594612168766,0.06498619342955253,0.0018159461216876588,0.0,0.0018159461216876588,313,162,270,545,0.6589473684210526,0.5368782161234992,0.5916824196597353,boxes_cylinder_added_outliers_medium_3,added_outliers,0.5
1,0.5018159461216877,0.3643410852713178,0.04163189415223581,0.06483814518207263,0.001631894152235809,0.0,0.001631894152235809,311,159,272,548,0.6617021276595745,0.5334476843910806,0.5906932573599241,boxes_cylinder_added_outliers_medium_3,added_outliers,0.5
2,0.5034478402739235,0.36046511627906974,0.04174397044076492,0.06481852002249922,0.001743970440764922,0.0,0.001743970440764922,308,157,275,550,0.6623655913978495,0.5283018867924528,0.5877862595419847,boxes_cylinder_added_outliers_medium_3,added_outliers,0.5
3,0.5051918107146884,0.3581395348837209,0.041929627826025634,0.06465509792514722,0.001929627826025633,0.0,0.001929627826025633,306,156,277,551,0.6623376623376623,0.5248713550600344,0.585645933014354,boxes_cylinder_added_outliers_medium_3,added_outliers,0.5
4,0.5071214385407141,0.35271317829457366,0.0421542044550701,0.06429262545974813,0.0021542044550700995,0.0,0.0021542044550700995,304,151,279,556,0.6681318681318681,0.5214408233276158,0.5857418111753371,boxes_cylinder_added_outliers_medium_3,added_outliers,0.5
5,0.5092756429957842,0.35038759689922483,0.04198212619964722,0.06443888272835864,0.001982126199647216,0.0,0.001982126199647216,301,151,282,556,0.665929203539823,0.516295025728988,0.5816425120772947,boxes_cylinder_added_outliers_medium_3,added_outliers,0.5
6,0.5112577691954314,0.34806201550387594,0.041980928717293545,0.06446816100425118,0.001980928717293544,0.0,0.001980928717293544,299,150,284,557,0.6659242761692651,0.5128644939965694,0.5794573643410852,boxes_cylinder_added_outliers_medium_3,added_outliers,0.5
0,0.5,0.188,0.08494030284745956,0.11620534302385671,0.044940302847459555,0.01200000000000001,0.056940302847459566,66,216,85,1133,0.23404255319148937,0.4370860927152318,0.30484988452655887,boxes_cylinder_partial_overlap_hard_mixed,partial_overlap,0.5
1,0.5419403028474595,0.14066666666666666,0.08493332028425885,0.11548198875311723,0.044933320284258844,0.05933333333333335,0.10426665361759219,53,158,98,1191,0.25118483412322273,0.3509933774834437,0.292817679558011,boxes_cylinder_partial_overlap_hard_mixed,partial_overlap,0.5
2,0.5720402897983851,0.112,0.08528327186086467,0.1148752418495447,0.045283271860864664,0.08800000000000001,0.13328327186086467,44,124,107,1225,0.2619047619047619,0.2913907284768212,0.27586206896551724,boxes_cylinder_partial_overlap_hard_mixed,partial_overlap,0.5
3,0.5953235616592497,0.082,0.08676337478142501,0.11243232429377208,0.04676337478142501,0.11800000000000001,0.16476337478142503,32,91,119,1258,0.2601626016260163,0.2119205298013245,0.23357664233576642,boxes_cylinder_partial_overlap_hard_mixed,partial_overlap,0.5
4,0.6125869364406747,0.07133333333333333,0.08820351977446259,0.11050126360693044,0.048203519774462585,0.12866666666666668,0.17687018644112926,28,79,123,1270,0.2616822429906542,0.18543046357615894,0.21705426356589147,boxes_cylinder_partial_overlap_hard_mixed,partial_overlap,0.5
5,0.6286237895484706,0.062,0.09126637584812128,0.10847711698178553,0.05126637584812128,0.138,0.18926637584812128,26,67,125,1282,0.27956989247311825,0.17218543046357615,0.21311475409836061,boxes_cylinder_partial_overlap_hard_mixed,partial_overlap,0.5
6,0.6453901653965919,0.05333333333333334,0.09347679376168587,0.10641374797489989,0.05347679376168587,0.14666666666666667,0.20014346042835254,24,56,127,1293,0.3,0.15894039735099338,0.20779220779220783,boxes_cylinder_partial_overlap_hard_mixed,partial_overlap,0.5
7,0.662200292491611,0.04733333333333333,0.09520606507740932,0.10319989619684794,0.05520606507740932,0.15266666666666667,0.207872731744076,24,47,127,1302,0.3380281690140845,0.15894039735099338,0.2162162162162162,boxes_cylinder_partial_overlap_hard_mixed,partial_overlap,0.5
8,0.6792396909023537,0.04066666666666666,0.09653047152558147,0.09808156929916857,0.05653047152558147,0.15933333333333335,0.21586380485891482,24,37,127,1312,0.39344262295081966,0.15894039735099338,0.22641509433962262,boxes_cylinder_partial_overlap_hard_mixed,partial_overlap,0.5
9,0.6959368290946019,0.028666666666666667,0.09852994969984338,0.09586523807957432,0.05852994969984338,0.17133333333333334,0.2298632830331767,18,25,133,1324,0.4186046511627907,0.11920529801324503,0.18556701030927836,boxes_cylinder_partial_overlap_hard_mixed,partial_overlap,0.5
10,0.711633445461112,0.021333333333333333,0.10422416943140506,0.08607427802091146,0.06422416943140505,0.17866666666666667,0.24289083609807172,17,15,134,1334,0.53125,0.11258278145695365,0.18579234972677594,boxes_cylinder_partial_overlap_hard_mixed,partial_overlap,0.5
11,0.7311909482258503,0.016,0.1094392001583137,0.07490493857879454,0.0694392001583137,0.184,0.25343920015831367,16,8,135,1341,0.6666666666666666,0.10596026490066225,0.18285714285714286,boxes_cylinder_partial_overlap_hard_mixed,partial_overlap,0.5
12,0.754630148384164,0.012666666666666666,0.11637442715107489,0.06838006539303963,0.0763744271510749,0.18733333333333335,0.26370776048440825,14,5,137,1344,0.7368421052631579,0.09271523178807947,0.16470588235294117,boxes_cylinder_partial_overlap_hard_mixed,partial_overlap,0.5
13,0.7841712422019056,0.008666666666666666,0.1272172390169805,0.057195631713911656,0.0872172390169805,0.19133333333333336,0.2785505723503139,10,3,141,1346,0.7692307692307693,0.06622516556291391,0.12195121951219512,boxes_cylinder_partial_overlap_hard_mixed,partial_overlap,0.5
14,0.8235551478855527,0.004,0.13609179984720257,0.042448221952389786,0.09609179984720256,0.196,0.29209179984720257,6,0,145,1349,1.0,0.039735099337748346,0.07643312101910829,boxes_cylinder_partial_overlap_hard_mixed,partial_overlap,0.5
15,0.8706469477327553,0.0,0.06287582517316165,0.13901577972332085,0.022875825173161647,0.2,0.22287582517316165,0,0,151,1349,0.0,0.0,0.0,boxes_cylinder_partial_overlap_hard_mixed,partial_overlap,0.5
16,0.8435227729059169,0.0026666666666666666,0.14024836717795527,0.037333890866903,0.10024836717795527,0.19733333333333333,0.2975817005112886,4,0,147,1349,1.0,0.026490066225165563,0.05161290322580646,boxes_cylinder_partial_overlap_hard_mixed,partial_overlap,0.5
17,0.8944378067505389,0.0,0.06287582517316165,0.13901577972332085,0.022875825173161647,0.2,0.22287582517316165,0,0,151,1349,0.0,0.0,0.0,boxes_cylinder_partial_overlap_hard_mixed,partial_overlap,0.5
18,0.8673136319237005,0.0,0.06287582517316165,0.13901577972332085,0.022875825173161647,0.2,0.22287582517316165,0,0,151,1349,0.0,0.0,0.0,boxes_cylinder_partial_overlap_hard_mixed,partial_overlap,0.5
0,0.5,0.316,0.06579120782106966,0.07679638509133503,0.02579120782106966,0.0,0.02579120782106966,245,229,164,862,0.5168776371308017,0.5990220048899756,0.5549263873159684,boxes_cylinder_partial_overlap_medium_2,partial_overlap,0.5
1,0.5257912078210697,0.2866666666666667,0.06713160379532342,0.07551225314009696,0.027131603795323415,0.0,0.027131603795323415,229,201,180,890,0.5325581395348837,0.5599022004889975,0.5458879618593563,boxes_cylinder_partial_overlap_medium_2,partial_overlap,0.5
2,0.5529228116163931,0.24333333333333335,0.06781332377562257,0.07273538690072631,0.027813323775622574,0.0,0.027813323775622574,206,159,203,932,0.5643835616438356,0.5036674816625917,0.5322997416020672,boxes_cylinder_partial_overlap_medium_2,partial_overlap,0.5
3,0.5807361353920157,0.214,0.06835786784125296,0.07129842836801444,0.028357867841252958,0.0,0.028357867841252958,184,137,225,954,0.573208722741433,0.44987775061124696,0.5041095890410959,boxes_cylinder_partial_overlap_medium_2,partial_overlap,0.5
4,0.6090940032332687,0.18733333333333332,0.06780730622155687,0.06983573653455381,0.027807306221556867,0.012666666666666687,0.040473972888223554,164,117,245,974,0.5836298932384342,0.40097799511002447,0.4753623188405797,boxes_cylinder_partial_overlap_medium_2,partial_overlap,0.5
5,0.6337346427881588,0.15866666666666668,0.06946107640519936,0.0668469340184016,0.029461076405199356,0.04133333333333333,0.07079440973853268,147,91,262,1000,0.6176470588235294,0.3594132029339853,0.4544049459041731,boxes_cylinder_partial_overlap_medium_2,partial_overlap,0.5
6,0.6528623858600249,0.14066666666666666,0.06926800573525596,0.06491405689317326,0.02926800573525596,0.05933333333333335,0.0886013390685893,136,75,273,1016,0.6445497630331753,0.33251833740831294,0.43870967741935485,boxes_cylinder_partial_overlap_medium_2,partial_overlap,0.5
7,0.6672970582619475,0.12533333333333332,0.07070162958516571,0.06332757626994347,0.03070162958516571,0.07466666666666669,0.10536829625183239,123,65,286,1026,0.6542553191489362,0.30073349633251834,0.4120603015075377,boxes_cylinder_partial_overlap_medium_2,partial_overlap,0.5
8,0.6793320211804466,0.11533333333333333,0.07160190262493793,0.062162431402836525,0.03160190262493793,0.08466666666666668,0.11626856929160462,115,58,294,1033,0.6647398843930635,0.28117359413202936,0.39518900343642616,boxes_cylinder_partial_overlap_medium_2,partial_overlap,0.5
9,0.6897672571387178,0.10866666666666666,0.0720867947934048,0.060879070589632454,0.032086794793404795,0.09133333333333335,0.12342012812673814,110,53,299,1038,0.6748466257668712,0.26894865525672373,0.38461538461538464,boxes_cylinder_partial_overlap_medium_2,partial_overlap,0.5
10,0.6990207185987892,0.1,0.07290393890349837,0.05894925579386978,0.032903938903498374,0.1,0.1329039389034984,104,46,305,1045,0.6933333333333334,0.254278728606357,0.37209302325581395,boxes_cylinder_partial_overlap_medium_2,partial_overlap,0.5
11,0.7069246575022876,0.098,0.07362926466344687,0.05854203977925561,0.033629264663446866,0.10200000000000001,0.13562926466344688,103,44,306,1047,0.7006802721088435,0.25183374083129584,0.3705035971223022,boxes_cylinder_partial_overlap_medium_2,partial_overlap,0.5
12,0.7150539221657345,0.088,0.07504783743225812,0.05625310388246264,0.035047837432258123,0.11200000000000002,0.14704783743225813,96,36,313,1055,0.7272727272727273,0.23471882640586797,0.35489833641404805,boxes_cylinder_partial_overlap_medium_2,partial_overlap,0.5
13,0.7221017595979926,0.076,0.07606879524135758,0.053510589326810624,0.03606879524135758,0.12400000000000001,0.1600687952413576,87,27,322,1064,0.7631578947368421,0.21271393643031786,0.3326959847036329,boxes_cylinder_partial_overlap_medium_2,partial_overlap,0.5
14,0.7271705548393502,0.07266666666666667,0.07572554595197714,0.0537911010560677,0.03572554595197714,0.12733333333333335,0.1630588792853105,84,25,325,1066,0.7706422018348624,0.20537897310513448,0.32432432432432434,boxes_cylinder_partial_overlap_medium_2,partial_overlap,0.5
15,0.731062767457994,0.06933333333333333,0.07736462207358151,0.05323853042508605,0.03736462207358151,0.13066666666666668,0.1680312887402482,81,23,328,1068,0.7788461538461539,0.1980440097799511,0.31578947368421056,boxes_cylinder_partial_overlap_medium_2,partial_overlap,0.5
16,0.7357607228649089,0.06133333333333333,0.0786977349440381,0.05201199208172186,0.0386977349440381,0.1386666666666667,0.1773644016107048,74,18,335,1073,0.8043478260869565,0.18092909535452323,0.2954091816367265,boxes_cylinder_partial_overlap_medium_2,partial_overlap,0.5
17,0.7397917911422803,0.058,0.07956227913756106,0.051634675791736785,0.03956227913756106,0.14200000000000002,0.18156227913756107,69,18,340,1073,0.7931034482758621,0.1687041564792176,0.27822580645161293,boxes_cylinder_partial_overlap_medium_2,partial_overlap,0.5
18,0.7438540702798414,0.054,0.08141616409193475,0.0492041749779847,0.04141616409193475,0.14600000000000002,0.18741616409193476,66,15,343,1076,0.8148148148148148,0.16136919315403422,0.26938775510204077,boxes_cylinder_partial_overlap_medium_2,partial_overlap,0.5
19,0.7487702343717761,0.052,0.08214133537386797,0.04873689952719586,0.04214133537386797,0.14800000000000002,0.190141335373868,64,14,345,1077,0.8205128205128205,0.15647921760391198,0.26283367556468173,boxes_cylinder_partial_overlap_medium_2,partial_overlap,0.5
0,0.5,0.44666666666666666,0.03606104671052348,0.05336290580842016,0.0,0.0,0.0,574,96,418,412,0.8567164179104477,0.5786290322580645,0.690734055354994,boxes_cylinder_partial_overlap_medium_3,partial_overlap,0.5
1,0.5,0.44666666666666666,0.03606104671052348,0.05336290580842016,0.0,0.0,0.0,574,96,418,412,0.8567164179104477,0.5786290322580645,0.690734055354994,boxes_cylinder_partial_overlap_medium_3,partial_overlap,0.5
0,0.5,0.2929014472777395,0.04539212029986732,0.06619519576255674,0.005392120299867319,0.0,0.005392120299867319,303,122,323,703,0.7129411764705882,0.4840255591054313,0.576593720266413,boxes_cylinder_scene_change_hard_mixed,scene_change,0.5
1,0.5053921202998674,0.2832529290144728,0.04542750536502885,0.06570900096861836,0.0054275053650288466,0.0,0.0054275053650288466,296,115,330,710,0.7201946472019465,0.4728434504792332,0.5708775313404051,boxes_cylinder_scene_change_hard_mixed,scene_change,0.5
0,0.5,0.2980364656381487,0.05360037265390008,0.065167699001513,0.01360037265390008,0.0,0.01360037265390008,273,152,259,742,0.6423529411764706,0.5131578947368421,0.5705329153605015,boxes_cylinder_scene_change_medium_2,scene_change,0.5
1,0.5136003726539001,0.2812061711079944,0.0540446963642208,0.06464026398408042,0.014044696364220802,0.0,0.014044696364220802,258,143,274,751,0.6433915211970075,0.4849624060150376,0.5530546623794212,boxes_cylinder_scene_change_medium_2,scene_change,0.5
2,0.5276450690181209,0.26718092566619916,0.054974026118295986,0.06400529630379798,0.014974026118295986,0.0,0.014974026118295986,246,135,286,759,0.6456692913385826,0.462406015037594,0.538882803943045,boxes_cylinder_scene_change_medium_2,scene_change,0.5
3,0.5426190951364169,0.2482468443197756,0.05620808682933317,0.06235536164110292,0.016208086829333168,0.0,0.016208086829333168,236,118,296,776,0.6666666666666666,0.44360902255639095,0.5327313769751693,boxes_cylinder_scene_change_medium_2,scene_change,0.5
4,0.5588271819657501,0.2300140252454418,0.056253888123702654,0.06229332394867346,0.016253888123702653,0.0,0.016253888123702653,220,108,312,786,0.6707317073170732,0.41353383458646614,0.5116279069767441,boxes_cylinder_scene_change_medium_2,scene_change,0.5
0,0.5,0.46787709497206703,0.024113540462280005,0.04116364609149197,0.0,0.0,0.0,614,56,492,270,0.9164179104477612,0.5551537070524413,0.6914414414414415,boxes_cylinder_scene_change_medium_3,scene_change,0.5
1,0.5,0.46787709497206703,0.024113540462280005,0.04116364609149197,0.0,0.0,0.0,614,56,492,270,0.9164179104477612,0.5551537070524413,0.6914414414414415,boxes_cylinder_scene_change_medium_3,scene_change,0.5
0,0.5,0.414,0.046967980914869534,0.0693356129360616,0.006967980914869533,0.0,0.006967980914869533,379,242,273,606,0.6103059581320451,0.5812883435582822,0.5954438334642577,boxes_cylinder_static_noise_hard_mixed,static_noise,0.5
1,0.5069679809148695,0.3993333333333333,0.04713080295190388,0.06889656434120943,0.007130802951903881,0.0,0.007130802951903881,368,231,284,617,0.6143572621035058,0.5644171779141104,0.5883293365307752,boxes_cylinder_static_noise_hard_mixed,static_noise,0.5
2,0.5140987838667734,0.38866666666666666,0.04741467181747475,0.06849669768173777,0.007414671817474752,0.0,0.007414671817474752,364,219,288,629,0.6243567753001715,0.558282208588957,0.5894736842105263,boxes_cylinder_static_noise_hard_mixed,static_noise,0.5
3,0.5215134556842482,0.37866666666666665,0.04793331789852024,0.06798279398319997,0.00793331789852024,0.0,0.00793331789852024,360,208,292,640,0.6338028169014085,0.5521472392638037,0.5901639344262296,boxes_cylinder_static_noise_hard_mixed,static_noise,0.5
4,0.5294467735827685,0.36533333333333334,0.04791949364940611,0.06777918390286376,0.007919493649406112,0.0,0.007919493649406112,352,196,300,652,0.6423357664233577,0.5398773006134969,0.5866666666666666,boxes_cylinder_static_noise_hard_mixed,static_noise,0.5
0,0.5,0.39,0.04938230378597167,0.0760999073720285,0.009382303785971671,0.0,0.009382303785971671,327,258,210,705,0.558974358974359,0.6089385474860335,0.5828877005347594,boxes_cylinder_static_noise_medium_2,static_noise,0.5
1,0.5093823037859717,0.37733333333333335,0.04934753206593742,0.0758662463574604,0.00934753206593742,0.0,0.00934753206593742,317,249,220,714,0.5600706713780919,0.590316573556797,0.5747960108794197,boxes_cylinder_static_noise_medium_2,static_noise,0.5
0,0.5,0.4013333333333333,0.049621784734043405,0.07565921239846025,0.009621784734043404,0.0,0.009621784734043404,339,263,200,698,0.5631229235880398,0.6289424860853432,0.5942156003505696,boxes_cylinder_static_noise_medium_3,static_noise,0.5
1,0.5096217847340434,0.3893333333333333,0.049031091926100424,0.07545015991162816,0.009031091926100424,0.0,0.009031091926100424,331,253,208,708,0.5667808219178082,0.614100185528757,0.5894924309884239,boxes_cylinder_static_noise_medium_3,static_noise,0.5
2,0.5186528766601438,0.37733333333333335,0.049314121408852135,0.0748890716511397,0.009314121408852134,0.0,0.009314121408852134,324,242,215,719,0.5724381625441696,0.601113172541744,0.5864253393665159,boxes_cylinder_static_noise_medium_3,static_noise,0.5
3,0.5279669980689959,0.36333333333333334,0.049055013496909806,0.07455937990529438,0.009055013496909806,0.0,0.009055013496909806,313,232,226,729,0.5743119266055046,0.5807050092764379,0.5774907749077491,boxes_cylinder_static_noise_medium_3,static_noise,0.5
4,0.5370220115659058,0.35,0.049170061661682224,0.07422553881597091,0.009170061661682223,0.0,0.009170061661682223,303,222,236,739,0.5771428571428572,0.562152133580705,0.569548872180451,boxes_cylinder_static_noise_medium_3,static_noise,0.5
5,0.546192073227588,0.33866666666666667,0.049213020993988846,0.07398285509719521,0.009213020993988845,0.0,0.009213020993988845,294,214,245,747,0.5787401574803149,0.5454545454545454,0.5616045845272206,boxes_cylinder_static_noise_medium_3,static_noise,0.5
0,0.5,0.142,0.07618254222481048,0.10159408133121327,0.03618254222481048,0.058000000000000024,0.09418254222481051,60,153,138,1149,0.28169014084507044,0.30303030303030304,0.29197080291970806,boxes_cylinder_strong_noise_hard_mixed,strong_noise,0.5
1,0.5216825422248105,0.122,0.07809716772103203,0.10067506982881977,0.038097167721032034,0.07800000000000001,0.11609716772103204,52,131,146,1171,0.28415300546448086,0.26262626262626265,0.27296587926509186,boxes_cylinder_strong_noise_hard_mixed,strong_noise,0.5
2,0.5402797099458425,0.09933333333333333,0.0778675974187599,0.09973773072569488,0.0378675974187599,0.10066666666666668,0.13853426408542657,42,107,156,1195,0.28187919463087246,0.21212121212121213,0.24207492795389052,boxes_cylinder_strong_noise_hard_mixed,strong_noise,0.5
3,0.5529806406979357,0.092,0.07853172054924973,0.09998221051399589,0.03853172054924973,0.10800000000000001,0.14653172054924973,39,99,159,1203,0.2826086956521739,0.19696969696969696,0.23214285714285715,boxes_cylinder_strong_noise_hard_mixed,strong_noise,0.5
4,0.5645123612471854,0.084,0.07873443370121122,0.09981500534493398,0.03873443370121122,0.116,0.15473443370121123,34,92,164,1210,0.2698412698412698,0.1717171717171717,0.20987654320987653,boxes_cylinder_strong_noise_hard_mixed,strong_noise,0.5
5,0.5742467949483966,0.08066666666666666,0.07927006667265514,0.09905829519268361,0.03927006667265514,0.11933333333333335,0.1586034000059885,33,88,165,1214,0.2727272727272727,0.16666666666666666,0.20689655172413793,boxes_cylinder_strong_noise_hard_mixed,strong_noise,0.5
6,0.5836835282877184,0.07466666666666667,0.07888320609964843,0.10047590163865595,0.038883206099648425,0.12533333333333335,0.16421653943298178,29,83,169,1219,0.25892857142857145,0.14646464646464646,0.1870967741935484,boxes_cylinder_strong_noise_hard_mixed,strong_noise,0.5
7,0.5912334010540335,0.072,0.07880066093548689,0.09990289631011225,0.03880066093548689,0.128,0.1668006609354869,28,80,170,1222,0.25925925925925924,0.1414141414141414,0.18300653594771243,boxes_cylinder_strong_noise_hard_mixed,strong_noise,0.5
8,0.5980340619895205,0.06866666666666667,0.08012989813611475,0.09967871669573972,0.04012989813611475,0.13133333333333336,0.1714632314694481,27,76,171,1226,0.2621359223300971,0.13636363636363635,0.17940199335548174,boxes_cylinder_strong_noise_hard_mixed,strong_noise,0.5
9,0.6053306267923019,0.06466666666666666,0.07999449620626319,0.09860415872264297,0.039994496206263185,0.13533333333333336,0.17532782953959655,27,70,171,1232,0.27835051546391754,0.13636363636363635,0.18305084745762712,boxes_cylinder_strong_noise_hard_mixed,strong_noise,0.5
10,0.6114917896652318,0.062,0.08014609150302622,0.10005795644067753,0.04014609150302622,0.138,0.17814609150302624,24,69,174,1233,0.25806451612903225,0.12121212121212122,0.16494845360824742,boxes_cylinder_strong_noise_hard_mixed,strong_noise,0.5
11,0.617137881168258,0.058,0.08199150098318052,0.09900767732519207,0.04199150098318052,0.14200000000000002,0.18399150098318054,23,64,175,1238,0.26436781609195403,0.11616161616161616,0.16140350877192983,boxes_cylinder_strong_noise_hard_mixed,strong_noise,0.5
12,0.6236293821514385,0.05733333333333333,0.08223821279057118,0.0982068690374118,0.04223821279057118,0.14266666666666666,0.18490487945723785,23,63,175,1239,0.26744186046511625,0.11616161616161616,0.16197183098591547,boxes_cylinder_strong_noise_hard_mixed,strong_noise,0.5
13,0.630200928275343,0.05466666666666667,0.08365410966097982,0.09855740407759304,0.043654109660979816,0.14533333333333334,0.18898744299431317,22,60,176,1242,0.2682926829268293,0.1111111111111111,0.15714285714285714,boxes_cylinder_strong_noise_hard_mixed,strong_noise,0.5
14,0.6375217046029895,0.048,0.0857509730710832,0.1001085725745495,0.0457509730710832,0.15200000000000002,0.19775097307108322,18,54,180,1248,0.25,0.09090909090909091,0.13333333333333333,boxes_cylinder_strong_noise_hard_mixed,strong_noise,0.5
15,0.6452726776740727,0.04733333333333333,0.08563155819671193,0.10024552248562583,0.045631558196711934,0.15266666666666667,0.1982982248633786,18,53,180,1249,0.2535211267605634,0.09090909090909091,0.13382899628252787,boxes_cylinder_strong_noise_hard_mixed,strong_noise,0.5
16,0.652737569204118,0.046,0.08638502904184465,0.09967905190274345,0.046385029041844654,0.15400000000000003,0.2003850290418447,18,51,180,1251,0.2608695652173913,0.09090909090909091,0.1348314606741573,boxes_cylinder_strong_noise_hard_mixed,strong_noise,0.5
17,0.6606225982459626,0.042666666666666665,0.0867641171330783,0.10003152597475962,0.0467641171330783,0.15733333333333335,0.20409745046641165,16,48,182,1254,0.25,0.08080808080808081,0.12213740458015268,boxes_cylinder_strong_noise_hard_mixed,strong_noise,0.5
18,0.6680533820457075,0.04066666666666666,0.0868703439523639,0.10191367617439066,0.0468703439523639,0.15933333333333335,0.20620367728569725,13,48,185,1254,0.21311475409836064,0.06565656565656566,0.1003861003861004,boxes_cylinder_strong_noise_hard_mixed,strong_noise,0.5
19,0.675090392664738,0.03933333333333333,0.0863768080949157,0.09917533567013447,0.0463768080949157,0.16066666666666668,0.20704347476158239,13,46,185,1256,0.22033898305084745,0.06565656565656566,0.10116731517509728,boxes_cylinder_strong_noise_hard_mixed,strong_noise,0.5
0,0.5,0.17333333333333334,0.05194794944671326,0.08276431195538274,0.011947949446713256,0.026666666666666672,0.03861461611337993,116,144,320,920,0.4461538461538462,0.26605504587155965,0.3333333333333333,boxes_cylinder_strong_noise_medium_2,strong_noise,0.5
1,0.5052812827800466,0.168,0.05102359697513543,0.0829542551640566,0.011023596975135427,0.032,0.04302359697513543,113,139,323,925,0.44841269841269843,0.2591743119266055,0.3284883720930233,boxes_cylinder_strong_noise_medium_2,strong_noise,0.5
2,0.508304879755182,0.16266666666666665,0.051316316622074996,0.08229991559142769,0.011316316622074996,0.03733333333333336,0.04864964995540835,111,133,325,931,0.45491803278688525,0.2545871559633027,0.3264705882352941,boxes_cylinder_strong_noise_medium_2,strong_noise,0.5
3,0.5102878630439237,0.15933333333333333,0.05185697230144886,0.08240948689293608,0.01185697230144886,0.040666666666666684,0.052523638968115544,109,130,327,934,0.4560669456066946,0.25,0.32296296296296295,boxes_cylinder_strong_noise_medium_2,strong_noise,0.5
4,0.5119781686787059,0.158,0.05196867667777173,0.08211020057148402,0.011968676677771732,0.04200000000000001,0.05396867667777174,109,128,327,936,0.459915611814346,0.25,0.32392273402674593,boxes_cylinder_strong_noise_medium_2,strong_noise,0.5
5,0.5134468453564777,0.156,0.05174993368861206,0.08234071701571995,0.01174993368861206,0.04400000000000001,0.05574993368861207,107,127,329,937,0.45726495726495725,0.24541284403669725,0.3194029850746269,boxes_cylinder_strong_noise_medium_2,strong_noise,0.5
6,0.5141967790450898,0.15466666666666667,0.051709788447048585,0.08229521309358581,0.011709788447048584,0.04533333333333334,0.05704312178038192,106,126,330,938,0.45689655172413796,0.24311926605504589,0.31736526946107785,boxes_cylinder_strong_noise_medium_2,strong_noise,0.5
7,0.514573234158805,0.15466666666666667,0.051709788447048585,0.08229521309358581,0.011709788447048584,0.04533333333333334,0.05704312178038192,106,126,330,938,0.45689655172413796,0.24311926605504589,0.31736526946107785,boxes_cylinder_strong_noise_medium_2,strong_noise,0.5
0,0.5,0.14133333333333334,0.07954207757103963,0.0974294737982193,0.039542077571039634,0.05866666666666667,0.09820874423770631,73,139,152,1136,0.3443396226415094,0.3244444444444444,0.3340961098398169,boxes_cylinder_strong_noise_medium_3,strong_noise,0.5
1,0.524875410904373,0.10866666666666666,0.07555519800210159,0.09648031490438772,0.035555198002101586,0.09133333333333335,0.12688853133543493,59,104,166,1171,0.3619631901840491,0.26222222222222225,0.3041237113402062,boxes_cylinder_strong_noise_medium_3,strong_noise,0.5
2,0.5375972755731412,0.09266666666666666,0.07852834479273182,0.0943281269417576,0.038528344792731824,0.10733333333333335,0.14586167812606518,54,85,171,1190,0.38848920863309355,0.24,0.2967032967032967,boxes_cylinder_strong_noise_medium_3,strong_noise,0.5
3,0.5492922870325396,0.07866666666666666,0.0771934417599319,0.09114691483697851,0.037193441759931896,0.12133333333333335,0.15852677509326524,49,69,176,1206,0.4152542372881356,0.21777777777777776,0.28571428571428575,boxes_cylinder_strong_noise_medium_3,strong_noise,0.5
4,0.5561523954591382,0.07133333333333333,0.07665064790452296,0.08969457109600193,0.03665064790452296,0.12866666666666668,0.16531731457118964,48,59,177,1216,0.4485981308411215,0.21333333333333335,0.28915662650602414,boxes_cylinder_strong_noise_medium_3,strong_noise,0.5
5,0.5606363766969945,0.07066666666666667,0.07707592091612547,0.08905923535384601,0.03707592091612547,0.12933333333333336,0.16640925424945882,48,58,177,1217,0.4528301886792453,0.21333333333333335,0.29003021148036257,boxes_cylinder_strong_noise_medium_3,strong_noise,0.5
6,0.5653789642797866,0.06933333333333333,0.07677071595961972,0.08902957031049705,0.03677071595961972,0.13066666666666668,0.1674373826262864,48,56,177,1219,0.46153846153846156,0.21333333333333335,0.2917933130699088,boxes_cylinder_strong_noise_medium_3,strong_noise,0.5
7,0.5694830135727397,0.06666666666666667,0.0777464316425369,0.0882038855927415,0.0377464316425369,0.13333333333333336,0.17107976497587027,48,52,177,1223,0.48,0.21333333333333335,0.2953846153846154,boxes_cylinder_strong_noise_medium_3,strong_noise,0.5
8,0.5738961118819432,0.06466666666666666,0.07656474127003501,0.08837298213563533,0.03656474127003501,0.13533333333333336,0.17189807460336837,47,50,178,1225,0.4845360824742268,0.2088888888888889,0.2919254658385093,boxes_cylinder_strong_noise_medium_3,strong_noise,0.5
9,0.5766275198186449,0.064,0.07701164014391056,0.08857651918007547,0.037011640143910556,0.136,0.17301164014391057,46,50,179,1225,0.4791666666666667,0.20444444444444446,0.28660436137071654,boxes_cylinder_strong_noise_medium_3,strong_noise,0.5
10,0.5796391599625554,0.06266666666666666,0.07741362645092985,0.08835827233615287,0.03741362645092985,0.13733333333333336,0.17474695978426322,45,49,180,1226,0.4787234042553192,0.2,0.2821316614420063,boxes_cylinder_strong_noise_medium_3,strong_noise,0.5
11,0.5827194530801519,0.059333333333333335,0.07651727507869205,0.0888282160198869,0.03651727507869205,0.14066666666666666,0.1771839417453587,42,47,183,1228,0.47191011235955055,0.18666666666666668,0.267515923566879,boxes_cylinder_strong_noise_medium_3,strong_noise,0.5
12,0.5840700614921773,0.058,0.07684019440319038,0.08889768632109697,0.036840194403190384,0.14200000000000002,0.1788401944031904,41,46,184,1229,0.47126436781609193,0.18222222222222223,0.2628205128205128,boxes_cylinder_strong_noise_medium_3,strong_noise,0.5
13,0.5854102558953677,0.056666666666666664,0.07816234375819431,0.08835720832259825,0.03816234375819431,0.14333333333333334,0.18149567709152764,41,44,184,1231,0.4823529411764706,0.18222222222222223,0.2645161290322581,boxes_cylinder_strong_noise_medium_3,strong_noise,0.5
14,0.5877392663202287,0.05466666666666667,0.07801819449614633,0.08697848792891841,0.03801819449614633,0.14533333333333334,0.18335152782947967,41,41,184,1234,0.5,0.18222222222222223,0.2671009771986971,boxes_cylinder_strong_noise_medium_3,strong_noise,0.5
15,0.5894241274830416,0.054,0.07730347301966288,0.08675035187167847,0.03730347301966288,0.14600000000000002,0.1833034730196629,41,40,184,1235,0.5061728395061729,0.18222222222222223,0.2679738562091503,boxes_cylinder_strong_noise_medium_3,strong_noise,0.5
0,0.5,0.20622568093385213,0.07774392595067851,0.1044606576533437,0.03774392595067851,0.0,0.03774392595067851,54,211,82,938,0.2037735849056604,0.39705882352941174,0.26932668329177056,l_shape_added_outliers_hard_mixed,added_outliers,0.5
1,0.5377439259506785,0.16575875486381322,0.08002559678377154,0.10230458452446374,0.04002559678377154,0.03424124513618679,0.07426684191995833,48,165,88,984,0.22535211267605634,0.35294117647058826,0.27507163323782235,l_shape_added_outliers_hard_mixed,added_outliers,0.5
2,0.5692092114504034,0.13618677042801555,0.0805106396909891,0.10068569770510341,0.04051063969098909,0.06381322957198446,0.10432386926297355,44,131,92,1018,0.25142857142857145,0.3235294117647059,0.2829581993569132,l_shape_added_outliers_hard_mixed,added_outliers,0.5
3,0.5937665437483963,0.10894941634241245,0.08456894693637797,0.09895658350688775,0.044568946936377966,0.09105058365758756,0.13561953059396553,37,103,99,1046,0.2642857142857143,0.27205882352941174,0.2681159420289855,l_shape_added_outliers_hard_mixed,added_outliers,0.5
4,0.6155728447703774,0.0933852140077821,0.08487467371487384,0.09954833101529985,0.04487467371487384,0.10661478599221791,0.15148945970709174,32,88,104,1061,0.26666666666666666,0.23529411764705882,0.25,l_shape_added_outliers_hard_mixed,added_outliers,0.5
5,0.6337938219871968,0.07704280155642024,0.08754428382969005,0.09858923249682879,0.04754428382969005,0.12295719844357977,0.17050148227326983,27,72,109,1077,0.2727272727272727,0.19852941176470587,0.2297872340425532,l_shape_added_outliers_hard_mixed,added_outliers,0.5
6,0.6505988062059919,0.06770428015564202,0.08772417615772136,0.0987490298151133,0.047724176157721364,0.132295719844358,0.18001989600207938,24,63,112,1086,0.27586206896551724,0.17647058823529413,0.21524663677130043,l_shape_added_outliers_hard_mixed,added_outliers,0.5
7,0.6652490524026238,0.05758754863813229,0.08891178603006904,0.09757411169519722,0.048911786030069036,0.14241245136186773,0.19132423739193677,20,54,116,1095,0.2702702702702703,0.14705882352941177,0.19047619047619047,l_shape_added_outliers_hard_mixed,added_outliers,0.5
8,0.6785577255922259,0.05058365758754864,0.08864342846324837,0.09748653538646897,0.048643428463248366,0.1494163424124514,0.19805977087569976,17,48,119,1101,0.26153846153846155,0.125,0.1691542288557214,l_shape_added_outliers_hard_mixed,added_outliers,0.5
9,0.6898470684523614,0.0443579766536965,0.08861482942378829,0.09571872390047469,0.04861482942378829,0.1556420233463035,0.20425685277009178,16,41,120,1108,0.2807017543859649,0.11764705882352941,0.16580310880829013,l_shape_added_outliers_hard_mixed,added_outliers,0.5
10,0.6995513920395738,0.04124513618677043,0.08882084387393076,0.09484459508476778,0.04882084387393076,0.1587548638132296,0.20757570768716035,16,37,120,1112,0.3018867924528302,0.11764705882352941,0.16931216931216933,l_shape_added_outliers_hard_mixed,added_outliers,0.5
11,0.7086835199601972,0.036575875486381325,0.0897396339895311,0.09611107111569027,0.049739633989531094,0.16342412451361868,0.21316375850314978,14,33,122,1116,0.2978723404255319,0.10294117647058823,0.15300546448087432,l_shape_added_outliers_hard_mixed,added_outliers,0.5
12,0.7175671228213236,0.029571984435797664,0.09228542440426227,0.09441519928705235,0.052285424404262267,0.17042801556420234,0.2227134399684646,11,27,125,1122,0.2894736842105263,0.08088235294117647,0.12643678160919541,l_shape_added_outliers_hard_mixed,added_outliers,0.5
13,0.7272455433345353,0.024124513618677044,0.09158637504578905,0.09215123113178603,0.05158637504578905,0.17587548638132297,0.22746186142711203,9,22,127,1127,0.2903225806451613,0.0661764705882353,0.10778443113772455,l_shape_added_outliers_hard_mixed,added_outliers,0.5
14,0.7348630467849936,0.021011673151750974,0.09224723521912732,0.09042018385288754,0.05224723521912732,0.17898832684824903,0.23123556206737636,9,18,127,1131,0.3333333333333333,0.0661764705882353,0.11042944785276074,l_shape_added_outliers_hard_mixed,added_outliers,0.5
15,0.7423632002920586,0.019455252918287938,0.09084614897871185,0.09001944868616381,0.05084614897871185,0.1805447470817121,0.23139089606042393,8,17,128,1132,0.32,0.058823529411764705,0.09937888198757765,l_shape_added_outliers_hard_mixed,added_outliers,0.5
16,0.7480731625003424,0.01867704280155642,0.08996016500445288,0.09165203131084605,0.049960165004452876,0.1813229571984436,0.23128312220289649,7,17,129,1132,0.2916666666666667,0.051470588235294115,0.08750000000000001,l_shape_added_outliers_hard_mixed,added_outliers,0.5
17,0.7527025882051843,0.01867704280155642,0.08996016500445288,0.09165203131084605,0.049960165004452876,0.1813229571984436,0.23128312220289649,7,17,129,1132,0.2916666666666667,0.051470588235294115,0.08750000000000001,l_shape_added_outliers_hard_mixed,added_outliers,0.5
0,0.5,0.3573667711598746,0.04310305479389819,0.05819290441991777,0.003103054793898191,0.0,0.003103054793898191,329,127,319,501,0.7214912280701754,0.5077160493827161,0.5960144927536233,l_shape_added_outliers_medium_2,added_outliers,0.5
1,0.5031030547938982,0.35266457680250785,0.042916780465821834,0.05829016075377836,0.0029167804658218333,0.0,0.0029167804658218333,324,126,324,502,0.72,0.5,0.5901639344262295,l_shape_added_outliers_medium_2,added_outliers,0.5
2,0.50601983525972,0.34717868338557994,0.0430005240298729,0.05818135967338768,0.0030005240298729002,0.0,0.0030005240298729002,320,123,328,505,0.7223476297968398,0.49382716049382713,0.5866177818515124,l_shape_added_outliers_medium_2,added_outliers,0.5
0,0.5,0.25446082234290146,0.07075611550840774,0.08228853606069338,0.03075611550840774,0.0,0.03075611550840774,150,178,178,783,0.4573170731707317,0.4573170731707317,0.4573170731707317,l_shape_added_outliers_medium_3,added_outliers,0.5
1,0.5307561155084077,0.2125678820791311,0.07285891024846462,0.08051889380116727,0.03285891024846462,0.0,0.03285891024846462,131,143,197,818,0.4781021897810219,0.39939024390243905,0.43521594684385384,l_shape_added_outliers_medium_3,added_outliers,0.5
2,0.5636150257568724,0.18231186966640806,0.07447587027766514,0.07912545806321937,0.03447587027766514,0.017688130333591956,0.052164000611257096,118,117,210,844,0.502127659574468,0.3597560975609756,0.41918294849023086,l_shape_added_outliers_medium_3,added_outliers,0.5
3,0.5936688634511396,0.14895267649340574,0.07441360044484473,0.07692861328413121,0.034413600444844726,0.05104732350659427,0.085460923951439,103,89,225,872,0.5364583333333334,0.31402439024390244,0.3961538461538462,l_shape_added_outliers_medium_3,added_outliers,0.5
4,0.6153206330193357,0.1295577967416602,0.07468942224111155,0.07684012274515273,0.03468942224111155,0.0704422032583398,0.10513162549945135,89,78,239,883,0.5329341317365269,0.27134146341463417,0.35959595959595964,l_shape_added_outliers_medium_3,added_outliers,0.5
5,0.6323995044458623,0.11093871217998448,0.0770639845959373,0.07458435836725533,0.0370639845959373,0.08906128782001553,0.12612527241595284,82,61,246,900,0.5734265734265734,0.25,0.3481953290870488,l_shape_added_outliers_medium_3,added_outliers,0.5
6,0.6471981670867958,0.09775019394879751,0.0768368456066694,0.0741479922059411,0.036836845606669395,0.1022498060512025,0.1390866516578719,72,54,256,907,0.5714285714285714,0.21951219512195122,0.31718061674008813,l_shape_added_outliers_medium_3,added_outliers,0.5
7,0.6584725611806646,0.0899922420480993,0.07733326799628568,0.07271264723360488,0.037333267996285675,0.11000775795190071,0.14734102594818638,69,47,259,914,0.5948275862068966,0.21036585365853658,0.31081081081081086,l_shape_added_outliers_medium_3,added_outliers,0.5
8,0.668303889688975,0.08145849495733126,0.07778412084031384,0.0720463947737835,0.037784120840313844,0.11854150504266875,0.1563256258829826,64,41,264,920,0.6095238095238096,0.1951219512195122,0.29561200923787534,l_shape_added_outliers_medium_3,added_outliers,0.5
9,0.6764526342686217,0.07370054305663305,0.0798639220811568,0.07051478750769082,0.03986392208115679,0.12629945694336697,0.16616337902452377,59,36,269,925,0.6210526315789474,0.1798780487804878,0.2789598108747045,l_shape_added_outliers_medium_3,added_outliers,0.5
10,0.6847416921139368,0.07059736229635376,0.08076090606333919,0.07015270551361612,0.04076090606333919,0.12940263770364624,0.17016354376698542,56,35,272,926,0.6153846153846154,0.17073170731707318,0.26730310262529833,l_shape_added_outliers_medium_3,added_outliers,0.5
11,0.6931519387513644,0.06594259115593483,0.08212566213646884,0.06933251356355898,0.04212566213646884,0.1340574088440652,0.17618307098053404,54,31,274,930,0.6352941176470588,0.16463414634146342,0.26150121065375304,l_shape_added_outliers_medium_3,added_outliers,0.5
12,0.7017632486768169,0.060512024825446084,0.08177317921400297,0.06827807860865637,0.04177317921400297,0.1394879751745539,0.1812611543885569,51,27,277,934,0.6538461538461539,0.15548780487804878,0.25123152709359603,l_shape_added_outliers_medium_3,added_outliers,0.5
13,0.7086644340971814,0.05663304887509697,0.08286276707315819,0.06802796122918028,0.04286276707315819,0.14336695112490305,0.18622971819806125,49,24,279,937,0.6712328767123288,0.14939024390243902,0.2443890274314214,l_shape_added_outliers_medium_3,added_outliers,0.5
14,0.7156854633891138,0.05430566330488751,0.08198730372017679,0.0690580406985933,0.04198730372017679,0.1456943366951125,0.18768164041528929,47,23,281,938,0.6714285714285714,0.14329268292682926,0.23618090452261303,l_shape_added_outliers_medium_3,added_outliers,0.5
15,0.7212491829355124,0.051978277734678044,0.0821300890971752,0.0687434565754992,0.0421300890971752,0.14802172226532195,0.19015181136249715,45,22,283,939,0.6716417910447762,0.13719512195121952,0.2278481012658228,l_shape_added_outliers_medium_3,added_outliers,0.5
16,0.7263738414663572,0.04965089216446858,0.08333839316399397,0.06752509858990574,0.04333839316399397,0.15034910783553143,0.1936875009995254,44,20,284,941,0.6875,0.13414634146341464,0.22448979591836735,l_shape_added_outliers_medium_3,added_outliers,0.5
17,0.7321249576714683,0.04654771140418929,0.08346957710951385,0.06862491075287587,0.043469577109513845,0.15345228859581073,0.19692186570532458,41,19,287,942,0.6833333333333333,0.125,0.211340206185567,l_shape_added_outliers_medium_3,added_outliers,0.5
18,0.7372314626320295,0.0395655546935609,0.08343951585346265,0.06620895323409094,0.04343951585346265,0.1604344453064391,0.20387396115990175,36,15,292,946,0.7058823529411765,0.10975609756097561,0.1899736147757256,l_shape_added_outliers_medium_3,added_outliers,0.5
19,0.7405623671588825,0.038789759503491075,0.08338950756908879,0.06630965627645762,0.04338950756908879,0.16121024049650895,0.20459974806559775,35,15,293,946,0.7,0.10670731707317073,0.1851851851851852,l_shape_added_outliers_medium_3,added_outliers,0.5
0,0.5,0.262,0.0725442051048272,0.09269152807308383,0.0325442051048272,0.0,0.0325442051048272,124,269,149,958,0.3155216284987277,0.4542124542124542,0.37237237237237236,l_shape_partial_overlap_hard_mixed,partial_overlap,0.5
1,0.5325442051048273,0.19666666666666666,0.07175610421917622,0.09017537755082077,0.03175610421917622,0.003333333333333355,0.035089437552509574,99,196,174,1031,0.33559322033898303,0.3626373626373626,0.3485915492957746,l_shape_partial_overlap_hard_mixed,partial_overlap,0.5
2,0.5634669759906701,0.14533333333333334,0.07277022259846268,0.08889411394901621,0.03277022259846268,0.05466666666666667,0.08743688926512935,78,140,195,1087,0.3577981651376147,0.2857142857142857,0.3177189409368636,l_shape_partial_overlap_hard_mixed,partial_overlap,0.5
3,0.5825705319224661,0.11666666666666667,0.07332721158647619,0.0841530672044935,0.03332721158647619,0.08333333333333334,0.11666054491980954,72,103,201,1124,0.4114285714285714,0.26373626373626374,0.32142857142857145,l_shape_partial_overlap_hard_mixed,partial_overlap,0.5
4,0.595064410175609,0.10533333333333333,0.07334407506425088,0.08264377703897426,0.033344075064250876,0.09466666666666668,0.12801074173091756,67,91,206,1136,0.4240506329113924,0.2454212454212454,0.3109048723897912,l_shape_partial_overlap_hard_mixed,partial_overlap,0.5
5,0.6047418185731932,0.09466666666666666,0.07464662313392317,0.0832520786095128,0.03464662313392317,0.10533333333333335,0.13997995646725653,60,82,213,1145,0.4225352112676056,0.21978021978021978,0.2891566265060241,l_shape_partial_overlap_hard_mixed,partial_overlap,0.5
6,0.6130551083737831,0.08933333333333333,0.07551890650215028,0.0822794144910613,0.035518906502150276,0.11066666666666668,0.14618557316881695,58,76,215,1151,0.43283582089552236,0.21245421245421245,0.28501228501228504,l_shape_partial_overlap_hard_mixed,partial_overlap,0.5
7,0.6209073482092666,0.08066666666666666,0.07669071319673854,0.08037336375983974,0.036690713196738535,0.11933333333333335,0.15602404653007187,53,68,220,1159,0.4380165289256198,0.19413919413919414,0.2690355329949239,l_shape_partial_overlap_hard_mixed,partial_overlap,0.5
8,0.6277647280726718,0.07666666666666666,0.07743245574179053,0.07955473926081061,0.03743245574179053,0.12333333333333335,0.16076578907512387,52,63,221,1164,0.45217391304347826,0.19047619047619047,0.26804123711340205,l_shape_partial_overlap_hard_mixed,partial_overlap,0.5
9,0.634363850481129,0.07266666666666667,0.07842493269025749,0.07880732737852099,0.03842493269025749,0.12733333333333335,0.16575826602359084,49,60,224,1167,0.44954128440366975,0.1794871794871795,0.2565445026178011,l_shape_partial_overlap_hard_mixed,partial_overlap,0.5
10,0.6409554498380531,0.07066666666666667,0.07929264622207222,0.07803621063237053,0.039292646222072215,0.12933333333333336,0.16862597955540556,49,57,224,1170,0.46226415094339623,0.1794871794871795,0.25857519788918204,l_shape_partial_overlap_hard_mixed,partial_overlap,0.5
11,0.6479147627267919,0.066,0.08271783525317941,0.07522759092207187,0.04271783525317941,0.134,0.1767178352531794,49,50,224,1177,0.494949494949495,0.1794871794871795,0.26344086021505375,l_shape_partial_overlap_hard_mixed,partial_overlap,0.5
12,0.6571325979799714,0.062,0.08180601402339352,0.07535402565926588,0.04180601402339352,0.138,0.17980601402339352,45,48,228,1179,0.4838709677419355,0.16483516483516483,0.2459016393442623,l_shape_partial_overlap_hard_mixed,partial_overlap,0.5
13,0.6644386120033648,0.05533333333333333,0.08289056771916646,0.07470387072698875,0.04289056771916646,0.14466666666666667,0.18755723438583313,40,43,233,1184,0.4819277108433735,0.14652014652014653,0.2247191011235955,l_shape_partial_overlap_hard_mixed,partial_overlap,0.5
14,0.6711625130558646,0.051333333333333335,0.08521733371358935,0.07331098317450482,0.045217333713589346,0.14866666666666667,0.19388400038025602,39,38,234,1189,0.5064935064935064,0.14285714285714285,0.2228571428571428,l_shape_partial_overlap_hard_mixed,partial_overlap,0.5
15,0.6792131801027873,0.046,0.08616741775192302,0.07383093123658506,0.04616741775192302,0.15400000000000003,0.20016741775192304,33,36,240,1191,0.4782608695652174,0.12087912087912088,0.19298245614035087,l_shape_partial_overlap_hard_mixed,partial_overlap,0.5
16,0.6868805978547103,0.044,0.08620535990925197,0.0716834143807763,0.046205359909251974,0.15600000000000003,0.202205359909252,33,33,240,1194,0.5,0.12087912087912088,0.19469026548672566,l_shape_partial_overlap_hard_mixed,partial_overlap,0.5
17,0.6940859577639623,0.037333333333333336,0.08614325677811176,0.07071905223189638,0.046143256778111756,0.16266666666666668,0.20880992344477844,28,28,245,1199,0.5,0.10256410256410256,0.1702127659574468,l_shape_partial_overlap_hard_mixed,partial_overlap,0.5
18,0.6995625478754074,0.034,0.08533376638406588,0.06918438236064188,0.04533376638406588,0.166,0.2113337663840659,27,24,246,1203,0.5294117647058824,0.0989010989010989,0.16666666666666669,l_shape_partial_overlap_hard_mixed,partial_overlap,0.5
19,0.7033963142594732,0.032,0.08559046885288087,0.07010038023741329,0.045590468852880865,0.168,0.21359046885288088,24,24,249,1203,0.5,0.08791208791208792,0.14953271028037385,l_shape_partial_overlap_hard_mixed,partial_overlap,0.5
0,0.5,0.2846666666666667,0.06919121977848744,0.08807788936988686,0.02919121977848744,0.0,0.02919121977848744,165,262,200,873,0.3864168618266979,0.4520547945205479,0.41666666666666663,l_shape_partial_overlap_medium_2,partial_overlap,0.5
1,0.5291912197784875,0.23133333333333334,0.07053772867654803,0.08588726969878639,0.030537728676548033,0.0,0.030537728676548033,143,204,222,931,0.41210374639769454,0.3917808219178082,0.401685393258427,l_shape_partial_overlap_medium_2,partial_overlap,0.5
2,0.5597289484550355,0.186,0.07296177634791348,0.08494036398429752,0.03296177634791348,0.014000000000000012,0.04696177634791349,119,160,246,975,0.4265232974910394,0.32602739726027397,0.36956521739130427,l_shape_partial_overlap_medium_2,partial_overlap,0.5
3,0.589190724802949,0.13933333333333334,0.07477346197783208,0.08299931993281368,0.03477346197783208,0.060666666666666674,0.09544012864449875,95,114,270,1021,0.45454545454545453,0.2602739726027397,0.3310104529616725,l_shape_partial_overlap_medium_2,partial_overlap,0.5
4,0.6087975201141144,0.116,0.07619956505995704,0.08108392437206971,0.036199565059957035,0.084,0.12019956505995705,79,95,286,1040,0.4540229885057471,0.21643835616438356,0.29313543599257885,l_shape_partial_overlap_medium_2,partial_overlap,0.5
5,0.6239970851740714,0.10333333333333333,0.07604679386495787,0.08006771156932457,0.03604679386495787,0.09666666666666668,0.13271346053162456,73,82,292,1053,0.47096774193548385,0.2,0.28076923076923077,l_shape_partial_overlap_medium_2,partial_overlap,0.5
6,0.6358772123723626,0.09133333333333334,0.0764800417895007,0.0799211574054129,0.0364800417895007,0.10866666666666668,0.14514670845616737,65,72,300,1063,0.4744525547445255,0.1780821917808219,0.25896414342629476,l_shape_partial_overlap_medium_2,partial_overlap,0.5
7,0.6451905874951966,0.084,0.07771027208431236,0.07918817831717369,0.03771027208431236,0.116,0.15371027208431237,61,65,304,1070,0.48412698412698413,0.16712328767123288,0.24847250509164967,l_shape_partial_overlap_medium_2,partial_overlap,0.5
8,0.653900859579509,0.076,0.07946877474905469,0.07790512128113972,0.039468774749054684,0.12400000000000001,0.1634687747490547,59,55,306,1080,0.5175438596491229,0.16164383561643836,0.24634655532359082,l_shape_partial_overlap_medium_2,partial_overlap,0.5
9,0.6623696343285638,0.06533333333333333,0.08016647273322894,0.0767994602145612,0.04016647273322894,0.13466666666666668,0.17483313939989562,53,45,312,1090,0.5408163265306123,0.14520547945205478,0.22894168466522677,l_shape_partial_overlap_medium_2,partial_overlap,0.5
10,0.6688694403951261,0.06133333333333333,0.08200895433279543,0.0765888508427223,0.042008954332795424,0.1386666666666667,0.1806756209994621,50,42,315,1093,0.5434782608695652,0.136986301369863,0.21881838074398247,l_shape_partial_overlap_medium_2,partial_overlap,0.5
11,0.6762117280612548,0.05533333333333333,0.08261045008688679,0.07500978357805294,0.04261045008688679,0.14466666666666667,0.18727711675355346,48,35,317,1100,0.5783132530120482,0.13150684931506848,0.21428571428571427,l_shape_partial_overlap_medium_2,partial_overlap,0.5
12,0.682655511481475,0.05266666666666667,0.0826134887205129,0.07522040650511025,0.0426134887205129,0.14733333333333334,0.18994682205384625,45,34,320,1101,0.569620253164557,0.1232876712328767,0.20270270270270271,l_shape_partial_overlap_medium_2,partial_overlap,0.5
13,0.6884356668686545,0.05,0.08301447143475046,0.0749789529515531,0.04301447143475046,0.15000000000000002,0.19301447143475048,43,32,322,1103,0.5733333333333334,0.1178082191780822,0.19545454545454546,l_shape_partial_overlap_medium_2,partial_overlap,0.5
14,0.693950138303405,0.046,0.08489263101419468,0.07354302012170906,0.04489263101419468,0.15400000000000003,0.19889263101419472,41,28,324,1107,0.5942028985507246,0.11232876712328767,0.1889400921658986,l_shape_partial_overlap_medium_2,partial_overlap,0.5
15,0.7003427693175996,0.042666666666666665,0.08622040396668218,0.07337258816468872,0.04622040396668218,0.15733333333333335,0.20355373730001552,39,25,326,1110,0.609375,0.10684931506849316,0.18181818181818182,l_shape_partial_overlap_medium_2,partial_overlap,0.5
16,0.7072298399509485,0.03866666666666667,0.08786221415375037,0.07229210207909197,0.04786221415375037,0.16133333333333333,0.2091955474870837,36,22,329,1113,0.6206896551724138,0.09863013698630137,0.1702127659574468,l_shape_partial_overlap_medium_2,partial_overlap,0.5
17,0.7147587207713655,0.034666666666666665,0.09060516602311772,0.06883082050528579,0.050605166023117716,0.16533333333333333,0.21593849935645104,34,18,331,1117,0.6538461538461539,0.09315068493150686,0.1630695443645084,l_shape_partial_overlap_medium_2,partial_overlap,0.5
18,0.7240305534611499,0.032,0.09241711823458616,0.06724947325547322,0.05241711823458616,0.168,0.22041711823458618,32,16,333,1119,0.6666666666666666,0.08767123287671233,0.1549636803874092,l_shape_partial_overlap_medium_2,partial_overlap,0.5
19,0.734447671695736,0.028666666666666667,0.0936651635458754,0.06614779710475671,0.053665163545875395,0.17133333333333334,0.22499849687920873,29,14,336,1121,0.6744186046511628,0.07945205479452055,0.14215686274509806,l_shape_partial_overlap_medium_2,partial_overlap,0.5
0,0.5,0.4126666666666667,0.05343167549688968,0.05845653263848127,0.01343167549688968,0.0,0.01343167549688968,453,166,382,499,0.7318255250403877,0.5425149700598803,0.6231086657496561,l_shape_partial_overlap_medium_3,partial_overlap,0.5
1,0.5134316754968897,0.388,0.054401106635154316,0.057153477726204646,0.014401106635154315,0.0,0.014401106635154315,433,149,402,516,0.7439862542955327,0.518562874251497,0.6111503175723358,l_shape_partial_overlap_medium_3,partial_overlap,0.5
2,0.5278327821320441,0.368,0.0548884351451171,0.05674368185855046,0.014888435145117097,0.0,0.014888435145117097,412,140,423,525,0.7463768115942029,0.4934131736526946,0.5940879596250901,l_shape_partial_overlap_medium_3,partial_overlap,0.5
3,0.5427212172771612,0.33466666666666667,0.055993710180462446,0.05524037578798762,0.015993710180462445,0.0,0.015993710180462445,385,117,450,548,0.7669322709163346,0.46107784431137727,0.5759162303664922,l_shape_partial_overlap_medium_3,partial_overlap,0.5
4,0.5587149274576236,0.30333333333333334,0.05653977001325855,0.05365321856695589,0.01653977001325855,0.0,0.01653977001325855,355,100,480,565,0.7802197802197802,0.4251497005988024,0.5503875968992248,l_shape_partial_overlap_medium_3,partial_overlap,0.5
5,0.5752546974708822,0.2753333333333333,0.05777872981723283,0.05229232470743933,0.01777872981723283,0.0,0.01777872981723283,327,86,508,579,0.7917675544794189,0.3916167664670659,0.5240384615384616,l_shape_partial_overlap_medium_3,partial_overlap,0.5
6,0.593033427288115,0.24533333333333332,0.058975275914075045,0.050545436421420044,0.018975275914075045,0.0,0.018975275914075045,298,70,537,595,0.8097826086956522,0.3568862275449102,0.49542809642560265,l_shape_partial_overlap_medium_3,partial_overlap,0.5
7,0.61200870320219,0.22466666666666665,0.05973117426148121,0.04922641238227068,0.01973117426148121,0.0,0.01973117426148121,278,59,557,606,0.8249258160237388,0.332934131736527,0.47440273037542663,l_shape_partial_overlap_medium_3,partial_overlap,0.5
8,0.6317398774636712,0.19733333333333333,0.060025531112201075,0.04801160790789291,0.020025531112201074,0.0026666666666666783,0.022692197778867752,250,46,585,619,0.8445945945945946,0.2994011976047904,0.4420866489832007,l_shape_partial_overlap_medium_3,partial_overlap,0.5
9,0.6510987419092056,0.166,0.06075715353724531,0.04666417922217774,0.02075715353724531,0.034,0.054757153537245314,214,35,621,630,0.8594377510040161,0.2562874251497006,0.3948339483394833,l_shape_partial_overlap_medium_3,partial_overlap,0.5
10,0.6633558954464509,0.15,0.06208527964728194,0.045757213970379185,0.022085279647281936,0.05000000000000002,0.07208527964728195,197,28,638,637,0.8755555555555555,0.23592814371257484,0.3716981132075472,l_shape_partial_overlap_medium_3,partial_overlap,0.5
11,0.6729411750937329,0.138,0.06310662866181736,0.043925301847662745,0.023106628661817362,0.062,0.08510662866181737,183,24,652,641,0.8840579710144928,0.21916167664670658,0.35124760076775435,l_shape_partial_overlap_medium_3,partial_overlap,0.5
12,0.6805478037555502,0.13,0.06429366354157476,0.04178800988840544,0.024293663541574757,0.07,0.09429366354157476,177,18,658,647,0.9076923076923077,0.2119760479041916,0.34368932038834954,l_shape_partial_overlap_medium_3,partial_overlap,0.5
13,0.687341467297125,0.12533333333333332,0.06453715872887324,0.041212923448456194,0.024537158728873236,0.07466666666666669,0.09920382539553993,172,16,663,649,0.9148936170212766,0.2059880239520958,0.33626588465298146,l_shape_partial_overlap_medium_3,partial_overlap,0.5
14,0.6932119593593316,0.12133333333333333,0.06437187066305938,0.04120676939344829,0.024371870663059382,0.07866666666666668,0.10303853732972607,166,16,669,649,0.9120879120879121,0.19880239520958085,0.32645034414945917,l_shape_partial_overlap_medium_3,partial_overlap,0.5
15,0.6979171633557243,0.116,0.06420457806328225,0.04055812756667939,0.024204578063282252,0.084,0.10820457806328226,160,14,675,651,0.9195402298850575,0.19161676646706588,0.3171456888007929,l_shape_partial_overlap_medium_3,partial_overlap,0.5
16,0.7011217414190065,0.114,0.06400651243879414,0.04005699623078898,0.02400651243879414,0.08600000000000001,0.11000651243879414,158,13,677,652,0.9239766081871345,0.18922155688622755,0.3141153081510934,l_shape_partial_overlap_medium_3,partial_overlap,0.5
17,0.7036282538578007,0.11133333333333334,0.06418727331702823,0.03977677928149055,0.024187273317028225,0.08866666666666667,0.11285393998369489,156,11,679,654,0.9341317365269461,0.18682634730538922,0.31137724550898205,l_shape_partial_overlap_medium_3,partial_overlap,0.5
18,0.7056488605081622,0.10933333333333334,0.06432591909898919,0.03961338267652661,0.024325919098989186,0.09066666666666667,0.11499258576565585,153,11,682,654,0.9329268292682927,0.18323353293413175,0.30630630630630634,l_shape_partial_overlap_medium_3,partial_overlap,0.5
19,0.7073081129404848,0.106,0.06471539113447512,0.0394977265469279,0.024715391134475122,0.09400000000000001,0.11871539113447513,148,11,687,654,0.9308176100628931,0.17724550898203592,0.2977867203219316,l_shape_partial_overlap_medium_3,partial_overlap,0.5
0,0.5,0.23866666666666667,0.05653952416400763,0.08372200153482498,0.016539524164007627,0.0,0.016539524164007627,180,178,208,934,0.5027932960893855,0.4639175257731959,0.482573726541555,l_shape_scene_change_hard_mixed,scene_change,0.5
1,0.5165395241640076,0.21666666666666667,0.05579768562210085,0.08317166997891368,0.01579768562210085,0.0,0.01579768562210085,169,156,219,956,0.52,0.43556701030927836,0.47405329593267886,l_shape_scene_change_hard_mixed,scene_change,0.5
2,0.5323372097861084,0.19266666666666668,0.05601173186435421,0.08217777499315072,0.016011731864354208,0.007333333333333331,0.023345065197687538,153,136,235,976,0.5294117647058824,0.3943298969072165,0.4519940915805022,l_shape_scene_change_hard_mixed,scene_change,0.5
3,0.5465156083171293,0.17133333333333334,0.055008038001699594,0.08147182732007628,0.015008038001699593,0.028666666666666674,0.04367470466836627,137,120,251,992,0.5330739299610895,0.35309278350515466,0.4248062015503876,l_shape_scene_change_hard_mixed,scene_change,0.5
4,0.5543569796521622,0.16133333333333333,0.05500064536885554,0.08045578702772924,0.015000645368855536,0.03866666666666668,0.05366731203552222,132,110,256,1002,0.5454545454545454,0.3402061855670103,0.41904761904761906,l_shape_scene_change_hard_mixed,scene_change,0.5
5,0.5596909583543511,0.15666666666666668,0.054826223816404736,0.08094338818284436,0.014826223816404735,0.043333333333333335,0.05815955714973807,128,107,260,1005,0.5446808510638298,0.32989690721649484,0.4109149277688603,l_shape_scene_change_hard_mixed,scene_change,0.5
6,0.5636838488374225,0.15066666666666667,0.05474638020850786,0.08008314295214698,0.01474638020850786,0.04933333333333334,0.0640797135418412,125,101,263,1011,0.5530973451327433,0.32216494845360827,0.40716612377850164,l_shape_scene_change_hard_mixed,scene_change,0.5
7,0.566096895712597,0.148,0.05527583614405731,0.08008167476646379,0.015275836144057309,0.05200000000000002,0.06727583614405733,124,98,264,1014,0.5585585585585585,0.31958762886597936,0.40655737704918027,l_shape_scene_change_hard_mixed,scene_change,0.5
8,0.5683727318566544,0.14666666666666667,0.05555567528883051,0.08018834227022961,0.015555675288830506,0.053333333333333344,0.06888900862216385,123,97,265,1015,0.5590909090909091,0.3170103092783505,0.4046052631578947,l_shape_scene_change_hard_mixed,scene_change,0.5
9,0.5705950738121516,0.14533333333333334,0.055528301184712185,0.08022838112076047,0.015528301184712184,0.05466666666666667,0.07019496785137885,122,96,266,1016,0.5596330275229358,0.31443298969072164,0.40264026402640263,l_shape_scene_change_hard_mixed,scene_change,0.5
10,0.5724567083301971,0.14266666666666666,0.05566084999052885,0.08000299800731357,0.01566084999052885,0.05733333333333335,0.0729941833238622,121,93,267,1019,0.5654205607476636,0.3118556701030928,0.4019933554817276,l_shape_scene_change_hard_mixed,scene_change,0.5
11,0.5737842249873927,0.142,0.05570092243958799,0.08014874206134263,0.01570092243958799,0.058000000000000024,0.073700922439588,120,93,268,1019,0.5633802816901409,0.30927835051546393,0.39933444259567386,l_shape_scene_change_hard_mixed,scene_change,0.5
12,0.5749851474269807,0.13933333333333334,0.05562272796536757,0.07986393184476394,0.015622727965367567,0.060666666666666674,0.07628939463203424,118,91,270,1021,0.5645933014354066,0.30412371134020616,0.3953098827470687,l_shape_scene_change_hard_mixed,scene_change,0.5
13,0.5754412087256816,0.13866666666666666,0.055711936496051176,0.07980500705270147,0.015711936496051175,0.06133333333333335,0.07704526982938453,118,90,270,1022,0.5673076923076923,0.30412371134020616,0.39597315436241604,l_shape_scene_change_hard_mixed,scene_change,0.5
14,0.5758198118883995,0.13733333333333334,0.05534925460351584,0.07947774389636224,0.015349254603515841,0.06266666666666668,0.07801592127018252,118,88,270,1024,0.5728155339805825,0.30412371134020616,0.3973063973063973,l_shape_scene_change_hard_mixed,scene_change,0.5
15,0.5755023998252486,0.13866666666666666,0.055711936496051176,0.07980500705270147,0.015711936496051175,0.06133333333333335,0.07704526982938453,118,90,270,1022,0.5673076923076923,0.30412371134020616,0.39597315436241604,l_shape_scene_change_hard_mixed,scene_change,0.5
16,0.5758810029879665,0.13733333333333334,0.05534925460351584,0.07947774389636224,0.015349254603515841,0.06266666666666668,0.07801592127018252,118,88,270,1024,0.5728155339805825,0.30412371134020616,0.3973063973063973,l_shape_scene_change_hard_mixed,scene_change,0.5
17,0.5755635909248157,0.13866666666666666,0.055711936496051176,0.07980500705270147,0.015711936496051175,0.06133333333333335,0.07704526982938453,118,90,270,1022,0.5673076923076923,0.30412371134020616,0.39597315436241604,l_shape_scene_change_hard_mixed,scene_change,0.5
18,0.5759421940875336,0.13733333333333334,0.05534925460351584,0.07947774389636224,0.015349254603515841,0.06266666666666668,0.07801592127018252,118,88,270,1024,0.5728155339805825,0.30412371134020616,0.3973063973063973,l_shape_scene_change_hard_mixed,scene_change,0.5
19,0.5756247820243827,0.13733333333333334,0.05534925460351584,0.07947774389636224,0.015349254603515841,0.06266666666666668,0.07801592127018252,118,88,270,1024,0.5728155339805825,0.30412371134020616,0.3973063973063973,l_shape_scene_change_hard_mixed,scene_change,0.5
0,0.5,0.4495476687543493,0.02136028048409517,0.037699597571327126,0.0,0.0,0.0,637,9,649,142,0.9860681114551083,0.4953343701399689,0.6594202898550724,l_shape_scene_change_medium_2,scene_change,0.5
1,0.5,0.4495476687543493,0.02136028048409517,0.037699597571327126,0.0,0.0,0.0,637,9,649,142,0.9860681114551083,0.4953343701399689,0.6594202898550724,l_shape_scene_change_medium_2,scene_change,0.5
0,0.5,0.49230769230769234,0.01383705594672286,0.024860792640249478,0.0,0.0,0.0,734,2,572,187,0.9972826086956522,0.5620214395099541,0.7189030362389816,l_shape_scene_change_medium_3,scene_change,0.5
1,0.5,0.49230769230769234,0.01383705594672286,0.024860792640249478,0.0,0.0,0.0,734,2,572,187,0.9972826086956522,0.5620214395099541,0.7189030362389816,l_shape_scene_change_medium_3,scene_change,0.5
0,0.5,0.40066666666666667,0.05251610953971882,0.06946175764422421,0.012516109539718816,0.0,0.012516109539718816,334,267,206,693,0.5557404326123128,0.6185185185185185,0.5854513584574934,l_shape_static_noise_hard_mixed,static_noise,0.5
1,0.5125161095397188,0.37333333333333335,0.05351852230404564,0.06809888975799712,0.013518522304045641,0.0,0.013518522304045641,318,242,222,718,0.5678571428571428,0.5888888888888889,0.5781818181818182,l_shape_static_noise_hard_mixed,static_noise,0.5
2,0.5260346318437644,0.348,0.053966697741553736,0.06739483026444212,0.013966697741553735,0.0,0.013966697741553735,301,221,239,739,0.5766283524904214,0.5574074074074075,0.5668549905838041,l_shape_static_noise_hard_mixed,static_noise,0.5
3,0.5400013295853181,0.32266666666666666,0.05492027069064722,0.06613102322610019,0.01492027069064722,0.0,0.01492027069064722,286,198,254,762,0.5909090909090909,0.5296296296296297,0.5585937500000001,l_shape_static_noise_hard_mixed,static_noise,0.5
4,0.5549216002759654,0.2926666666666667,0.05543045160847737,0.0655156145292466,0.01543045160847737,0.0,0.01543045160847737,264,175,276,785,0.6013667425968109,0.4888888888888889,0.5393258426966292,l_shape_static_noise_hard_mixed,static_noise,0.5
5,0.5703520518844427,0.25933333333333336,0.05608209416641549,0.06480093286323395,0.01608209416641549,0.0,0.01608209416641549,239,150,301,810,0.6143958868894601,0.4425925925925926,0.5145317545748116,l_shape_static_noise_hard_mixed,static_noise,0.5
6,0.5864341460508582,0.23466666666666666,0.05750612051877066,0.06338086744303724,0.01750612051877066,0.0,0.01750612051877066,222,130,318,830,0.6306818181818182,0.4111111111111111,0.4977578475336323,l_shape_static_noise_hard_mixed,static_noise,0.5
7,0.6039402665696288,0.20266666666666666,0.05808143535066022,0.06279318921153322,0.018081435350660216,0.0,0.018081435350660216,195,109,345,851,0.6414473684210527,0.3611111111111111,0.46208530805687204,l_shape_static_noise_hard_mixed,static_noise,0.5
8,0.622021701920289,0.18266666666666667,0.059679892889938704,0.06105078893646771,0.019679892889938704,0.01733333333333334,0.03701322622327204,183,91,357,869,0.6678832116788321,0.3388888888888889,0.4496314496314497,l_shape_static_noise_hard_mixed,static_noise,0.5
9,0.6373682614768944,0.15866666666666668,0.060071742139110956,0.060591947583617016,0.020071742139110955,0.04133333333333333,0.06140507547244429,162,76,378,884,0.680672268907563,0.3,0.416452442159383,l_shape_static_noise_hard_mixed,static_noise,0.5
10,0.647106670282672,0.14466666666666667,0.059964847562812326,0.060417014046469854,0.019964847562812325,0.055333333333333345,0.07529818089614568,146,71,394,889,0.6728110599078341,0.27037037037037037,0.3857331571994716,l_shape_static_noise_hard_mixed,static_noise,0.5
11,0.653238184512151,0.13933333333333334,0.06054783310094508,0.05956714998033227,0.02054783310094508,0.060666666666666674,0.08121449976761175,141,68,399,892,0.6746411483253588,0.2611111111111111,0.376502002670227,l_shape_static_noise_hard_mixed,static_noise,0.5
12,0.6586193509464294,0.13466666666666666,0.06106099834750021,0.058862327978345924,0.021060998347500207,0.06533333333333335,0.08639433168083356,138,64,402,896,0.6831683168316832,0.25555555555555554,0.3719676549865229,l_shape_static_noise_hard_mixed,static_noise,0.5
13,0.6633470159605963,0.13,0.061825588222564,0.057922024481662504,0.021825588222564002,0.07,0.09182558822256401,135,60,405,900,0.6923076923076923,0.25,0.3673469387755102,l_shape_static_noise_hard_mixed,static_noise,0.5
14,0.6676726041831603,0.12333333333333334,0.06318603770435215,0.05555154362196196,0.023186037704352146,0.07666666666666667,0.09985270437101881,132,53,408,907,0.7135135135135136,0.24444444444444444,0.3641379310344827,l_shape_static_noise_hard_mixed,static_noise,0.5
15,0.6716919752208458,0.11733333333333333,0.06256527141374421,0.05562928455370419,0.02256527141374421,0.08266666666666668,0.1052319380804109,125,51,415,909,0.7102272727272727,0.23148148148148148,0.34916201117318435,l_shape_static_noise_hard_mixed,static_noise,0.5
16,0.6735905799679234,0.11333333333333333,0.06278103677729101,0.055646424560336194,0.022781036777291007,0.08666666666666668,0.10944770344395768,121,49,419,911,0.711764705882353,0.22407407407407406,0.3408450704225352,l_shape_static_noise_hard_mixed,static_noise,0.5
17,0.6747049500785477,0.11266666666666666,0.06266903938242477,0.05586461509836087,0.022669039382424767,0.08733333333333335,0.1100023727157581,120,49,420,911,0.7100591715976331,0.2222222222222222,0.3385049365303244,l_shape_static_noise_hard_mixed,static_noise,0.5
18,0.6755406561276391,0.11133333333333334,0.06317169518436923,0.055037974572565034,0.023171695184369227,0.08866666666666667,0.1118383618510359,120,47,420,913,0.718562874251497,0.2222222222222222,0.33946251768033947,l_shape_static_noise_hard_mixed,static_noise,0.5
19,0.6765456846453417,0.11066666666666666,0.06322683315528643,0.05490361886247905,0.023226833155286432,0.08933333333333335,0.11256016648861977,119,47,421,913,0.7168674698795181,0.22037037037037038,0.33711048158640233,l_shape_static_noise_hard_mixed,static_noise,0.5
0,0.5,0.4066666666666667,0.052013681118572186,0.0706637864031076,0.012013681118572185,0.0,0.012013681118572185,410,200,352,538,0.6721311475409836,0.5380577427821522,0.597667638483965,l_shape_static_noise_medium_2,static_noise,0.5
1,0.5120136811185722,0.37866666666666665,0.051786223820787285,0.07070876825182729,0.011786223820787284,0.0,0.011786223820787284,380,188,382,550,0.6690140845070423,0.49868766404199477,0.5714285714285714,l_shape_static_noise_medium_2,static_noise,0.5
2,0.5237999049393595,0.3506666666666667,0.05194663899946432,0.07041115150573493,0.01194663899946432,0.0,0.01194663899946432,354,172,408,566,0.6730038022813688,0.4645669291338583,0.5496894409937888,l_shape_static_noise_medium_2,static_noise,0.5
3,0.5357465439388238,0.3253333333333333,0.05194770523985356,0.06991063568484453,0.011947705239853557,0.0,0.011947705239853557,333,155,429,583,0.6823770491803278,0.43700787401574803,0.5328,l_shape_static_noise_medium_2,static_noise,0.5
0,0.5,0.30666666666666664,0.06901436104454907,0.09166593814802504,0.029014361044549068,0.0,0.029014361044549068,151,309,122,918,0.3282608695652174,0.5531135531135531,0.41200545702592084,l_shape_static_noise_medium_3,static_noise,0.5
1,0.529014361044549,0.24933333333333332,0.0688876420349579,0.09105205119477373,0.028887642034957896,0.0,0.028887642034957896,127,247,146,980,0.339572192513369,0.4652014652014652,0.39258114374034003,l_shape_static_noise_medium_3,static_noise,0.5
2,0.5579020030795069,0.19533333333333333,0.06911434046669593,0.08983893857657575,0.029114340466695927,0.00466666666666668,0.03378100713336261,103,190,170,1037,0.3515358361774744,0.3772893772893773,0.3639575971731449,l_shape_static_noise_medium_3,static_noise,0.5
3,0.5858496768795362,0.162,0.07062340521836226,0.0881083255500181,0.030623405218362258,0.038000000000000006,0.06862340521836227,92,151,181,1076,0.3786008230452675,0.336996336996337,0.35658914728682173,l_shape_static_noise_medium_3,static_noise,0.5
4,0.6069730820978985,0.12933333333333333,0.07195855366365622,0.08742739642527576,0.03195855366365622,0.07066666666666668,0.1026252203303229,75,119,198,1108,0.3865979381443299,0.27472527472527475,0.32119914346895073,l_shape_static_noise_medium_3,static_noise,0.5
5,0.621264969094888,0.11533333333333333,0.07290555147051452,0.08634602609379642,0.032905551470514514,0.08466666666666668,0.11757221813718119,72,101,201,1126,0.4161849710982659,0.26373626373626374,0.3228699551569507,l_shape_static_noise_medium_3,static_noise,0.5
6,0.6330038538987359,0.098,0.07493425328188912,0.08523983654910938,0.034934253281889115,0.10200000000000001,0.13693425328188913,63,84,210,1143,0.42857142857142855,0.23076923076923078,0.3,l_shape_static_noise_medium_3,static_noise,0.5
7,0.642438107180625,0.08866666666666667,0.07703447274745083,0.08388467655517434,0.03703447274745083,0.11133333333333334,0.14836780608078418,60,73,213,1154,0.45112781954887216,0.21978021978021978,0.29556650246305416,l_shape_static_noise_medium_3,static_noise,0.5
8,0.6516392465947425,0.08333333333333333,0.07643877986869063,0.0838412347072032,0.03643877986869063,0.11666666666666668,0.15310544653535732,58,67,215,1160,0.464,0.21245421245421245,0.2914572864321608,l_shape_static_noise_medium_3,static_noise,0.5
9,0.6589113597967664,0.07666666666666666,0.07742809370186239,0.08283333372114617,0.03742809370186239,0.12333333333333335,0.16076142703519575,56,59,217,1168,0.48695652173913045,0.20512820512820512,0.288659793814433,l_shape_static_noise_medium_3,static_noise,0.5
10,0.6655061201652954,0.072,0.07724702863373491,0.0823378843161106,0.037247028633734906,0.128,0.16524702863373492,53,55,220,1172,0.49074074074074076,0.19413919413919414,0.2782152230971129,l_shape_static_noise_medium_3,static_noise,0.5
11,0.6707531487990304,0.06866666666666667,0.0773807666999922,0.08216194093070835,0.037380766699992206,0.13133333333333336,0.16871410003332557,51,52,222,1175,0.49514563106796117,0.18681318681318682,0.2712765957446809,l_shape_static_noise_medium_3,static_noise,0.5
12,0.6753005821656892,0.06466666666666666,0.0774350729511738,0.08180947691929298,0.0374350729511738,0.13533333333333336,0.17276840628450715,48,49,225,1178,0.4948453608247423,0.17582417582417584,0.2594594594594595,l_shape_static_noise_medium_3,static_noise,0.5
13,0.6789023217835297,0.06133333333333333,0.07761106034989504,0.08154786729501874,0.03761106034989504,0.1386666666666667,0.17627772701656172,45,47,228,1180,0.4891304347826087,0.16483516483516483,0.2465753424657534,l_shape_static_noise_medium_3,static_noise,0.5
14,0.6818467154667581,0.05733333333333333,0.07992268234597964,0.07982151804150747,0.03992268234597964,0.14266666666666666,0.1825893490126463,44,42,229,1185,0.5116279069767442,0.16117216117216118,0.24512534818941506,l_shape_static_noise_medium_3,static_noise,0.5
15,0.6861027311460711,0.05266666666666667,0.08163753280493065,0.0781131262744314,0.04163753280493065,0.14733333333333334,0.188970866138264,42,37,231,1190,0.5316455696202531,0.15384615384615385,0.23863636363636365,l_shape_static_noise_medium_3,static_noise,0.5
16,0.6909069306176684,0.05,0.08271649438976865,0.07672059222116709,0.04271649438976865,0.15000000000000002,0.19271649438976868,41,34,232,1193,0.5466666666666666,0.15018315018315018,0.23563218390804594,l_shape_static_noise_medium_3,static_noise,0.5
17,0.6961234250074371,0.046,0.08289389706703734,0.07686840420862352,0.04289389706703734,0.15400000000000003,0.19689389706703736,37,32,236,1195,0.5362318840579711,0.13553113553113552,0.21637426900584794,l_shape_static_noise_medium_3,static_noise,0.5
18,0.7005173220744744,0.044,0.08335817182424318,0.07686036849688122,0.04335817182424318,0.15600000000000003,0.1993581718242432,36,30,237,1197,0.5454545454545454,0.13186813186813187,0.21238938053097345,l_shape_static_noise_medium_3,static_noise,0.5
19,0.7048754938987175,0.043333333333333335,0.0839896620180007,0.07678726001931942,0.043989662018000704,0.15666666666666668,0.20065632868466737,36,29,237,1198,0.5538461538461539,0.13186813186813187,0.21301775147928997,l_shape_static_noise_medium_3,static_noise,0.5
0,0.5,0.148,0.06680947856295487,0.06967183589897706,0.026809478562954868,0.05200000000000002,0.0788094785629549,142,80,406,872,0.6396396396396397,0.2591240875912409,0.36883116883116884,l_shape_strong_noise_hard_mixed,strong_noise,0.5
1,0.5138094785629549,0.12866666666666668,0.06708452870926879,0.06900505221705056,0.027084528709268786,0.07133333333333333,0.09841786204260211,125,68,423,884,0.6476683937823834,0.2281021897810219,0.3373819163292847,l_shape_strong_noise_hard_mixed,strong_noise,0.5
2,0.5230606739388903,0.11866666666666667,0.06753266618933736,0.06856843659677793,0.027532666189337356,0.08133333333333334,0.1088659995226707,116,62,432,890,0.651685393258427,0.2116788321167883,0.31955922865013775,l_shape_strong_noise_hard_mixed,strong_noise,0.5
3,0.5302600067948944,0.11066666666666666,0.06716546699871925,0.067529124711896,0.027165466998719252,0.08933333333333335,0.1164988003320526,110,56,438,896,0.6626506024096386,0.20072992700729927,0.3081232492997199,l_shape_strong_noise_hard_mixed,strong_noise,0.5
4,0.5350921404602803,0.10733333333333334,0.0670464583357386,0.06727495449454665,0.027046458335738606,0.09266666666666667,0.11971312500240527,107,54,441,898,0.6645962732919255,0.19525547445255476,0.3018335684062059,l_shape_strong_noise_hard_mixed,strong_noise,0.5
5,0.5389719321293522,0.104,0.06657890474750092,0.06692771714266094,0.026578904747500916,0.09600000000000002,0.12257890474750094,104,52,444,900,0.6666666666666666,0.1897810218978102,0.2954545454545454,l_shape_strong_noise_hard_mixed,strong_noise,0.5
6,0.5415508368768531,0.10333333333333333,0.06685045592257019,0.06679574312195122,0.02685045592257019,0.09666666666666668,0.12351712258923686,104,51,444,901,0.6709677419354839,0.1897810218978102,0.2958748221906116,l_shape_strong_noise_hard_mixed,strong_noise,0.5
7,0.5442346261327566,0.102,0.06624885990595969,0.06716171522262895,0.02624885990595969,0.09800000000000002,0.12424885990595971,102,51,446,901,0.6666666666666666,0.18613138686131386,0.29101283880171186,l_shape_strong_noise_hard_mixed,strong_noise,0.5
8,0.5459834860387163,0.1,0.06630181960488947,0.06693279925470762,0.02630181960488947,0.1,0.12630181960488948,100,50,448,902,0.6666666666666666,0.18248175182481752,0.28653295128939826,l_shape_strong_noise_hard_mixed,strong_noise,0.5
9,0.5472853056436058,0.09933333333333333,0.06580336445841659,0.06692873486813265,0.025803364458416585,0.10066666666666668,0.12647003112508326,99,50,449,902,0.6644295302013423,0.18065693430656934,0.28407460545193686,l_shape_strong_noise_hard_mixed,strong_noise,0.5
10,0.5479220034353557,0.09866666666666667,0.06597647602450621,0.06633048831307098,0.025976476024506208,0.10133333333333334,0.12730980935783956,99,49,449,903,0.668918918918919,0.18065693430656934,0.28448275862068967,l_shape_strong_noise_hard_mixed,strong_noise,0.5
11,0.5485651461265285,0.098,0.0657032597365413,0.066424991615733,0.0257032597365413,0.10200000000000001,0.1277032597365413,98,49,450,903,0.6666666666666666,0.17883211678832117,0.2820143884892086,l_shape_strong_noise_hard_mixed,strong_noise,0.5
12,0.5487684058630699,0.098,0.0657032597365413,0.066424991615733,0.0257032597365413,0.10200000000000001,0.1277032597365413,98,49,450,903,0.6666666666666666,0.17883211678832117,0.2820143884892086,l_shape_strong_noise_hard_mixed,strong_noise,0.5
0,0.5,0.14733333333333334,0.06216762314034194,0.0734172074364627,0.022167623140341937,0.05266666666666667,0.0748342898070086,132,89,387,892,0.5972850678733032,0.2543352601156069,0.3567567567567567,l_shape_strong_noise_medium_2,strong_noise,0.5
1,0.5090009564736753,0.13933333333333334,0.06322010288180249,0.0724064381523606,0.02322010288180249,0.060666666666666674,0.08388676954846916,129,80,390,901,0.6172248803827751,0.24855491329479767,0.3543956043956044,l_shape_strong_noise_medium_2,strong_noise,0.5
2,0.5170543926888111,0.12933333333333333,0.06302833663496699,0.07177034635277045,0.023028336634966985,0.07066666666666668,0.09369500330163366,121,73,398,908,0.6237113402061856,0.23314065510597304,0.33941093969144465,l_shape_strong_noise_medium_2,strong_noise,0.5
3,0.5224160626571115,0.122,0.063843412300324,0.07114245514560914,0.023843412300324003,0.07800000000000001,0.10184341230032401,115,68,404,913,0.6284153005464481,0.22157996146435452,0.3276353276353276,l_shape_strong_noise_medium_2,strong_noise,0.5
4,0.5267594749574355,0.118,0.06304064694081682,0.07135184527056959,0.023040646940816818,0.08200000000000002,0.10504064694081683,111,66,408,915,0.6271186440677966,0.2138728323699422,0.3189655172413793,l_shape_strong_noise_medium_2,strong_noise,0.5
5,0.5293001218982523,0.114,0.06322461211983645,0.07186013716377454,0.023224612119836445,0.08600000000000001,0.10922461211983645,105,66,414,915,0.6140350877192983,0.2023121387283237,0.30434782608695654,l_shape_strong_noise_medium_2,strong_noise,0.5
6,0.5310247340180887,0.11133333333333334,0.06297360101938103,0.07180919682447788,0.022973601019381028,0.08866666666666667,0.1116402676860477,103,64,416,917,0.6167664670658682,0.19845857418111754,0.30029154518950435,l_shape_strong_noise_medium_2,strong_noise,0.5
7,0.5318316683708031,0.11066666666666666,0.06271625274547574,0.07197495451237555,0.022716252745475736,0.08933333333333335,0.11204958607880908,102,64,417,917,0.6144578313253012,0.19653179190751446,0.29781021897810217,l_shape_strong_noise_medium_2,strong_noise,0.5
8,0.5322145877829455,0.11,0.06263512739125898,0.07183229138871773,0.02263512739125898,0.09000000000000001,0.112635127391259,102,63,417,918,0.6181818181818182,0.19653179190751446,0.2982456140350877,l_shape_strong_noise_medium_2,strong_noise,0.5
9,0.5323497151742045,0.11,0.06263512739125898,0.07183229138871773,0.02263512739125898,0.09000000000000001,0.112635127391259,102,63,417,918,0.6181818181818182,0.19653179190751446,0.2982456140350877,l_shape_strong_noise_medium_2,strong_noise,0.5
0,0.5,0.16,0.060630310902321,0.07843724498868629,0.020630310902321,0.04000000000000001,0.06063031090232101,129,111,411,849,0.5375,0.2388888888888889,0.33076923076923076,l_shape_strong_noise_medium_3,strong_noise,0.5
1,0.510630310902321,0.14133333333333334,0.06187355320217073,0.07588990913426616,0.02187355320217073,0.05866666666666667,0.0805402198688374,119,93,421,867,0.5613207547169812,0.22037037037037038,0.3164893617021277,l_shape_strong_noise_medium_3,strong_noise,0.5
2,0.5178371974378251,0.13133333333333333,0.06202666461386667,0.07459559673931233,0.022026664613866667,0.06866666666666668,0.09069333128053335,114,83,426,877,0.5786802030456852,0.2111111111111111,0.3093622795115332,l_shape_strong_noise_medium_3,strong_noise,0.5
3,0.5226971953850251,0.12666666666666668,0.06299643369201612,0.07389537952497834,0.022996433692016115,0.07333333333333333,0.09632976702534946,113,77,427,883,0.5947368421052631,0.20925925925925926,0.3095890410958904,l_shape_strong_noise_medium_3,strong_noise,0.5
4,0.5273602957437079,0.12133333333333333,0.06348690519685637,0.07406112872357717,0.023486905196856374,0.07866666666666668,0.10215357186352306,108,74,432,886,0.5934065934065934,0.2,0.29916897506925205,l_shape_strong_noise_medium_3,strong_noise,0.5
5,0.5311805342738977,0.118,0.06331829607299545,0.07398567997617313,0.023318296072995452,0.08200000000000002,0.10531829607299548,105,72,435,888,0.5932203389830508,0.19444444444444445,0.2928870292887029,l_shape_strong_noise_medium_3,strong_noise,0.5
6,0.5339988303468931,0.11533333333333333,0.06381166982822352,0.0739925311093125,0.023811669828223518,0.08466666666666668,0.10847833649489019,102,71,438,889,0.5895953757225434,0.18888888888888888,0.2861150070126227,l_shape_strong_noise_medium_3,strong_noise,0.5
7,0.5366438335084499,0.112,0.06408495345076629,0.07391435687011536,0.024084953450766285,0.08800000000000001,0.1120849534507663,99,69,441,891,0.5892857142857143,0.18333333333333332,0.2796610169491525,l_shape_strong_noise_medium_3,strong_noise,0.5
8,0.5387287869592162,0.11,0.06450899988271479,0.07375313033756217,0.024508999882714787,0.09000000000000001,0.11450899988271479,98,67,442,893,0.593939393939394,0.1814814814814815,0.27801418439716313,l_shape_strong_noise_medium_3,strong_noise,0.5
9,0.540737786841931,0.108,0.0649756024837567,0.07322423194662284,0.024975602483756694,0.09200000000000001,0.11697560248375671,97,65,443,895,0.5987654320987654,0.17962962962962964,0.2763532763532764,l_shape_strong_noise_medium_3,strong_noise,0.5
10,0.5427133893256877,0.106,0.06496355268242437,0.07355043974262586,0.024963552682424374,0.09400000000000001,0.1189635526824244,95,64,445,896,0.5974842767295597,0.17592592592592593,0.2718168812589413,l_shape_strong_noise_medium_3,strong_noise,0.5
11,0.5441769420081121,0.104,0.06438701543163694,0.07300952836957088,0.02438701543163694,0.09600000000000002,0.12038701543163696,95,61,445,899,0.6089743589743589,0.17592592592592593,0.2729885057471264,l_shape_strong_noise_medium_3,strong_noise,0.5
12,0.544563957439749,0.10333333333333333,0.06471572460129177,0.07284660988977555,0.024715724601291768,0.09666666666666668,0.12138239126795844,95,60,445,900,0.6129032258064516,0.17592592592592593,0.2733812949640288,l_shape_strong_noise_medium_3,strong_noise,0.5
13,0.5451130153743741,0.102,0.06481844413037634,0.072813409340695,0.024818444130376337,0.09800000000000002,0.12281844413037635,94,59,446,901,0.6143790849673203,0.17407407407407408,0.2712842712842713,l_shape_strong_noise_medium_3,strong_noise,0.5
14,0.5454314595047504,0.10133333333333333,0.06442639217549162,0.0726539547078986,0.02442639217549162,0.09866666666666668,0.12309305884215829,94,58,446,902,0.618421052631579,0.17407407407407408,0.2716763005780347,l_shape_strong_noise_medium_3,strong_noise,0.5
15,0.5451911850135753,0.102,0.06481844413037634,0.072813409340695,0.024818444130376337,0.09800000000000002,0.12281844413037635,94,59,446,901,0.6143790849673203,0.17407407407407408,0.2712842712842713,l_shape_strong_noise_medium_3,strong_noise,0.5
16,0.5455096291439516,0.10133333333333333,0.06442639217549162,0.0726539547078986,0.02442639217549162,0.09866666666666668,0.12309305884215829,94,58,446,902,0.618421052631579,0.17407407407407408,0.2716763005780347,l_shape_strong_noise_medium_3,strong_noise,0.5
17,0.5452693546527766,0.102,0.06481844413037634,0.072813409340695,0.024818444130376337,0.09800000000000002,0.12281844413037635,94,59,446,901,0.6143790849673203,0.17407407407407408,0.2712842712842713,l_shape_strong_noise_medium_3,strong_noise,0.5
18,0.5455877987831529,0.10133333333333333,0.06442639217549162,0.0726539547078986,0.02442639217549162,0.09866666666666668,0.12309305884215829,94,58,446,902,0.618421052631579,0.17407407407407408,0.2716763005780347,l_shape_strong_noise_medium_3,strong_noise,0.5
19,0.5453475242919779,0.10133333333333333,0.06442639217549162,0.0726539547078986,0.02442639217549162,0.09866666666666668,0.12309305884215829,94,58,446,902,0.618421052631579,0.17407407407407408,0.2716763005780347,l_shape_strong_noise_medium_3,strong_noise,0.5
0,0.5,0.0205,0.047100719452770626,0.14132211728023236,0.007100719452770625,0.17950000000000002,0.18660071945277065,18,23,224,1735,0.43902439024390244,0.0743801652892562,0.127208480565371,real_20260626_143302_palletizer_005_part_2_refined_from_voxel005_easy,real_previous_registration,0.5
1,0.46222571945277063,0.0285,0.048020691518773466,0.1376742592648636,0.008020691518773465,0.1715,0.17952069151877348,23,34,219,1724,0.40350877192982454,0.09504132231404959,0.15384615384615383,real_20260626_143302_palletizer_005_part_2_refined_from_voxel005_easy,real_previous_registration,0.5
2,0.4273714109715441,0.0415,0.04525321928439437,0.13904642602335737,0.005253219284394373,0.1585,0.16375321928439437,30,53,212,1705,0.3614457831325301,0.12396694214876033,0.18461538461538463,real_20260626_143302_palletizer_005_part_2_refined_from_voxel005_easy,real_previous_registration,0.5
3,0.3929996302559384,0.059,0.0503606016028983,0.14921437938587026,0.010360601602898298,0.14100000000000001,0.15136060160289833,35,83,207,1675,0.2966101694915254,0.1446280991735537,0.19444444444444445,real_20260626_143302_palletizer_005_part_2_refined_from_voxel005_easy,real_previous_registration,0.5
4,0.36811023185883673,0.079,0.05265045195790182,0.15207814725805832,0.01265045195790182,0.12100000000000001,0.13365045195790182,44,114,198,1644,0.27848101265822783,0.18181818181818182,0.22,real_20260626_143302_palletizer_005_part_2_refined_from_voxel005_easy,real_previous_registration,0.5
5,0.35051068381673856,0.098,0.05699243938783096,0.15096451575145278,0.01699243938783096,0.10200000000000001,0.11899243938783097,56,140,186,1618,0.2857142857142857,0.23140495867768596,0.2557077625570776,real_20260626_143302_palletizer_005_part_2_refined_from_voxel005_easy,real_previous_registration,0.5
6,0.3420031232045695,0.109,0.05744883474234446,0.15045332170291795,0.01744883474234446,0.09100000000000001,0.10844883474234447,65,153,177,1605,0.2981651376146789,0.26859504132231404,0.2826086956521739,real_20260626_143302_palletizer_005_part_2_refined_from_voxel005_easy,real_previous_registration,0.5
7,0.33670195794691393,0.1135,0.057294171577672796,0.1520476645423858,0.017294171577672796,0.08650000000000001,0.1037941715776728,66,161,176,1597,0.2907488986784141,0.2727272727272727,0.2814498933901919,real_20260626_143302_palletizer_005_part_2_refined_from_voxel005_easy,real_previous_registration,0.5
8,0.33237112952458675,0.119,0.05602441080105089,0.15213365320418357,0.016024410801050888,0.08100000000000002,0.0970244108010509,69,169,173,1589,0.28991596638655465,0.28512396694214875,0.2875,real_20260626_143302_palletizer_005_part_2_refined_from_voxel005_easy,real_previous_registration,0.5
9,0.32814554032563764,0.125,0.058312262349035096,0.15130214890140053,0.018312262349035095,0.07500000000000001,0.09331226234903511,74,176,168,1582,0.296,0.30578512396694213,0.30081300813008127,real_20260626_143302_palletizer_005_part_2_refined_from_voxel005_easy,real_previous_registration,0.5
10,0.32770780267467275,0.1255,0.058667860495644215,0.15162235711109515,0.018667860495644215,0.07450000000000001,0.09316786049564423,74,177,168,1581,0.2948207171314741,0.30578512396694213,0.30020283975659223,real_20260626_143302_palletizer_005_part_2_refined_from_voxel005_easy,real_previous_registration,0.5
11,0.327750663170317,0.1255,0.058667860495644215,0.15162235711109515,0.018667860495644215,0.07450000000000001,0.09316786049564423,74,177,168,1581,0.2948207171314741,0.30578512396694213,0.30020283975659223,real_20260626_143302_palletizer_005_part_2_refined_from_voxel005_easy,real_previous_registration,0.5
0,0.5,0.014042867701404288,0.01843475899745938,0.13411971926073812,0.0,0.18595713229859573,0.18595713229859573,3,16,255,1079,0.15789473684210525,0.011627906976744186,0.021660649819494584,real_20260626_144015_pallet_rack_05_part1_refined_from_voxel005_easy,real_previous_registration,0.5
1,0.45351071692535105,0.031042128603104215,0.018664916576859685,0.12537524885186158,0.0,0.1689578713968958,0.1689578713968958,8,34,250,1061,0.19047619047619047,0.031007751937984496,0.05333333333333334,real_20260626_144015_pallet_rack_05_part1_refined_from_voxel005_easy,real_previous_registration,0.5
2,0.4112712490761271,0.06134515890613452,0.02354313248190131,0.12438437091148606,0.0,0.1386548410938655,0.1386548410938655,17,66,241,1029,0.20481927710843373,0.06589147286821706,0.0997067448680352,real_20260626_144015_pallet_rack_05_part1_refined_from_voxel005_easy,real_previous_registration,0.5
3,0.37660753880266074,0.12342941611234294,0.0229892542931385,0.13006954545192723,0.0,0.07657058388765707,0.07657058388765707,28,139,230,956,0.16766467065868262,0.10852713178294573,0.13176470588235295,real_20260626_144015_pallet_rack_05_part1_refined_from_voxel005_easy,real_previous_registration,0.5
4,0.35746489283074645,0.17886178861788618,0.025712455871099195,0.132820764974015,0.0,0.02113821138211383,0.02113821138211383,36,206,222,889,0.1487603305785124,0.13953488372093023,0.14400000000000002,real_20260626_144015_pallet_rack_05_part1_refined_from_voxel005_easy,real_previous_registration,0.5
5,0.35218033998521797,0.19660014781966,0.025904451637187593,0.1331370176691345,0.0,0.0033998521803400017,0.0033998521803400017,43,223,215,872,0.16165413533834586,0.16666666666666666,0.16412213740458015,real_20260626_144015_pallet_rack_05_part1_refined_from_voxel005_easy,real_previous_registration,0.5
6,0.35133037694013297,0.19881744271988175,0.02610824346483038,0.1331449763871652,0.0,0.0011825572801182627,0.0011825572801182627,43,226,215,869,0.15985130111524162,0.16666666666666666,0.16318785578747627,real_20260626_144015_pallet_rack_05_part1_refined_from_voxel005_easy,real_previous_registration,0.5
7,0.3510347376201034,0.20029563932002956,0.026623736059702564,0.13277653715689694,0.0,0.0,0.0,44,227,214,868,0.16236162361623616,0.17054263565891473,0.166351606805293,real_20260626_144015_pallet_rack_05_part1_refined_from_voxel005_easy,real_previous_registration,0.5
8,0.3510347376201034,0.20029563932002956,0.026623736059702564,0.13277653715689694,0.0,0.0,0.0,44,227,214,868,0.16236162361623616,0.17054263565891473,0.166351606805293,real_20260626_144015_pallet_rack_05_part1_refined_from_voxel005_easy,real_previous_registration,0.5
0,0.5,0.004434589800443459,0.08095039126446128,0.11427410758301666,0.04095039126446128,0.19556541019955656,0.23651580146401785,2,4,442,905,0.3333333333333333,0.0045045045045045045,0.008888888888888889,real_20260626_161831_pallet_rack_cluster021_part1_ransac_icp_voxel005_easy,real_previous_registration,0.5
1,0.49205903871457213,0.005912786400591279,0.0781914519591548,0.1162515308276901,0.038191451959154805,0.19408721359940873,0.23227866555856352,3,5,441,904,0.375,0.006756756756756757,0.013274336283185842,real_20260626_161831_pallet_rack_cluster021_part1_ransac_icp_voxel005_easy,real_previous_registration,0.5
2,0.48172868727387474,0.005912786400591279,0.0781914519591548,0.1162515308276901,0.038191451959154805,0.19408721359940873,0.23227866555856352,3,5,441,904,0.375,0.006756756756756757,0.013274336283185842,real_20260626_161831_pallet_rack_cluster021_part1_ransac_icp_voxel005_easy,real_previous_registration,0.5
0,0.5,0.007390983000739098,0.01583592821949135,0.13187238440481514,0.0,0.19260901699926092,0.19260901699926092,0,10,363,980,0.0,0.0,0.0,real_20260626_161831_pallet_rack_cluster021_part1_ransac_icp_voxel005_hard,real_previous_registration,0.5
1,0.45184774575018477,0.014042867701404288,0.020512081344435402,0.1224960464660889,0.0,0.18595713229859573,0.18595713229859573,3,16,360,974,0.15789473684210525,0.008264462809917356,0.015706806282722516,real_20260626_161831_pallet_rack_cluster021_part1_ransac_icp_voxel005_hard,real_previous_registration,0.5
2,0.4053584626755358,0.028085735402808575,0.027792853564773835,0.12324450703152144,0.0,0.17191426459719145,0.17191426459719145,7,31,356,959,0.18421052631578946,0.01928374655647383,0.034912718204488775,real_20260626_161831_pallet_rack_cluster021_part1_ransac_icp_voxel005_hard,real_previous_registration,0.5
3,0.362379896526238,0.10864745011086474,0.026339409458480505,0.12271565877639788,0.0,0.09135254988913527,0.09135254988913527,35,112,328,878,0.23809523809523808,0.09641873278236915,0.1372549019607843,real_20260626_161831_pallet_rack_cluster021_part1_ransac_icp_voxel005_hard,real_previous_registration,0.5
4,0.3395417590539542,0.1589061345158906,0.0280989013563753,0.12252262786964277,0.0,0.0410938654841094,0.0410938654841094,52,163,311,827,0.24186046511627907,0.14325068870523416,0.17993079584775085,real_20260626_161831_pallet_rack_cluster021_part1_ransac_icp_voxel005_hard,real_previous_registration,0.5
5,0.32926829268292684,0.18625277161862527,0.029677092234532423,0.12144971175116236,0.0,0.013747228381374738,0.013747228381374738,67,185,296,805,0.26587301587301587,0.18457300275482094,0.2178861788617886,real_20260626_161831_pallet_rack_cluster021_part1_ransac_icp_voxel005_hard,real_previous_registration,0.5
6,0.3258314855875832,0.19364375461936437,0.0298663996380419,0.12160750780097988,0.0,0.0063562453806356445,0.0063562453806356445,69,193,294,797,0.2633587786259542,0.19008264462809918,0.2208,real_20260626_161831_pallet_rack_cluster021_part1_ransac_icp_voxel005_hard,real_previous_registration,0.5
7,0.3242424242424243,0.19881744271988175,0.029426944524672385,0.12152490408005033,0.0,0.0011825572801182627,0.0011825572801182627,71,198,292,792,0.26394052044609667,0.19559228650137742,0.22468354430379747,real_20260626_161831_pallet_rack_cluster021_part1_ransac_icp_voxel005_hard,real_previous_registration,0.5
8,0.3239467849223947,0.19955654101995565,0.029465573247710423,0.12152339844757817,0.0,0.0004434589800443589,0.0004434589800443589,71,199,292,791,0.26296296296296295,0.19559228650137742,0.22432859399684044,real_20260626_161831_pallet_rack_cluster021_part1_ransac_icp_voxel005_hard,real_previous_registration,0.5
9,0.3238359201773836,0.20029563932002956,0.02938004499070829,0.12133947037784487,0.0,0.0,0.0,72,199,291,791,0.2656826568265683,0.19834710743801653,0.22712933753943218,real_20260626_161831_pallet_rack_cluster021_part1_ransac_icp_voxel005_hard,real_previous_registration,0.5
10,0.3238359201773836,0.20029563932002956,0.02938004499070829,0.12133947037784487,0.0,0.0,0.0,72,199,291,791,0.2656826568265683,0.19834710743801653,0.22712933753943218,real_20260626_161831_pallet_rack_cluster021_part1_ransac_icp_voxel005_hard,real_previous_registration,0.5
0,0.5,0.0029651593773165306,0.15844615720845923,0.13718422207284242,0.11844615720845922,0.19703484062268348,0.3154809978311427,0,4,203,1142,0.0,0.0,0.0,real_20260626_161911_pallet_rack_cluster021_part1_refined_from_voxel005_easy,real_previous_registration,0.5
1,0.5691874470527883,0.0007412898443291327,0.1536697835932747,0.1301613045267345,0.1136697835932747,0.19925871015567087,0.3129284937489456,0,1,203,1145,0.0,0.0,0.0,real_20260626_161911_pallet_rack_cluster021_part1_refined_from_voxel005_easy,real_previous_registration,0.5
2,0.6330425531071453,0.0,0.1191944288853074,0.21191185106026034,0.0791944288853074,0.2,0.27919442888530743,0,0,203,1146,0.0,0.0,0.0,real_20260626_161911_pallet_rack_cluster021_part1_refined_from_voxel005_easy,real_previous_registration,0.5
3,0.6622369819924527,0.0,0.1191944288853074,0.21191185106026034,0.0791944288853074,0.2,0.27919442888530743,0,0,203,1146,0.0,0.0,0.0,real_20260626_161911_pallet_rack_cluster021_part1_refined_from_voxel005_easy,real_previous_registration,0.5
0,0.5,0.0,0.15315000925446864,0.1708294156247957,0.11315000925446864,0.2,0.3131500092544687,0,0,375,976,0.0,0.0,0.0,real_20260626_161911_pallet_rack_cluster021_part1_refined_from_voxel005_medium,real_previous_registration,0.5
1,0.5631500092544687,0.0,0.15315000925446864,0.1708294156247957,0.11315000925446864,0.2,0.3131500092544687,0,0,375,976,0.0,0.0,0.0,real_20260626_161911_pallet_rack_cluster021_part1_refined_from_voxel005_medium,real_previous_registration,0.5
0,0.5,0.0,0.11897978707866294,0.18963641773073536,0.07897978707866293,0.2,0.27897978707866294,0,0,291,764,0.0,0.0,0.0,real_20260626_163327_pallet_rack_cluster022_part1_ransac_icp_voxel005_easy,real_previous_registration,0.5
1,0.5289797870786629,0.0,0.11897978707866294,0.18963641773073536,0.07897978707866293,0.2,0.27897978707866294,0,0,291,764,0.0,0.0,0.0,real_20260626_163327_pallet_rack_cluster022_part1_ransac_icp_voxel005_easy,real_previous_registration,0.5
0,0.5,0.0,0.30060915499049434,0.32615352305957535,0.26060915499049436,0.2,0.4606091549904944,0,0,60,788,0.0,0.0,0.0,real_20260626_163327_pallet_rack_cluster022_part1_ransac_icp_voxel005_hard,real_previous_registration,0.5
1,0.7106091549904944,0.0,0.30060915499049434,0.32615352305957535,0.26060915499049436,0.2,0.4606091549904944,0,0,60,788,0.0,0.0,0.0,real_20260626_163327_pallet_rack_cluster022_part1_ransac_icp_voxel005_hard,real_previous_registration,0.5
0,0.5,0.0007680491551459293,0.0074875723509491,0.0851633327960113,0.0,0.1992319508448541,0.1992319508448541,1,0,241,1060,1.0,0.004132231404958678,0.008230452674897118,real_20260626_163327_pallet_rack_cluster022_part1_ransac_icp_voxel005_medium,real_previous_registration,0.5
1,0.45019201228878647,0.002304147465437788,0.11427285302801206,0.2098273924783348,0.07427285302801206,0.19769585253456223,0.2719687055625743,1,2,241,1058,0.3333333333333333,0.004132231404958678,0.00816326530612245,real_20260626_163327_pallet_rack_cluster022_part1_ransac_icp_voxel005_medium,real_previous_registration,0.5
2,0.475040902183158,0.0007680491551459293,0.0074875723509491,0.0851633327960113,0.0,0.1992319508448541,0.1992319508448541,1,0,241,1060,1.0,0.004132231404958678,0.008230452674897118,real_20260626_163327_pallet_rack_cluster022_part1_ransac_icp_voxel005_medium,real_previous_registration,0.5
3,0.42523291447194445,0.004608294930875576,0.1093255847852103,0.19174494880857784,0.06932558478521031,0.19539170506912443,0.26471728985433474,2,4,240,1056,0.3333333333333333,0.008264462809917356,0.016129032258064516,real_20260626_163327_pallet_rack_cluster022_part1_ransac_icp_voxel005_medium,real_previous_registration,0.5
4,0.44571057298987365,0.0030721966205837174,0.09543350472080403,0.17443465849866938,0.05543350472080403,0.1969278033794163,0.25236130810022034,2,2,240,1058,0.5,0.008264462809917356,0.016260162601626018,real_20260626_163327_pallet_rack_cluster022_part1_ransac_icp_voxel005_medium,real_previous_registration,0.5
5,0.4519121268658236,0.002304147465437788,0.11427285302801206,0.2098273924783348,0.07427285302801206,0.19769585253456223,0.2719687055625743,1,2,241,1058,0.3333333333333333,0.004132231404958678,0.00816326530612245,real_20260626_163327_pallet_rack_cluster022_part1_ransac_icp_voxel005_medium,real_previous_registration,0.5
6,0.4767610167601951,0.0007680491551459293,0.0074875723509491,0.0851633327960113,0.0,0.1992319508448541,0.1992319508448541,1,0,241,1060,1.0,0.004132231404958678,0.008230452674897118,real_20260626_163327_pallet_rack_cluster022_part1_ransac_icp_voxel005_medium,real_previous_registration,0.5
7,0.4269530290489816,0.0038402457757296467,0.07920101562094647,0.16097357909635854,0.039201015620946474,0.19615975422427037,0.23536076984521684,2,3,240,1057,0.4,0.008264462809917356,0.01619433198380567,real_20260626_163327_pallet_rack_cluster022_part1_ransac_icp_voxel005_medium,real_previous_registration,0.5
8,0.41711410611386046,0.004608294930875576,0.1093255847852103,0.19174494880857784,0.06932558478521031,0.19539170506912443,0.26471728985433474,2,4,240,1056,0.3333333333333333,0.008264462809917356,0.016129032258064516,real_20260626_163327_pallet_rack_cluster022_part1_ransac_icp_voxel005_medium,real_previous_registration,0.5
9,0.43759176463178967,0.0030721966205837174,0.09543350472080403,0.17443465849866938,0.05543350472080403,0.1969278033794163,0.25236130810022034,2,2,240,1058,0.5,0.008264462809917356,0.016260162601626018,real_20260626_163327_pallet_rack_cluster022_part1_ransac_icp_voxel005_medium,real_previous_registration,0.5
10,0.4437933185077396,0.0030721966205837174,0.09543350472080403,0.17443465849866938,0.05543350472080403,0.1969278033794163,0.25236130810022034,2,2,240,1058,0.5,0.008264462809917356,0.016260162601626018,real_20260626_163327_pallet_rack_cluster022_part1_ransac_icp_voxel005_medium,real_previous_registration,0.5
0,0.5,0.0,0.09154252768159964,0.15262279010991983,0.051542527681599636,0.2,0.2515425276815996,0,0,168,648,0.0,0.0,0.0,real_20260703_131528_rm00_0260_02_cluster022_part1_ransac_icp_voxel005_easy,real_previous_registration,0.5
1,0.5015425276815997,0.0,0.09154252768159964,0.15262279010991983,0.051542527681599636,0.2,0.2515425276815996,0,0,168,648,0.0,0.0,0.0,real_20260703_131528_rm00_0260_02_cluster022_part1_ransac_icp_voxel005_easy,real_previous_registration,0.5
0,0.5,0.0,0.11396984304866493,0.19849881410323333,0.07396984304866494,0.2,0.27396984304866495,0,0,77,796,0.0,0.0,0.0,real_20260703_131528_rm00_0260_02_cluster022_part1_ransac_icp_voxel005_hard,real_previous_registration,0.5
1,0.5239698430486649,0.0,0.11396984304866493,0.19849881410323333,0.07396984304866494,0.2,0.27396984304866495,0,0,77,796,0.0,0.0,0.0,real_20260703_131528_rm00_0260_02_cluster022_part1_ransac_icp_voxel005_hard,real_previous_registration,0.5
0,0.5,0.0,0.07279196134578034,0.1478134199839435,0.032791961345780336,0.2,0.23279196134578034,0,0,303,578,0.0,0.0,0.0,real_20260703_131528_rm00_0260_02_cluster022_part1_ransac_icp_voxel005_medium,real_previous_registration,0.5
1,0.48279196134578034,0.0,0.07279196134578034,0.1478134199839435,0.032791961345780336,0.2,0.23279196134578034,0,0,303,578,0.0,0.0,0.0,real_20260703_131528_rm00_0260_02_cluster022_part1_ransac_icp_voxel005_medium,real_previous_registration,0.5
0,0.5,0.0045351473922902496,0.057704018731147576,0.05745489581028853,0.017704018731147575,0.19546485260770977,0.21316887133885734,4,0,594,284,1.0,0.006688963210702341,0.013289036544850499,real_20260703_135250_rm00_0260_02_cluster029_full_refined_from_voxel005_easy,real_previous_registration,0.5
1,0.4688378055792201,0.011337868480725623,0.05059233359367782,0.06811829385975854,0.010592333593677818,0.18866213151927438,0.1992544651129522,9,1,589,283,0.9,0.015050167224080268,0.029605263157894735,real_20260703_135250_rm00_0260_02_cluster029_full_refined_from_voxel005_easy,real_previous_registration,0.5
2,0.43226460629307933,0.01927437641723356,0.050995853671469374,0.06325133022299247,0.010995853671469373,0.18072562358276645,0.19172147725423583,16,1,582,283,0.9411764705882353,0.026755852842809364,0.05203252032520325,real_20260703_135250_rm00_0260_02_cluster029_full_refined_from_voxel005_easy,real_previous_registration,0.5
3,0.3980790540688571,0.04081632653061224,0.038228368400982676,0.06281411424180952,0.0,0.15918367346938778,0.15918367346938778,35,1,563,283,0.9722222222222222,0.05852842809364549,0.11041009463722398,real_20260703_135250_rm00_0260_02_cluster029_full_refined_from_voxel005_easy,real_previous_registration,0.5
4,0.35828313570151016,0.12471655328798185,0.027237361059684287,0.06898676031816894,0.0,0.07528344671201816,0.07528344671201816,104,6,494,278,0.9454545454545454,0.17391304347826086,0.2937853107344633,real_20260703_135250_rm00_0260_02_cluster029_full_refined_from_voxel005_easy,real_previous_registration,0.5
5,0.3394622740235056,0.1870748299319728,0.027127661515262205,0.07015171586127168,0.0,0.012925170068027209,0.012925170068027209,153,12,445,272,0.9272727272727272,0.25585284280936454,0.4010484927916121,real_20260703_135250_rm00_0260_02_cluster029_full_refined_from_voxel005_easy,real_previous_registration,0.5
6,0.33623098150649877,0.19387755102040816,0.026916161075129966,0.07005872834560586,0.0,0.006122448979591855,0.006122448979591855,158,13,440,271,0.9239766081871345,0.26421404682274247,0.41092327698309494,real_20260703_135250_rm00_0260_02_cluster029_full_refined_from_voxel005_easy,real_previous_registration,0.5
7,0.3347003692616008,0.1961451247165533,0.026866202159546018,0.07041531164208892,0.0,0.003854875283446718,0.003854875283446718,159,14,439,270,0.9190751445086706,0.26588628762541805,0.41245136186770426,real_20260703_135250_rm00_0260_02_cluster029_full_refined_from_voxel005_easy,real_previous_registration,0.5
8,0.33373665044073914,0.1984126984126984,0.026831595861058495,0.07047787319867337,0.0,0.0015873015873016094,0.0015873015873016094,161,14,437,270,0.92,0.2692307692307692,0.41655886157826644,real_20260703_135250_rm00_0260_02_cluster029_full_refined_from_voxel005_easy,real_previous_registration,0.5
9,0.33333982504391374,0.1984126984126984,0.026831595861058495,0.07047787319867337,0.0,0.0015873015873016094,0.0015873015873016094,161,14,437,270,0.92,0.2692307692307692,0.41655886157826644,real_20260703_135250_rm00_0260_02_cluster029_full_refined_from_voxel005_easy,real_previous_registration,0.5
0,0.5,0.003401360544217687,0.03892978237921007,0.11206199309332564,0.0,0.19659863945578232,0.19659863945578232,1,2,284,595,0.3333333333333333,0.0035087719298245615,0.006944444444444445,real_20260703_135250_rm00_0260_02_cluster029_full_refined_from_voxel005_medium,real_previous_registration,0.5
1,0.4508503401360544,0.022675736961451247,0.08014947434014622,0.08711429694741113,0.040149474340146214,0.17732426303854876,0.21747373737869496,13,7,272,590,0.65,0.0456140350877193,0.08524590163934426,real_20260703_135250_rm00_0260_02_cluster029_full_refined_from_voxel005_medium,real_previous_registration,0.5
2,0.4466687487165634,0.024943310657596373,0.08194823645231841,0.08676854029664469,0.04194823645231841,0.17505668934240365,0.21700492579472205,14,8,271,589,0.6363636363636364,0.04912280701754386,0.09120521172638435,real_20260703_135250_rm00_0260_02_cluster029_full_refined_from_voxel005_medium,real_previous_registration,0.5
3,0.44485281283328093,0.024943310657596373,0.08194823645231841,0.08676854029664469,0.04194823645231841,0.17505668934240365,0.21700492579472205,14,8,271,589,0.6363636363636364,0.04912280701754386,0.09120521172638435,real_20260703_135250_rm00_0260_02_cluster029_full_refined_from_voxel005_medium,real_previous_registration,0.5
0,0.5,0.0,0.08961609481341516,0.1288646217265496,0.04961609481341516,0.2,0.24961609481341518,0,0,230,467,0.0,0.0,0.0,real_20260706_130424_table_cluster004_table1_refined_from_identity_scale1_hard,real_previous_registration,0.5
1,0.4996160948134152,0.0,0.08961609481341516,0.1288646217265496,0.04961609481341516,0.2,0.24961609481341518,0,0,230,467,0.0,0.0,0.0,real_20260706_130424_table_cluster004_table1_refined_from_identity_scale1_hard,real_previous_registration,0.5
0,0.5,0.0,0.14429884766797277,0.2103770941401623,0.10429884766797276,0.2,0.30429884766797277,0,0,55,642,0.0,0.0,0.0,real_20260706_130424_table_cluster004_table1_refined_from_identity_scale1_medium,real_previous_registration,0.5
1,0.5542988476679728,0.0,0.14429884766797277,0.2103770941401623,0.10429884766797276,0.2,0.30429884766797277,0,0,55,642,0.0,0.0,0.0,real_20260706_130424_table_cluster004_table1_refined_from_identity_scale1_medium,real_previous_registration,0.5
0,0.5,0.08571428571428572,0.14056529537651669,0.09374669390712674,0.10056529537651668,0.1142857142857143,0.21485100966223097,55,35,388,572,0.6111111111111112,0.12415349887133183,0.2063789868667917,real_20260706_145031_table2_cluster004_table2_refined_from_identity_easy,real_previous_registration,0.5
1,0.5719938668050881,0.02,0.1376102287646233,0.09100780410791692,0.0976102287646233,0.18000000000000002,0.2776102287646233,12,9,431,598,0.5714285714285714,0.02708803611738149,0.051724137931034475,real_20260706_145031_table2_cluster004_table2_refined_from_identity_easy,real_previous_registration,0.5
2,0.6246040955697114,0.004761904761904762,0.139375481427951,0.08712924046469481,0.099375481427951,0.19523809523809524,0.29461357666604626,3,2,440,605,0.6,0.006772009029345372,0.013392857142857142,real_20260706_145031_table2_cluster004_table2_refined_from_identity_easy,real_previous_registration,0.5
3,0.6751700531881386,0.002857142857142857,0.14553655185659856,0.10147559790947473,0.10553655185659855,0.19714285714285715,0.30267940899945567,1,2,442,605,0.3333333333333333,0.002257336343115124,0.004484304932735425,real_20260706_145031_table2_cluster004_table2_refined_from_identity_easy,real_previous_registration,0.5
4,0.7314208907590228,0.0009523809523809524,0.1342672535544371,0.0562216443368184,0.0942672535544371,0.19904761904761906,0.29331487260205613,1,0,442,607,1.0,0.002257336343115124,0.0045045045045045045,real_20260706_145031_table2_cluster004_table2_refined_from_identity_easy,real_previous_registration,0.5
5,0.7759262395515552,0.0,0.12220895029570031,0.11120523474800566,0.0822089502957003,0.2,0.2822089502957003,0,0,443,607,0.0,0.0,0.0,real_20260706_145031_table2_cluster004_table2_refined_from_identity_easy,real_previous_registration,0.5
6,0.8081351898472554,0.0,0.12220895029570031,0.11120523474800566,0.0822089502957003,0.2,0.2822089502957003,0,0,443,607,0.0,0.0,0.0,real_20260706_145031_table2_cluster004_table2_refined_from_identity_easy,real_previous_registration,0.5
0,0.5,0.049523809523809526,0.09495849784242621,0.12550265123008011,0.054958497842426214,0.15047619047619049,0.2054346883186167,10,42,162,836,0.19230769230769232,0.05813953488372093,0.08928571428571427,real_20260706_145031_table2_cluster004_table2_refined_from_identity_hard,real_previous_registration,0.5
1,0.5173394502233786,0.035238095238095235,0.0956779884737673,0.1253485017916279,0.055677988473767294,0.16476190476190478,0.22043989323567206,6,31,166,847,0.16216216216216217,0.03488372093023256,0.057416267942583726,real_20260706_145031_table2_cluster004_table2_refined_from_identity_hard,real_previous_registration,0.5
2,0.5318269625066697,0.029523809523809525,0.09752175275963682,0.12490595618378884,0.057521752759636814,0.17047619047619048,0.22799794323582728,5,26,167,852,0.16129032258064516,0.029069767441860465,0.04926108374384237,real_20260706_145031_table2_cluster004_table2_refined_from_identity_hard,real_previous_registration,0.5
3,0.5467296676472589,0.02761904761904762,0.09976221062607853,0.12504584279044081,0.059762210626078525,0.17238095238095238,0.23214316300703092,5,24,167,854,0.1724137931034483,0.029069767441860465,0.04975124378109452,real_20260706_145031_table2_cluster004_table2_refined_from_identity_hard,real_previous_registration,0.5
4,0.5633966401780994,0.021904761904761906,0.10037577922451899,0.12796256885492358,0.060375779224518984,0.1780952380952381,0.2384710173197571,3,20,169,858,0.13043478260869565,0.01744186046511628,0.030769230769230767,real_20260706_145031_table2_cluster004_table2_refined_from_identity_hard,real_previous_registration,0.5
5,0.5792486098788089,0.01619047619047619,0.10487878899183563,0.1307725718197467,0.06487878899183563,0.1838095238095238,0.24868831280135945,1,16,171,862,0.058823529411764705,0.005813953488372093,0.010582010582010583,real_20260706_145031_table2_cluster004_table2_refined_from_identity_hard,real_previous_registration,0.5
6,0.5981750179182636,0.011428571428571429,0.10170476738836354,0.12943608210905552,0.061704767388363536,0.18857142857142858,0.2502761959597921,1,11,171,867,0.08333333333333333,0.005813953488372093,0.010869565217391306,real_20260706_145031_table2_cluster004_table2_refined_from_identity_hard,real_previous_registration,0.5
7,0.6127369281637699,0.007619047619047619,0.10220187096616455,0.13032790401050193,0.06220187096616455,0.1923809523809524,0.25458282334711696,1,7,171,871,0.125,0.005813953488372093,0.01111111111111111,real_20260706_145031_table2_cluster004_table2_refined_from_identity_hard,real_previous_registration,0.5
8,0.6268435610346963,0.006666666666666667,0.10042094353284904,0.13196252999318753,0.06042094353284904,0.19333333333333336,0.2537542768661824,1,6,171,872,0.14285714285714285,0.005813953488372093,0.011173184357541898,real_20260706_145031_table2_cluster004_table2_refined_from_identity_hard,real_previous_registration,0.5
9,0.638931171234212,0.006666666666666667,0.10042094353284904,0.13196252999318753,0.06042094353284904,0.19333333333333336,0.2537542768661824,1,6,171,872,0.14285714285714285,0.005813953488372093,0.011173184357541898,real_20260706_145031_table2_cluster004_table2_refined_from_identity_hard,real_previous_registration,0.5
0,0.5,0.011428571428571429,0.19239498497490645,0.0844798356935162,0.15239498497490644,0.18857142857142858,0.34096641354633506,8,4,267,771,0.6666666666666666,0.02909090909090909,0.055749128919860634,real_20260706_145031_table2_cluster004_table2_refined_from_identity_medium,real_previous_registration,0.5
1,0.6052521278320493,0.0019047619047619048,0.177376711562965,0.054384186107036256,0.137376711562965,0.1980952380952381,0.3354719496582031,2,0,273,775,1.0,0.007272727272727273,0.014440433212996389,real_20260706_145031_table2_cluster004_table2_refined_from_identity_medium,real_previous_registration,0.5
2,0.6931050298712047,0.0009523809523809524,0.1528297705662519,0.0490975174580626,0.1128297705662519,0.19904761904761906,0.31187738961387096,1,0,274,775,1.0,0.0036363636363636364,0.007246376811594203,real_20260706_145031_table2_cluster004_table2_refined_from_identity_medium,real_previous_registration,0.5
3,0.7561728956755518,0.0009523809523809524,0.1528297705662519,0.0490975174580626,0.1128297705662519,0.19904761904761906,0.31187738961387096,1,0,274,775,1.0,0.0036363636363636364,0.007246376811594203,real_20260706_145031_table2_cluster004_table2_refined_from_identity_medium,real_previous_registration,0.5
0,0.5,0.04104104104104104,0.07805563031679374,0.32248457563849,0.038055630316793744,0.15895895895895898,0.19701458927575272,0,41,76,882,0.0,0.0,0.0,real_20260706_150131_table3_cluster004_table3_refined_from_identity_easy,real_previous_registration,0.5
1,0.498315890577054,0.04104104104104104,0.07805563031679374,0.32248457563849,0.038055630316793744,0.15895895895895898,0.19701458927575272,0,41,76,882,0.0,0.0,0.0,real_20260706_150131_table3_cluster004_table3_refined_from_identity_easy,real_previous_registration,0.5
0,0.5,0.002,0.2625853432536921,0.19150852470835567,0.2225853432536921,0.198,0.4205853432536921,0,2,88,910,0.0,0.0,0.0,real_20260706_150131_table3_cluster004_table3_refined_from_identity_medium,real_previous_registration,0.5
1,0.6730853432536921,0.0,0.2357627728787333,0.20488803457485313,0.19576277287873328,0.2,0.3957627728787333,0,0,88,912,0.0,0.0,0.0,real_20260706_150131_table3_cluster004_table3_refined_from_identity_medium,real_previous_registration,0.5
2,0.8188481161324254,0.0,0.2357627728787333,0.20488803457485313,0.19576277287873328,0.2,0.3957627728787333,0,0,88,912,0.0,0.0,0.0,real_20260706_150131_table3_cluster004_table3_refined_from_identity_medium,real_previous_registration,0.5
0,0.5,0.0016384489350081922,0.051992110475948296,0.18052307741464158,0.011992110475948295,0.19836155106499181,0.2103536615409401,0,3,156,1672,0.0,0.0,0.0,real_20260706_153654_table_fanuc_cluster000_table1_refined_from_identity_easy,real_previous_registration,0.5
1,0.46240172270970037,0.004915346805024577,0.05827699485637957,0.19605806769374634,0.01827699485637957,0.19508465319497542,0.213361648051355,0,9,156,1666,0.0,0.0,0.0,real_20260706_153654_table_fanuc_cluster000_table1_refined_from_identity_easy,real_previous_registration,0.5
2,0.43190755426733607,0.011469142545057346,0.0607942032643099,0.1826464669866839,0.020794203264309898,0.18853085745494266,0.20932506071925255,3,18,153,1657,0.14285714285714285,0.019230769230769232,0.03389830508474577,real_20260706_153654_table_fanuc_cluster000_table1_refined_from_identity_easy,real_previous_registration,0.5
3,0.4055690431679103,0.026761332605133806,0.05634320924517592,0.19010002320376743,0.01634320924517592,0.1732386673948662,0.1895818766400421,6,43,150,1632,0.12244897959183673,0.038461538461538464,0.05853658536585366,real_20260706_153654_table_fanuc_cluster000_table1_refined_from_identity_easy,real_previous_registration,0.5
4,0.37860258556436965,0.06499180775532495,0.04618478841054612,0.21409717151707217,0.0061847884105461215,0.13500819224467506,0.14119298065522118,8,111,148,1564,0.06722689075630252,0.05128205128205128,0.05818181818181818,real_20260706_153654_table_fanuc_cluster000_table1_refined_from_identity_easy,real_previous_registration,0.5
5,0.35103532591374703,0.1206990715456035,0.0412048419504013,0.22760423332733482,0.0012048419504012975,0.07930092845439651,0.08050577040479781,9,212,147,1463,0.04072398190045249,0.057692307692307696,0.04774535809018567,real_20260706_153654_table_fanuc_cluster000_table1_refined_from_identity_easy,real_previous_registration,0.5
6,0.3324149357505492,0.1567449481157837,0.04106538274697612,0.22708228306699943,0.0010653827469761165,0.0432550518842163,0.04432043463119242,12,275,144,1400,0.041811846689895474,0.07692307692307693,0.054176072234762986,real_20260706_153654_table_fanuc_cluster000_table1_refined_from_identity_easy,real_previous_registration,0.5
7,0.3226665555264712,0.1725832878208629,0.041829426372105766,0.226120958185454,0.001829426372105765,0.027416712179137104,0.02924613855124287,13,303,143,1372,0.04113924050632911,0.08333333333333333,0.05508474576271186,real_20260706_153654_table_fanuc_cluster000_table1_refined_from_identity_easy,real_previous_registration,0.5
8,0.3176418038537927,0.18241398143091206,0.04227163576732883,0.22577038628321128,0.0022716357673288265,0.017586018569087952,0.01985765433641678,15,319,141,1356,0.04491017964071856,0.09615384615384616,0.061224489795918366,real_20260706_153654_table_fanuc_cluster000_table1_refined_from_identity_easy,real_previous_registration,0.5
9,0.31551693497884953,0.18732932823593665,0.04268208581345469,0.22545673912425745,0.0026820858134546863,0.012670671764063363,0.015352757577518049,15,328,141,1347,0.043731778425655975,0.09615384615384616,0.06012024048096193,real_20260706_153654_table_fanuc_cluster000_table1_refined_from_identity_easy,real_previous_registration,0.5
10,0.31503135285128836,0.18951392681594756,0.04256741204110646,0.22513307107704367,0.0025674120411064566,0.010486073184052452,0.013053485225158909,15,332,141,1343,0.043227665706051875,0.09615384615384616,0.05964214711729623,real_20260706_153654_table_fanuc_cluster000_table1_refined_from_identity_easy,real_previous_registration,0.5
11,0.3149772465963817,0.18951392681594756,0.04256741204110646,0.22513307107704367,0.0025674120411064566,0.010486073184052452,0.013053485225158909,15,332,141,1343,0.043227665706051875,0.09615384615384616,0.05964214711729623,real_20260706_153654_table_fanuc_cluster000_table1_refined_from_identity_easy,real_previous_registration,0.5
0,0.5,0.009538950715421303,0.06105615117430257,0.12182953221341616,0.021056151174302568,0.19046104928457872,0.21151720045888128,7,11,293,1576,0.3888888888888889,0.023333333333333334,0.04402515723270441,real_20260706_153654_table_fanuc_cluster000_table1_refined_from_identity_hard,real_previous_registration,0.5
1,0.4734408888531579,0.01377848436671966,0.05843765285309985,0.12392381713255991,0.018437652853099847,0.18622151563328035,0.2046591684863802,8,18,292,1569,0.3076923076923077,0.02666666666666667,0.049079754601227,real_20260706_153654_table_fanuc_cluster000_table1_refined_from_identity_hard,real_previous_registration,0.5
2,0.44532316279793766,0.025967143614202437,0.06215927650868963,0.1218866698160977,0.02215927650868963,0.17403285638579757,0.1961921328944872,17,32,283,1555,0.3469387755102041,0.056666666666666664,0.09742120343839542,real_20260706_153654_table_fanuc_cluster000_table1_refined_from_identity_hard,real_previous_registration,0.5
3,0.4239742252101779,0.0397456279809221,0.06133060209536289,0.12271503432493167,0.02133060209536289,0.1602543720190779,0.1815849741144408,27,48,273,1539,0.36,0.09,0.14400000000000002,real_20260706_153654_table_fanuc_cluster000_table1_refined_from_identity_hard,real_previous_registration,0.5
4,0.4052412343007713,0.0598834128245893,0.058527869148042116,0.12710135170342365,0.018527869148042116,0.1401165871754107,0.1586444563234528,31,82,269,1505,0.2743362831858407,0.10333333333333333,0.15012106537530265,real_20260706_153654_table_fanuc_cluster000_table1_refined_from_identity_hard,real_previous_registration,0.5
5,0.38873995665496075,0.08532061473237944,0.05599895890338775,0.13021839153257328,0.015998958903387747,0.11467938526762057,0.13067834417100832,39,122,261,1465,0.2422360248447205,0.13,0.16919739696312364,real_20260706_153654_table_fanuc_cluster000_table1_refined_from_identity_hard,real_previous_registration,0.5
6,0.37606906924144334,0.11287758346581876,0.052617751908770306,0.132649226103597,0.012617751908770306,0.08712241653418125,0.09974016844295155,46,167,254,1420,0.215962441314554,0.15333333333333332,0.1793372319688109,real_20260706_153654_table_fanuc_cluster000_table1_refined_from_identity_hard,real_previous_registration,0.5
7,0.3669062170166683,0.1293057763645999,0.05230694435943599,0.13369571223457463,0.012306944359435988,0.07069422363540012,0.08300116799483612,48,196,252,1391,0.19672131147540983,0.16,0.1764705882352941,real_20260706_153654_table_fanuc_cluster000_table1_refined_from_identity_hard,real_previous_registration,0.5
8,0.3615396054672543,0.13937466878643348,0.05345800334805874,0.13501686493826692,0.013458003348058738,0.06062533121356653,0.07408333456162527,49,214,251,1373,0.18631178707224336,0.16333333333333333,0.17406749555950266,real_20260706_153654_table_fanuc_cluster000_table1_refined_from_identity_hard,real_previous_registration,0.5
9,0.3598412760119214,0.14096449390567037,0.05331700016393172,0.1348635921585798,0.013317000163931718,0.05903550609432964,0.07235250625826137,49,217,251,1370,0.18421052631578946,0.16333333333333333,0.17314487632508832,real_20260706_153654_table_fanuc_cluster000_table1_refined_from_identity_hard,real_previous_registration,0.5
10,0.3583993996522707,0.14308426073131955,0.053046579901914005,0.13490307872078744,0.013046579901914004,0.05691573926868046,0.06996231917059446,49,221,251,1366,0.1814814814814815,0.16333333333333333,0.17192982456140354,real_20260706_153654_table_fanuc_cluster000_table1_refined_from_identity_hard,real_previous_registration,0.5
11,0.3572170447370146,0.14414414414414414,0.053098038868526876,0.1347425435255443,0.013098038868526875,0.05585585585585587,0.06895389472438274,50,222,250,1365,0.18382352941176472,0.16666666666666666,0.17482517482517484,real_20260706_153654_table_fanuc_cluster000_table1_refined_from_identity_hard,real_previous_registration,0.5
12,0.3563511196415775,0.14520402755696873,0.05277015673474684,0.13468097263983206,0.012770156734746838,0.05479597244303128,0.06756612917777811,50,224,250,1363,0.18248175182481752,0.16666666666666666,0.17421602787456447,real_20260706_153654_table_fanuc_cluster000_table1_refined_from_identity_hard,real_previous_registration,0.5
13,0.3554222832655665,0.14573396926338103,0.052628595253985964,0.13466861351865694,0.012628595253985964,0.05426603073661898,0.06689462599060494,50,225,250,1362,0.18181818181818182,0.16666666666666666,0.17391304347826086,real_20260706_153654_table_fanuc_cluster000_table1_refined_from_identity_hard,real_previous_registration,0.5
14,0.35448437083539774,0.1478537360890302,0.05294286783660633,0.1348301253733527,0.01294286783660633,0.0521462639109698,0.06508913174757613,50,229,250,1358,0.17921146953405018,0.16666666666666666,0.17271157167530224,real_20260706_153654_table_fanuc_cluster000_table1_refined_from_identity_hard,real_previous_registration,0.5
15,0.3543906726942616,0.1478537360890302,0.05294286783660633,0.1348301253733527,0.01294286783660633,0.0521462639109698,0.06508913174757613,50,229,250,1358,0.17921146953405018,0.16666666666666666,0.17271157167530224,real_20260706_153654_table_fanuc_cluster000_table1_refined_from_identity_hard,real_previous_registration,0.5
0,0.5,0.013290802764486975,0.057354536246127054,0.15329947065810623,0.017354536246127053,0.18670919723551305,0.20406373348164009,3,22,304,1552,0.12,0.009771986970684038,0.018072289156626505,real_20260706_153654_table_fanuc_cluster000_table1_refined_from_identity_medium,real_previous_registration,0.5
1,0.4706772369372488,0.018075491759702286,0.06373191058928934,0.14520338598930346,0.02373191058928934,0.1819245082402977,0.20565641882958705,6,28,301,1546,0.17647058823529413,0.019543973941368076,0.03519061583577712,real_20260706_153654_table_fanuc_cluster000_table1_refined_from_identity_medium,real_previous_registration,0.5
2,0.4489280204664637,0.025518341307814992,0.06817120166845514,0.1415623072297313,0.02817120166845514,0.17448165869218502,0.20265286036064015,12,36,295,1538,0.25,0.03908794788273615,0.0676056338028169,real_20260706_153654_table_fanuc_cluster000_table1_refined_from_identity_medium,real_previous_registration,0.5
3,0.43347880746187256,0.03189792663476874,0.06557994272616076,0.14211346220514798,0.025579942726160758,0.16810207336523128,0.19368201609139205,14,46,293,1528,0.23333333333333334,0.04560260586319218,0.0762942779291553,real_20260706_153654_table_fanuc_cluster000_table1_refined_from_identity_medium,real_previous_registration,0.5
4,0.41703323184672547,0.043593833067517275,0.06032773753232031,0.14555931886495369,0.02032773753232031,0.15640616693248274,0.17673390446480305,17,65,290,1509,0.2073170731707317,0.05537459283387622,0.08740359897172237,real_20260706_153654_table_fanuc_cluster000_table1_refined_from_identity_medium,real_previous_registration,0.5
5,0.3982594276459251,0.06379585326953748,0.05213795540878381,0.15332350739185968,0.012137955408783811,0.13620414673046255,0.14834210213924637,21,99,286,1475,0.175,0.06840390879478828,0.09836065573770492,real_20260706_153654_table_fanuc_cluster000_table1_refined_from_identity_medium,real_previous_registration,0.5
6,0.37634634637209324,0.10260499734183945,0.04479475919338666,0.15939970808196033,0.0047947591933866565,0.09739500265816056,0.10218976185154721,26,167,281,1407,0.13471502590673576,0.08469055374592833,0.104,real_20260706_153654_table_fanuc_cluster000_table1_refined_from_identity_medium,real_previous_registration,0.5
7,0.35679235490093975,0.13343965975544922,0.04891852417136403,0.15880960355872037,0.008918524171364031,0.06656034024455079,0.07547886441591482,34,217,273,1357,0.13545816733067728,0.11074918566775244,0.12186379928315412,real_20260706_153654_table_fanuc_cluster000_table1_refined_from_identity_medium,real_previous_registration,0.5
8,0.3490707940111661,0.15257841573631048,0.048687460384578524,0.15880176345516656,0.008687460384578523,0.04742158426368953,0.056109044648268054,40,247,267,1327,0.13937282229965156,0.13029315960912052,0.13468013468013465,real_20260706_153654_table_fanuc_cluster000_table1_refined_from_identity_medium,real_previous_registration,0.5
9,0.3459028583298222,0.15629984051036683,0.04850462474205064,0.15850224795215367,0.008504624742050639,0.043700159489633184,0.05220478423168382,41,253,266,1321,0.13945578231292516,0.13355048859934854,0.13643926788685523,real_20260706_153654_table_fanuc_cluster000_table1_refined_from_identity_medium,real_previous_registration,0.5
10,0.3434824431994645,0.16002126528442318,0.0490156854440606,0.15813056425716515,0.009015685444060596,0.039978734715576836,0.04899442015963743,42,259,265,1315,0.13953488372093023,0.13680781758957655,0.13815789473684212,real_20260706_153654_table_fanuc_cluster000_table1_refined_from_identity_medium,real_previous_registration,0.5
11,0.3425034449646309,0.16108452950558214,0.04889823625451841,0.1579773582924873,0.00889823625451841,0.038915470494417875,0.047813706748936285,42,261,265,1313,0.13861386138613863,0.13680781758957655,0.1377049180327869,real_20260706_153654_table_fanuc_cluster000_table1_refined_from_identity_medium,real_previous_registration,0.5
12,0.34167281359554486,0.1621477937267411,0.048666739678711234,0.1580520343270897,0.008666739678711233,0.037852206273258915,0.04651894595197015,42,263,265,1311,0.1377049180327869,0.13680781758957655,0.13725490196078433,real_20260706_153654_table_fanuc_cluster000_table1_refined_from_identity_medium,real_previous_registration,0.5
13,0.34087650170594136,0.16321105794790006,0.048827155083557866,0.1580986945102544,0.008827155083557865,0.036788942052099954,0.04561609713565782,42,265,265,1309,0.13680781758957655,0.13680781758957655,0.13680781758957655,real_20260706_153654_table_fanuc_cluster000_table1_refined_from_identity_medium,real_previous_registration,0.5
14,0.34050642127647424,0.16427432216905902,0.04859565551246643,0.15808773659761352,0.008595655512466431,0.035725677830940994,0.044321333343407425,42,267,265,1307,0.13592233009708737,0.13680781758957655,0.13636363636363635,real_20260706_153654_table_fanuc_cluster000_table1_refined_from_identity_medium,real_previous_registration,0.5
15,0.34017065733120544,0.16480595427963848,0.048476759326775316,0.1581968522707766,0.008476759326775316,0.03519404572036153,0.04367080504713684,42,268,265,1306,0.13548387096774195,0.13680781758957655,0.1361426256077796,real_20260706_153654_table_fanuc_cluster000_table1_refined_from_identity_medium,real_previous_registration,0.5
16,0.33984890522789035,0.16480595427963848,0.048476759326775316,0.1581968522707766,0.008476759326775316,0.03519404572036153,0.04367080504713684,42,268,265,1306,0.13548387096774195,0.13680781758957655,0.1361426256077796,real_20260706_153654_table_fanuc_cluster000_table1_refined_from_identity_medium,real_previous_registration,0.5
0,0.5,0.0552423900789177,0.0793363204279456,0.10826400571770296,0.0393363204279456,0.1447576099210823,0.1840939303490279,26,23,65,773,0.5306122448979592,0.2857142857142857,0.37142857142857144,real_20260707_154904_ur10_choko_base_cluster016_base_refined_from_center_v2_medium,real_previous_registration,0.5
1,0.5031469179476751,0.05186020293122886,0.08034277647094187,0.10802285707000996,0.04034277647094187,0.14813979706877115,0.188482573539713,24,22,67,774,0.5217391304347826,0.26373626373626374,0.3503649635036496,real_20260707_154904_ur10_choko_base_cluster016_base_refined_from_center_v2_medium,real_previous_registration,0.5
2,0.5064547451514242,0.046223224351747465,0.07869356881063798,0.10693306807833111,0.03869356881063798,0.15377677564825254,0.19247034445889052,22,19,69,777,0.5365853658536586,0.24175824175824176,0.3333333333333333,real_20260707_154904_ur10_choko_base_cluster016_base_refined_from_center_v2_medium,real_previous_registration,0.5
3,0.506704120049999,0.046223224351747465,0.07869356881063798,0.10693306807833111,0.03869356881063798,0.15377677564825254,0.19247034445889052,22,19,69,777,0.5365853658536586,0.24175824175824176,0.3333333333333333,real_20260707_154904_ur10_choko_base_cluster016_base_refined_from_center_v2_medium,real_previous_registration,0.5
0,0.5,0.27607361963190186,0.0630077451938042,0.09511887464576331,0.023007745193804198,0.0,0.023007745193804198,140,220,109,835,0.3888888888888889,0.5622489959839357,0.4597701149425287,wall_column_added_outliers_hard_mixed,added_outliers,0.5
1,0.5230077451938042,0.24309815950920247,0.06590452162407184,0.0925274072665185,0.025904521624071843,0.0,0.025904521624071843,132,185,117,870,0.416403785488959,0.5301204819277109,0.4664310954063605,wall_column_added_outliers_hard_mixed,added_outliers,0.5
2,0.5489122668178761,0.21088957055214724,0.06907074994483793,0.08963454438974573,0.02907074994483793,0.0,0.02907074994483793,122,153,127,902,0.44363636363636366,0.4899598393574297,0.46564885496183206,wall_column_added_outliers_hard_mixed,added_outliers,0.5
3,0.577983016762714,0.18021472392638035,0.07180246370375926,0.08670809601191969,0.031802463703759255,0.019785276073619656,0.05158773977737891,113,122,136,933,0.4808510638297872,0.4538152610441767,0.4669421487603305,wall_column_added_outliers_hard_mixed,added_outliers,0.5
4,0.6048391614480684,0.15644171779141106,0.07359635919104161,0.08445677977630087,0.03359635919104161,0.043558282208588955,0.07715464139963057,103,101,146,954,0.5049019607843137,0.41365461847389556,0.4547461368653421,wall_column_added_outliers_hard_mixed,added_outliers,0.5
5,0.6275459500869628,0.13266871165644173,0.07608915443605493,0.07985681941680889,0.036089154436054934,0.06733128834355828,0.10342044277961321,94,79,155,976,0.5433526011560693,0.37751004016064255,0.44549763033175355,wall_column_added_outliers_hard_mixed,added_outliers,0.5
6,0.6468022824371281,0.11503067484662577,0.07851345786862489,0.07796513572816456,0.03851345786862489,0.08496932515337424,0.12348278302199914,84,66,165,989,0.56,0.3373493975903614,0.42105263157894735,wall_column_added_outliers_hard_mixed,added_outliers,0.5
7,0.6640734090174094,0.10352760736196319,0.07988803166871028,0.07674368247117307,0.03988803166871028,0.09647239263803682,0.1363604243067471,76,59,173,996,0.562962962962963,0.30522088353413657,0.39583333333333337,wall_column_added_outliers_hard_mixed,added_outliers,0.5
8,0.6798433425266105,0.09202453987730061,0.08039501606492162,0.07460436366650788,0.04039501606492162,0.1079754601226994,0.14837047618762103,70,50,179,1005,0.5833333333333334,0.28112449799196787,0.3794037940379404,wall_column_added_outliers_hard_mixed,added_outliers,0.5
9,0.6932444935608573,0.07975460122699386,0.0825645711573574,0.07126892078599549,0.04256457115735739,0.12024539877300615,0.16280996993036354,64,40,185,1015,0.6153846153846154,0.2570281124497992,0.3626062322946176,wall_column_added_outliers_hard_mixed,added_outliers,0.5
10,0.7057477150249631,0.06365030674846625,0.08285020077471404,0.06913498959547297,0.04285020077471404,0.13634969325153376,0.1791998940262478,51,32,198,1023,0.6144578313253012,0.20481927710843373,0.3072289156626506,wall_column_added_outliers_hard_mixed,added_outliers,0.5
11,0.7145104924867938,0.057515337423312884,0.0822517738166255,0.06808171814554595,0.0422517738166255,0.14248466257668713,0.18473643639331264,47,28,202,1027,0.6266666666666667,0.18875502008032127,0.2901234567901234,wall_column_added_outliers_hard_mixed,added_outliers,0.5
12,0.7211411006592475,0.054447852760736194,0.0837360196115993,0.06598178484735781,0.04373601961159929,0.14555214723926382,0.1892881668508631,46,25,203,1030,0.647887323943662,0.18473895582329317,0.28750000000000003,wall_column_added_outliers_hard_mixed,added_outliers,0.5
13,0.7284890834610309,0.05138036809815951,0.08414472754687749,0.06635869355459002,0.04414472754687749,0.1486196319018405,0.19276435944871798,43,24,206,1031,0.6417910447761194,0.17269076305220885,0.2721518987341772,wall_column_added_outliers_hard_mixed,added_outliers,0.5
14,0.7354789030324482,0.04294478527607362,0.08647057012281126,0.06313892376896955,0.04647057012281126,0.1570552147239264,0.20352578484673764,38,18,211,1037,0.6785714285714286,0.15261044176706828,0.24918032786885247,wall_column_added_outliers_hard_mixed,added_outliers,0.5
15,0.7426856694742778,0.039110429447852764,0.0879851408040863,0.058512515663408954,0.0479851408040863,0.16088957055214725,0.20887471135623356,38,13,211,1042,0.7450980392156863,0.15261044176706828,0.25333333333333335,wall_column_added_outliers_hard_mixed,added_outliers,0.5
16,0.7504484176403273,0.029141104294478526,0.09139846171168056,0.0566381823752832,0.05139846171168056,0.17085889570552149,0.22225735741720204,29,9,220,1046,0.7631578947368421,0.11646586345381527,0.20209059233449478,wall_column_added_outliers_hard_mixed,added_outliers,0.5
17,0.7591321554256275,0.02607361963190184,0.09275613760574856,0.0547498508200835,0.052756137605748564,0.17392638036809818,0.22668251797384675,27,7,222,1048,0.7941176470588235,0.10843373493975904,0.19081272084805653,wall_column_added_outliers_hard_mixed,added_outliers,0.5
18,0.7684066979393516,0.023006134969325152,0.09548423009598196,0.052976604794925476,0.05548423009598196,0.17699386503067485,0.23247809512665682,24,6,225,1049,0.8,0.0963855421686747,0.17204301075268819,wall_column_added_outliers_hard_mixed,added_outliers,0.5
19,0.7796424617776648,0.013803680981595092,0.09900560212410892,0.0516606611026138,0.059005602124108915,0.18619631901840492,0.24520192114251382,16,2,233,1053,0.8888888888888888,0.0642570281124498,0.11985018726591759,wall_column_added_outliers_hard_mixed,added_outliers,0.5
0,0.5,0.4175217048145225,0.032277223847897656,0.04763975323660903,0.0,0.0,0.0,460,69,458,280,0.8695652173913043,0.5010893246187363,0.635798203178991,wall_column_added_outliers_medium_2,added_outliers,0.5
1,0.5,0.4175217048145225,0.032277223847897656,0.04763975323660903,0.0,0.0,0.0,460,69,458,280,0.8695652173913043,0.5010893246187363,0.635798203178991,wall_column_added_outliers_medium_2,added_outliers,0.5
0,0.5,0.35978004713275724,0.04086555935382588,0.05776274947153673,0.0008655593538258802,0.0,0.0008655593538258802,332,126,313,502,0.7248908296943232,0.5147286821705427,0.6019945602901179,wall_column_added_outliers_medium_3,added_outliers,0.5
1,0.5008655593538259,0.35742340926944227,0.04082680692723066,0.05773630357488089,0.0008268069272306597,0.0,0.0008268069272306597,330,125,315,503,0.7252747252747253,0.5116279069767442,0.6,wall_column_added_outliers_medium_3,added_outliers,0.5
0,0.5,0.32866666666666666,0.03556046173064999,0.06173514579670594,0.0,0.0,0.0,337,156,417,590,0.6835699797160243,0.4469496021220159,0.5404971932638332,wall_column_partial_overlap_hard_mixed,partial_overlap,0.5
1,0.5,0.32866666666666666,0.03556046173064999,0.06173514579670594,0.0,0.0,0.0,337,156,417,590,0.6835699797160243,0.4469496021220159,0.5404971932638332,wall_column_partial_overlap_hard_mixed,partial_overlap,0.5
0,0.5,0.30933333333333335,0.051792933794295684,0.07926578260492238,0.011792933794295683,0.0,0.011792933794295683,240,224,289,747,0.5172413793103449,0.45368620037807184,0.48338368580060426,wall_column_partial_overlap_medium_2,partial_overlap,0.5
1,0.5117929337942957,0.2926666666666667,0.05213262431493618,0.07821517708662813,0.012132624314936176,0.0,0.012132624314936176,233,206,296,765,0.530751708428246,0.44045368620037806,0.48140495867768596,wall_column_partial_overlap_medium_2,partial_overlap,0.5
2,0.5239255581092319,0.274,0.053591459632449726,0.07742016780613364,0.013591459632449725,0.0,0.013591459632449725,222,189,307,782,0.5401459854014599,0.41965973534971646,0.4723404255319149,wall_column_partial_overlap_medium_2,partial_overlap,0.5
3,0.5375170177416816,0.258,0.05357797427962964,0.07609530274776462,0.013577974279629638,0.0,0.013577974279629638,213,174,316,797,0.5503875968992248,0.40264650283553877,0.46506550218340614,wall_column_partial_overlap_medium_2,partial_overlap,0.5
0,0.5,0.4633333333333333,0.03965708674582989,0.04349682766983897,0.0,0.0,0.0,591,104,524,281,0.8503597122302158,0.5300448430493273,0.6530386740331491,wall_column_partial_overlap_medium_3,partial_overlap,0.5
1,0.5,0.4633333333333333,0.03965708674582989,0.04349682766983897,0.0,0.0,0.0,591,104,524,281,0.8503597122302158,0.5300448430493273,0.6530386740331491,wall_column_partial_overlap_medium_3,partial_overlap,0.5
0,0.5,0.3890063424947146,0.03678082091493257,0.05117930785470453,0.0,0.0,0.0,433,119,387,480,0.7844202898550725,0.5280487804878049,0.631195335276968,wall_column_scene_change_hard_mixed,scene_change,0.5
1,0.5,0.3890063424947146,0.03678082091493257,0.05117930785470453,0.0,0.0,0.0,433,119,387,480,0.7844202898550725,0.5280487804878049,0.631195335276968,wall_column_scene_change_hard_mixed,scene_change,0.5
0,0.5,0.42217484008528783,0.03657336400373009,0.057470557297802934,0.0,0.0,0.0,438,156,383,430,0.7373737373737373,0.5334957369062119,0.6190812720848056,wall_column_scene_change_medium_2,scene_change,0.5
1,0.5,0.42217484008528783,0.03657336400373009,0.057470557297802934,0.0,0.0,0.0,438,156,383,430,0.7373737373737373,0.5334957369062119,0.6190812720848056,wall_column_scene_change_medium_2,scene_change,0.5
0,0.5,0.31236283833211415,0.06707360447920672,0.06970769373863217,0.027073604479206724,0.0,0.027073604479206724,268,159,234,706,0.6276346604215457,0.5338645418326693,0.5769644779332616,wall_column_scene_change_medium_3,scene_change,0.5
1,0.5270736044792067,0.2831016825164594,0.06694964440940078,0.06801951665611555,0.02694964440940078,0.0,0.02694964440940078,251,136,251,729,0.648578811369509,0.5,0.5646794150731158,wall_column_scene_change_medium_3,scene_change,0.5
2,0.5540232488886074,0.24871982443306512,0.06859037510018723,0.06467054588871048,0.028590375100187228,0.0,0.028590375100187228,233,107,269,758,0.6852941176470588,0.4641434262948207,0.5534441805225653,wall_column_scene_change_medium_3,scene_change,0.5
3,0.5826136239887947,0.2150694952450622,0.07012702885172742,0.06165127081027224,0.030127028851727418,0.0,0.030127028851727418,212,82,290,783,0.7210884353741497,0.42231075697211157,0.5326633165829147,wall_column_scene_change_medium_3,scene_change,0.5
4,0.6127406528405221,0.17483540599853695,0.07134126378288268,0.05916569415473915,0.031341263782882677,0.025164594001463064,0.05650585778434574,179,60,323,805,0.7489539748953975,0.3565737051792829,0.4831309041835357,wall_column_scene_change_medium_3,scene_change,0.5
5,0.637790768123039,0.14484272128749084,0.07265343254227015,0.05706314608957138,0.03265343254227015,0.05515727871250917,0.08781071125477932,150,48,352,817,0.7575757575757576,0.29880478087649404,0.42857142857142866,wall_column_scene_change_medium_3,scene_change,0.5
6,0.6566548809871819,0.12655449890270665,0.07461122047196789,0.05597098872839006,0.034611220471967886,0.07344550109729336,0.10805672156926124,133,40,369,825,0.7687861271676301,0.2649402390438247,0.39407407407407413,wall_column_scene_change_medium_3,scene_change,0.5
7,0.6729047261848264,0.10680321872713973,0.07708241279848421,0.05465498579336338,0.03708241279848421,0.09319678127286028,0.1302791940713445,116,30,386,835,0.7945205479452054,0.23107569721115537,0.3580246913580247,wall_column_scene_change_medium_3,scene_change,0.5
8,0.6866879436650956,0.09436722750548647,0.08008298718431016,0.05365455017056384,0.04008298718431016,0.10563277249451354,0.1457157596788237,103,26,399,839,0.7984496124031008,0.2051792828685259,0.32646592709984157,wall_column_scene_change_medium_3,scene_change,0.5
9,0.7003627377257773,0.08266276517922458,0.08112548343629793,0.05136076492786885,0.041125483436297926,0.11733723482077543,0.15846271825707337,93,20,409,845,0.8230088495575221,0.1852589641434263,0.30243902439024384,wall_column_scene_change_medium_3,scene_change,0.5
10,0.7121539124568813,0.0753474762253109,0.08003196821672717,0.04972126741726447,0.04003196821672717,0.1246525237746891,0.16468449199141627,85,18,417,847,0.8252427184466019,0.1693227091633466,0.2809917355371901,wall_column_scene_change_medium_3,scene_change,0.5
11,0.7210227497299362,0.06656912948061448,0.08118400350366464,0.04793374854703551,0.04118400350366464,0.1334308705193855,0.17461487402305015,77,14,425,851,0.8461538461538461,0.15338645418326693,0.2596964586846543,wall_column_scene_change_medium_3,scene_change,0.5
12,0.7288490356037545,0.05998536942209217,0.08322196568389321,0.04603570513147698,0.043221965683893214,0.14001463057790783,0.18323659626180105,72,10,430,855,0.8780487804878049,0.14342629482071714,0.24657534246575347,wall_column_scene_change_medium_3,scene_change,0.5
13,0.7370673436431707,0.051207022677395755,0.08460046956355716,0.046712813928513584,0.044600469563557156,0.14879297732260427,0.19339344688616142,61,9,441,856,0.8714285714285714,0.12151394422310757,0.2132867132867133,wall_column_scene_change_medium_3,scene_change,0.5
14,0.7444695688760768,0.04535479151426482,0.08714357188081354,0.04395591898396127,0.047143571880813535,0.1546452084857352,0.20178878036654874,55,7,447,858,0.8870967741935484,0.10956175298804781,0.1950354609929078,wall_column_scene_change_medium_3,scene_change,0.5
15,0.7529518386354566,0.03950256035113387,0.08801492460125994,0.044295606265307534,0.04801492460125994,0.16049743964886615,0.2085123642501261,47,7,455,858,0.8703703703703703,0.09362549800796813,0.16906474820143882,wall_column_scene_change_medium_3,scene_change,0.5
16,0.7608424033244999,0.03438185808339429,0.09138887394255407,0.04426609521610253,0.05138887394255407,0.16561814191660573,0.2170070158591598,42,5,460,860,0.8936170212765957,0.08366533864541832,0.1530054644808743,wall_column_scene_change_medium_3,scene_change,0.5
17,0.7708267417879026,0.027066569129480616,0.09826202986738798,0.04215720660245143,0.05826202986738798,0.1729334308705194,0.2311954607379074,34,3,468,862,0.918918918918919,0.06772908366533864,0.12615955473098328,wall_column_scene_change_medium_3,scene_change,0.5
18,0.7858554139376607,0.018288222384784197,0.10134144340128197,0.038561153700674214,0.06134144340128197,0.1817117776152158,0.2430532210164978,23,2,479,863,0.92,0.045816733067729085,0.08728652751423151,wall_column_scene_change_medium_3,scene_change,0.5
19,0.8017689129351386,0.013899049012435992,0.10030546177765293,0.037191145908956745,0.060305461777652926,0.18610095098756402,0.24640641276521694,18,1,484,864,0.9473684210526315,0.035856573705179286,0.06909788867562382,wall_column_scene_change_medium_3,scene_change,0.5
0,0.5,0.3466666666666667,0.060022024773745686,0.07296233798611446,0.020022024773745685,0.0,0.020022024773745685,288,232,193,787,0.5538461538461539,0.5987525987525988,0.5754245754245754,wall_column_static_noise_hard_mixed,static_noise,0.5
1,0.5200220247737457,0.312,0.061529592761104784,0.07130285602507996,0.021529592761104784,0.0,0.021529592761104784,268,200,213,819,0.5726495726495726,0.5571725571725572,0.5648050579557429,wall_column_static_noise_hard_mixed,static_noise,0.5
2,0.5415516175348505,0.2773333333333333,0.06321793813315081,0.06946483257038455,0.02321793813315081,0.0,0.02321793813315081,246,170,235,849,0.5913461538461539,0.5114345114345115,0.5484949832775919,wall_column_static_noise_hard_mixed,static_noise,0.5
3,0.5647695556680012,0.24933333333333332,0.06454791122068798,0.06834561126059953,0.02454791122068798,0.0,0.02454791122068798,223,151,258,868,0.5962566844919787,0.46361746361746364,0.5216374269005849,wall_column_static_noise_hard_mixed,static_noise,0.5
4,0.5893174668886892,0.218,0.06567024101946048,0.06534471603282523,0.025670241019460478,0.0,0.025670241019460478,204,123,277,896,0.6238532110091743,0.42411642411642414,0.504950495049505,wall_column_static_noise_hard_mixed,static_noise,0.5
5,0.6149877079081497,0.19,0.0663615835627478,0.06363271135085978,0.026361583562747794,0.010000000000000009,0.0363615835627478,184,101,297,918,0.6456140350877193,0.38253638253638256,0.4804177545691906,wall_column_static_noise_hard_mixed,static_noise,0.5
6,0.6388492914708975,0.164,0.06710433493830231,0.0636035531451999,0.02710433493830231,0.036000000000000004,0.06310433493830231,160,86,321,933,0.6504065040650406,0.33264033264033266,0.4401650618982118,wall_column_static_noise_hard_mixed,static_noise,0.5
7,0.6569536264091999,0.14333333333333334,0.06895608288192293,0.06240281143058179,0.028956082881922925,0.05666666666666667,0.08562274954858959,141,74,340,945,0.6558139534883721,0.29313929313929316,0.4051724137931035,wall_column_static_noise_hard_mixed,static_noise,0.5
8,0.6717430426244562,0.12466666666666666,0.06929598498677816,0.06053108311070742,0.029295984986778163,0.07533333333333335,0.10462931832011152,127,60,354,959,0.679144385026738,0.26403326403326405,0.38023952095808383,wall_column_static_noise_hard_mixed,static_noise,0.5
9,0.682205694277901,0.11266666666666666,0.06961922043528844,0.05916090322161114,0.02961922043528844,0.08733333333333335,0.11695255376862179,116,53,365,966,0.6863905325443787,0.24116424116424118,0.3569230769230769,wall_column_static_noise_hard_mixed,static_noise,0.5
10,0.6899915813798561,0.10266666666666667,0.07028919465735756,0.05891975191507946,0.030289194657357556,0.09733333333333334,0.1276225279906909,106,48,375,971,0.6883116883116883,0.2203742203742204,0.33385826771653543,wall_column_static_noise_hard_mixed,static_noise,0.5
11,0.6959474427038803,0.09333333333333334,0.0714723432456334,0.05797302329005501,0.031472343245633395,0.10666666666666667,0.13813900991230008,99,41,382,978,0.7071428571428572,0.20582120582120583,0.31884057971014496,wall_column_static_noise_hard_mixed,static_noise,0.5
12,0.700753119282847,0.088,0.0720325303318885,0.05673334282669534,0.0320325303318885,0.11200000000000002,0.1440325303318885,95,37,386,982,0.7196969696969697,0.19750519750519752,0.30995106035889075,wall_column_static_noise_hard_mixed,static_noise,0.5
13,0.7047856496147356,0.08266666666666667,0.07217110507882153,0.0568546578619435,0.03217110507882153,0.11733333333333335,0.14950443841215488,88,36,393,983,0.7096774193548387,0.18295218295218296,0.29090909090909095,wall_column_static_noise_hard_mixed,static_noise,0.5
14,0.7076234213602237,0.07933333333333334,0.07316902135537359,0.055593571504213936,0.03316902135537359,0.12066666666666667,0.15383568802204026,85,34,396,985,0.7142857142857143,0.17671517671517672,0.2833333333333333,wall_column_static_noise_hard_mixed,static_noise,0.5
15,0.7106257760489306,0.07533333333333334,0.07582693244996147,0.05206386383770039,0.03582693244996147,0.12466666666666668,0.16049359911662814,85,28,396,991,0.7522123893805309,0.17671517671517672,0.28619528619528617,wall_column_static_noise_hard_mixed,static_noise,0.5
16,0.7152860418322254,0.068,0.07703736076621266,0.050403060713464856,0.03703736076621266,0.132,0.16903736076621267,77,25,404,994,0.7549019607843137,0.1600831600831601,0.26415094339622647,wall_column_static_noise_hard_mixed,static_noise,0.5
17,0.7193234025984381,0.06533333333333333,0.07801823603363517,0.04941164309914236,0.03801823603363517,0.13466666666666668,0.17268490270030185,74,24,407,995,0.7551020408163265,0.15384615384615385,0.2556131260794473,wall_column_static_noise_hard_mixed,static_noise,0.5
18,0.7236749719654065,0.06266666666666666,0.0785064128685507,0.0495868570319136,0.0385064128685507,0.13733333333333336,0.17583974620188406,71,23,410,996,0.7553191489361702,0.14760914760914762,0.24695652173913046,wall_column_static_noise_hard_mixed,static_noise,0.5
19,0.7278480515006239,0.06,0.07948265864187418,0.04782976384161018,0.039482658641874176,0.14,0.17948265864187418,69,21,412,998,0.7666666666666667,0.14345114345114346,0.2416812609457093,wall_column_static_noise_hard_mixed,static_noise,0.5
0,0.5,0.324,0.04786748735409332,0.0885084886606152,0.007867487354093317,0.0,0.007867487354093317,210,276,213,801,0.43209876543209874,0.49645390070921985,0.46204620462046203,wall_column_static_noise_medium_2,static_noise,0.5
1,0.5078674873540934,0.31333333333333335,0.047716759340931114,0.08858635973264344,0.007716759340931113,0.0,0.007716759340931113,199,271,224,806,0.42340425531914894,0.47044917257683216,0.4456886898096305,wall_column_static_noise_medium_2,static_noise,0.5
2,0.5155842466950245,0.30666666666666664,0.04767224580487468,0.08840106271454039,0.007672245804874682,0.0,0.007672245804874682,195,265,228,812,0.42391304347826086,0.46099290780141844,0.4416761041902605,wall_column_static_noise_medium_2,static_noise,0.5
0,0.5,0.428,0.032147924561225935,0.05928296600916604,0.0,0.0,0.0,457,185,401,457,0.7118380062305296,0.5326340326340326,0.6093333333333334,wall_column_static_noise_medium_3,static_noise,0.5
1,0.5,0.428,0.032147924561225935,0.05928296600916604,0.0,0.0,0.0,457,185,401,457,0.7118380062305296,0.5326340326340326,0.6093333333333334,wall_column_static_noise_medium_3,static_noise,0.5
0,0.5,0.23466666666666666,0.06881461182856267,0.08104811826293493,0.028814611828562674,0.0,0.028814611828562674,180,172,231,917,0.5113636363636364,0.43795620437956206,0.47182175622542594,wall_column_strong_noise_hard_mixed,strong_noise,0.5
1,0.5288146118285627,0.19333333333333333,0.06941355293720444,0.07947989119715997,0.02941355293720444,0.006666666666666682,0.03608021960387112,152,138,259,951,0.5241379310344828,0.36982968369829683,0.43366619115549215,wall_column_strong_noise_hard_mixed,strong_noise,0.5
2,0.5565614980991005,0.16133333333333333,0.070411473740164,0.07834172501403426,0.030411473740164,0.03866666666666668,0.06907814040683069,130,112,281,977,0.5371900826446281,0.31630170316301703,0.3981623277182236,wall_column_strong_noise_hard_mixed,strong_noise,0.5
3,0.5773063051725978,0.13666666666666666,0.0727048307010986,0.07654367517016684,0.03270483070109859,0.06333333333333335,0.09603816403443194,118,87,293,1002,0.5756097560975609,0.2871046228710462,0.3831168831168831,wall_column_strong_noise_hard_mixed,strong_noise,0.5
4,0.5941778025403631,0.12333333333333334,0.07369360551846924,0.0755741884493186,0.033693605518469234,0.07666666666666667,0.11036027218513592,107,78,304,1011,0.5783783783783784,0.26034063260340634,0.3590604026845638,wall_column_strong_noise_hard_mixed,strong_noise,0.5
5,0.6087047413921657,0.11333333333333333,0.0734440142391751,0.07516585359062018,0.0334440142391751,0.08666666666666668,0.12011068090584179,100,70,311,1019,0.5882352941176471,0.24330900243309003,0.34423407917383825,wall_column_strong_noise_hard_mixed,strong_noise,0.5
6,0.6204820889646742,0.10266666666666667,0.07376244542766057,0.07374313516705398,0.03376244542766057,0.09733333333333334,0.1310957787609939,93,61,318,1028,0.6038961038961039,0.22627737226277372,0.3292035398230088,wall_column_strong_noise_hard_mixed,strong_noise,0.5
7,0.6299112010590014,0.092,0.07526361097202698,0.07162414701549834,0.03526361097202698,0.10800000000000001,0.143263610972027,86,52,325,1037,0.6231884057971014,0.20924574209245742,0.3132969034608379,wall_column_strong_noise_hard_mixed,strong_noise,0.5
8,0.6381748120310284,0.08533333333333333,0.07569647971061422,0.07045122521740932,0.035696479710614216,0.11466666666666668,0.1503631463772809,82,46,329,1043,0.640625,0.19951338199513383,0.3042671614100186,wall_column_strong_noise_hard_mixed,strong_noise,0.5
9,0.645204625074976,0.08133333333333333,0.07578529385607487,0.07082953307606096,0.035785293856074867,0.11866666666666668,0.15445196052274154,77,45,334,1044,0.6311475409836066,0.1873479318734793,0.28893058161350843,wall_column_strong_noise_hard_mixed,strong_noise,0.5
10,0.6513232522643841,0.07866666666666666,0.07694764447215553,0.07038188192299993,0.03694764447215553,0.12133333333333335,0.1582809778054889,75,43,336,1046,0.635593220338983,0.18248175182481752,0.2835538752362949,wall_column_strong_noise_hard_mixed,strong_noise,0.5
11,0.6579375634032063,0.06933333333333333,0.0785663972383744,0.06902283407806853,0.0385663972383744,0.13066666666666668,0.1692330639050411,68,36,343,1053,0.6538461538461539,0.1654501216545012,0.2640776699029126,wall_column_strong_noise_hard_mixed,strong_noise,0.5
12,0.663837293974914,0.064,0.08015961801254155,0.06874288934518485,0.04015961801254155,0.136,0.17615961801254157,63,33,348,1056,0.65625,0.15328467153284672,0.2485207100591716,wall_column_strong_noise_hard_mixed,strong_noise,0.5
13,0.6699969119874555,0.056,0.08367762790694092,0.06540420735534969,0.043677627906940915,0.14400000000000002,0.18767762790694092,60,24,351,1065,0.7142857142857143,0.145985401459854,0.24242424242424243,wall_column_strong_noise_hard_mixed,strong_noise,0.5
14,0.6776745398943964,0.05,0.08523078355594636,0.06452721239935515,0.04523078355594636,0.15000000000000002,0.1952307835559464,54,21,357,1068,0.72,0.13138686131386862,0.2222222222222222,wall_column_strong_noise_hard_mixed,strong_noise,0.5
15,0.6854053234503428,0.04666666666666667,0.08720394781100617,0.06432356203164831,0.04720394781100617,0.15333333333333335,0.20053728114433952,51,19,360,1070,0.7285714285714285,0.12408759124087591,0.21205821205821207,wall_column_strong_noise_hard_mixed,strong_noise,0.5
16,0.6942759379280156,0.04133333333333333,0.09032058873755995,0.06532567927674927,0.05032058873755995,0.15866666666666668,0.20898725540422664,45,17,366,1072,0.7258064516129032,0.10948905109489052,0.19027484143763215,wall_column_strong_noise_hard_mixed,strong_noise,0.5
17,0.7049298599989089,0.034,0.08626500380661208,0.06680934178113013,0.046265003806612075,0.166,0.2122650038066121,36,15,375,1074,0.7058823529411765,0.08759124087591241,0.15584415584415584,wall_column_strong_noise_hard_mixed,strong_noise,0.5
18,0.7096948638055209,0.03,0.0860940522493743,0.06534767613340173,0.0460940522493743,0.17,0.2160940522493743,33,12,378,1077,0.7333333333333333,0.08029197080291971,0.14473684210526316,wall_column_strong_noise_hard_mixed,strong_noise,0.5
19,0.7132889160548952,0.028,0.08366485326171497,0.06735297703565021,0.043664853261714966,0.17200000000000001,0.21566485326171497,30,12,381,1077,0.7142857142857143,0.072992700729927,0.1324503311258278,wall_column_strong_noise_hard_mixed,strong_noise,0.5
0,0.5,0.30733333333333335,0.04352813661887001,0.06141702065709072,0.003528136618870012,0.0,0.003528136618870012,355,106,600,439,0.7700650759219089,0.3717277486910995,0.5014124293785311,wall_column_strong_noise_medium_2,strong_noise,0.5
1,0.50352813661887,0.30133333333333334,0.04376182841552974,0.061349608827951804,0.0037618284155297374,0.0,0.0037618284155297374,348,104,607,441,0.7699115044247787,0.3643979057591623,0.4946695095948827,wall_column_strong_noise_medium_2,strong_noise,0.5
2,0.5072899650343997,0.298,0.043440627456132516,0.06117894698478728,0.0034406274561325154,0.0,0.0034406274561325154,345,102,610,443,0.7718120805369127,0.3612565445026178,0.4921540656205421,wall_column_strong_noise_medium_2,strong_noise,0.5
3,0.5107305924905322,0.29133333333333333,0.043467968768950184,0.06094950860316582,0.003467968768950183,0.0,0.003467968768950183,339,98,616,447,0.7757437070938215,0.3549738219895288,0.48706896551724144,wall_column_strong_noise_medium_2,strong_noise,0.5
0,0.5,0.25733333333333336,0.04720237163952166,0.07949629079003363,0.007202371639521657,0.0,0.007202371639521657,223,163,359,755,0.5777202072538861,0.38316151202749144,0.46074380165289264,wall_column_strong_noise_medium_3,strong_noise,0.5
1,0.5072023716395216,0.24866666666666667,0.04725658484092687,0.07935807939465823,0.007256584840926866,0.0,0.007256584840926866,216,157,366,761,0.579088471849866,0.3711340206185567,0.4523560209424084,wall_column_strong_noise_medium_3,strong_noise,0.5
0,0.5,0.16505576208178438,0.07033423359842532,0.09780030826593014,0.03033423359842532,0.03494423791821563,0.06527847151664096,76,146,149,974,0.34234234234234234,0.3377777777777778,0.3400447427293065,box_sphere_added_outliers_hard_mixed,added_outliers,0.75
1,0.5323972611783071,0.12862453531598514,0.07124734848920232,0.09608773580126051,0.03124734848920232,0.07137546468401487,0.1026228131732172,62,111,163,1009,0.3583815028901734,0.27555555555555555,0.31155778894472363,box_sphere_added_outliers_hard_mixed,added_outliers,0.75
2,0.552502484655605,0.11301115241635688,0.07071579480922002,0.09409292511863339,0.030715794809220022,0.08698884758364313,0.11770464239286316,58,94,167,1026,0.3815789473684211,0.2577777777777778,0.30769230769230765,box_sphere_added_outliers_hard_mixed,added_outliers,0.75
3,0.5659553590255689,0.10260223048327137,0.07286317964666883,0.09405863372744183,0.03286317964666883,0.09739776951672864,0.13026094916339748,53,85,172,1035,0.38405797101449274,0.23555555555555555,0.2920110192837465,box_sphere_added_outliers_hard_mixed,added_outliers,0.75
4,0.578725964926799,0.09368029739776952,0.073034480637248,0.09367845213057419,0.033034480637248,0.10631970260223049,0.13935418323947849,49,77,176,1043,0.3888888888888889,0.21777777777777776,0.2792022792022792,box_sphere_added_outliers_hard_mixed,added_outliers,0.75
5,0.5884077974068346,0.08847583643122676,0.07382761278826605,0.09354334004776975,0.03382761278826605,0.11152416356877325,0.1453517763570393,47,72,178,1048,0.3949579831932773,0.2088888888888889,0.2732558139534884,box_sphere_added_outliers_hard_mixed,added_outliers,0.75
6,0.5973276552509437,0.08104089219330855,0.07451719688607972,0.09278419746308848,0.03451719688607972,0.11895910780669146,0.15347630469277118,45,64,180,1056,0.41284403669724773,0.2,0.2694610778443114,box_sphere_added_outliers_hard_mixed,added_outliers,0.75
7,0.6044937851525539,0.07806691449814127,0.0747750773429144,0.09261296417540442,0.0347750773429144,0.12193308550185875,0.15670816284477315,44,61,181,1059,0.41904761904761906,0.19555555555555557,0.26666666666666666,box_sphere_added_outliers_hard_mixed,added_outliers,0.75
8,0.6109314941037285,0.07434944237918216,0.07575418096663045,0.09240017466560906,0.035754180966630446,0.12565055762081784,0.16140473858744828,43,57,182,1063,0.43,0.19111111111111112,0.2646153846153846,box_sphere_added_outliers_hard_mixed,added_outliers,0.75
9,0.6174438064458675,0.07360594795539034,0.07603872152194585,0.09316222053244724,0.03603872152194585,0.12639405204460968,0.16243277356655553,42,57,183,1063,0.42424242424242425,0.18666666666666668,0.2592592592592593,box_sphere_added_outliers_hard_mixed,added_outliers,0.75
10,0.6241041192120577,0.06840148698884758,0.07562035601281603,0.09320592769891789,0.035620356012816025,0.13159851301115244,0.16721886902396846,39,53,186,1067,0.42391304347826086,0.17333333333333334,0.24605678233438485,box_sphere_added_outliers_hard_mixed,added_outliers,0.75
11,0.6281852108520996,0.06617100371747212,0.07636301370691158,0.0927344229589788,0.03636301370691158,0.1338289962825279,0.17019200998943948,38,51,187,1069,0.42696629213483145,0.1688888888888889,0.24203821656050953,box_sphere_added_outliers_hard_mixed,added_outliers,0.75
12,0.632543857806519,0.06245353159851301,0.07812568638614437,0.09281727941900568,0.038125686386144365,0.137546468401487,0.17567215478763135,36,48,189,1072,0.42857142857142855,0.16,0.2330097087378641,box_sphere_added_outliers_hard_mixed,added_outliers,0.75
13,0.6381524617351779,0.05947955390334572,0.07796857897880918,0.09119540007075451,0.03796857897880918,0.1405204460966543,0.17848902507546346,36,44,189,1076,0.45,0.16,0.23606557377049184,box_sphere_added_outliers_hard_mixed,added_outliers,0.75
14,0.6424101629171464,0.05724907063197026,0.07983281504442913,0.09126238104220362,0.03983281504442913,0.14275092936802974,0.18258374441245886,34,43,191,1077,0.44155844155844154,0.1511111111111111,0.2251655629139073,box_sphere_added_outliers_hard_mixed,added_outliers,0.75
15,0.6486277869707789,0.053531598513011154,0.0797999601386262,0.09094757127965698,0.039799960138626196,0.14646840148698886,0.18626836162561505,33,39,192,1081,0.4583333333333333,0.14666666666666667,0.22222222222222224,box_sphere_added_outliers_hard_mixed,added_outliers,0.75
16,0.6534020766210974,0.05055762081784387,0.08078246054046156,0.09156686544547533,0.040782460540461564,0.14944237918215614,0.1902248397226177,30,38,195,1082,0.4411764705882353,0.13333333333333333,0.20477815699658705,box_sphere_added_outliers_hard_mixed,added_outliers,0.75
17,0.6585348752384812,0.04684014869888476,0.08076315851930228,0.08846895433774822,0.04076315851930228,0.15315985130111526,0.19392300982041755,29,34,196,1086,0.4603174603174603,0.1288888888888889,0.2013888888888889,box_sphere_added_outliers_hard_mixed,added_outliers,0.75
18,0.6622446687795164,0.04312267657992565,0.08243750146544483,0.08941114588711974,0.04243750146544483,0.15687732342007438,0.19931482488551922,26,32,199,1088,0.4482758620689655,0.11555555555555555,0.18374558303886926,box_sphere_added_outliers_hard_mixed,added_outliers,0.75
19,0.6670719246951557,0.041635687732342004,0.08296194266945747,0.08867605925143132,0.04296194266945747,0.15836431226765801,0.20132625493711548,26,30,199,1090,0.4642857142857143,0.11555555555555555,0.18505338078291816,box_sphere_added_outliers_hard_mixed,added_outliers,0.75
0,0.5,0.24307692307692308,0.05193778443095296,0.07140812589525608,0.01193778443095296,0.0,0.01193778443095296,203,113,351,633,0.6424050632911392,0.3664259927797834,0.4666666666666667,box_sphere_added_outliers_medium_2,added_outliers,0.75
1,0.5179066766464294,0.21461538461538462,0.051267745301456676,0.07038324518736051,0.011267745301456675,0.0,0.011267745301456675,184,95,370,651,0.6594982078853047,0.33212996389891697,0.4417767106842737,box_sphere_added_outliers_medium_2,added_outliers,0.75
2,0.5348082945986145,0.19538461538461538,0.05063574657620125,0.07063945975018976,0.010635746576201248,0.004615384615384632,0.01525113119158588,169,85,385,661,0.6653543307086615,0.30505415162454874,0.4183168316831683,box_sphere_added_outliers_medium_2,added_outliers,0.75
3,0.5490311452321471,0.17923076923076922,0.049991768435029275,0.07072538571284927,0.009991768435029275,0.02076923076923079,0.030760999204260064,154,79,400,667,0.6609442060085837,0.2779783393501805,0.3913595933926303,box_sphere_added_outliers_medium_2,added_outliers,0.75
4,0.5562303363462295,0.16923076923076924,0.05015976073585227,0.07117229478193511,0.010159760735852272,0.03076923076923077,0.04092899150508304,141,79,413,667,0.6409090909090909,0.2545126353790614,0.3643410852713178,box_sphere_added_outliers_medium_2,added_outliers,0.75
5,0.5599315159115464,0.1646153846153846,0.04990950466563978,0.07117510177554108,0.009909504665639779,0.0353846153846154,0.04529412005025518,137,77,417,669,0.6401869158878505,0.24729241877256317,0.35677083333333337,box_sphere_added_outliers_medium_2,added_outliers,0.75
6,0.5615265421407754,0.16307692307692306,0.049791450157060026,0.07105790037734726,0.009791450157060025,0.03692307692307695,0.04671452708013697,136,76,418,670,0.6415094339622641,0.24548736462093862,0.35509138381201044,box_sphere_added_outliers_medium_2,added_outliers,0.75
7,0.5623675635302116,0.16153846153846155,0.04998334960918862,0.07081105029880796,0.009983349609188619,0.038461538461538464,0.04844488807072708,136,74,418,672,0.6476190476190476,0.24548736462093862,0.35602094240837695,box_sphere_added_outliers_medium_2,added_outliers,0.75
8,0.5629195110209175,0.16153846153846155,0.04998334960918862,0.07081105029880796,0.009983349609188619,0.038461538461538464,0.04844488807072708,136,74,418,672,0.6476190476190476,0.24548736462093862,0.35602094240837695,box_sphere_added_outliers_medium_2,added_outliers,0.75
0,0.5,0.17022900763358778,0.08370166715699716,0.10040799125719792,0.04370166715699716,0.02977099236641223,0.0734726595234094,64,159,82,1005,0.28699551569506726,0.4383561643835616,0.34688346883468835,box_sphere_added_outliers_medium_3,added_outliers,0.75
1,0.5543883785980912,0.11526717557251909,0.08779191185104235,0.09653688192230982,0.04779191185104235,0.08473282442748092,0.13252473627852326,52,99,94,1065,0.3443708609271523,0.3561643835616438,0.35016835016835013,box_sphere_added_outliers_medium_3,added_outliers,0.75
2,0.5943014372143494,0.0900763358778626,0.08815904970272676,0.09537188727489218,0.048159049702726754,0.10992366412213742,0.15808271382486416,41,77,105,1087,0.3474576271186441,0.2808219178082192,0.31060606060606066,box_sphere_added_outliers_medium_3,added_outliers,0.75
3,0.625318637722638,0.07404580152671755,0.08965018763378925,0.09453291577137056,0.04965018763378925,0.12595419847328246,0.1756043861070717,34,63,112,1101,0.35051546391752575,0.2328767123287671,0.27983539094650206,box_sphere_added_outliers_medium_3,added_outliers,0.75
4,0.6525610947458409,0.05648854961832061,0.09293180622620369,0.09377135011205202,0.052931806226203686,0.1435114503816794,0.1964432566078831,24,50,122,1114,0.32432432432432434,0.1643835616438356,0.2181818181818182,box_sphere_added_outliers_medium_3,added_outliers,0.75
5,0.6781420101920167,0.04580152671755725,0.09262553382950028,0.09421198164024422,0.05262553382950028,0.15419847328244277,0.20682400711194304,19,41,127,1123,0.31666666666666665,0.13013698630136986,0.18446601941747573,box_sphere_added_outliers_medium_3,added_outliers,0.75
6,0.6992558834553511,0.03740458015267176,0.09609973936692667,0.09095998509806408,0.05609973936692667,0.16259541984732825,0.21869515921425492,17,32,129,1132,0.3469387755102041,0.11643835616438356,0.17435897435897438,box_sphere_added_outliers_medium_3,added_outliers,0.75
7,0.722432210062993,0.028244274809160305,0.09914388397664706,0.08998016748867248,0.059143883976647056,0.1717557251908397,0.23089960916748675,14,23,132,1141,0.3783783783783784,0.0958904109589041,0.15300546448087432,box_sphere_added_outliers_medium_3,added_outliers,0.75
8,0.7467396390813986,0.01984732824427481,0.10386909269416522,0.0897271481998895,0.06386909269416521,0.1801526717557252,0.2440217644498904,11,15,135,1149,0.4230769230769231,0.07534246575342465,0.12790697674418605,box_sphere_added_outliers_medium_3,added_outliers,0.75
9,0.7749860262142495,0.011450381679389313,0.10709297316478258,0.0897221361988393,0.06709297316478258,0.1885496183206107,0.25564259148539326,7,8,139,1156,0.4666666666666667,0.04794520547945205,0.08695652173913043,box_sphere_added_outliers_medium_3,added_outliers,0.75
10,0.8049193790911944,0.003816793893129771,0.10981897773491131,0.09965033397248443,0.0698189777349113,0.19618320610687023,0.26600218384178154,1,4,145,1160,0.2,0.00684931506849315,0.013245033112582781,box_sphere_added_outliers_medium_3,added_outliers,0.75
11,0.836079143403485,0.0015267175572519084,0.10316850699809799,0.09458305263196425,0.06316850699809798,0.1984732824427481,0.26164178944084604,0,2,146,1162,0.0,0.0,0.0,box_sphere_added_outliers_medium_3,added_outliers,0.75
12,0.8564044229846014,0.0007633587786259542,0.1345991950009225,0.081834075709443,0.09459919500092248,0.19923664122137405,0.29383583622229653,0,1,146,1163,0.0,0.0,0.0,box_sphere_added_outliers_medium_3,added_outliers,0.75
13,0.9235894750279698,0.0,0.0818367598629786,0.14352048397885955,0.0418367598629786,0.2,0.24183675986297862,0,0,146,1164,0.0,0.0,0.0,box_sphere_added_outliers_medium_3,added_outliers,0.75
14,0.9113446148224378,0.0,0.0818367598629786,0.14352048397885955,0.0418367598629786,0.2,0.24183675986297862,0,0,146,1164,0.0,0.0,0.0,box_sphere_added_outliers_medium_3,added_outliers,0.75
0,0.5,0.228,0.076683649566835,0.0628236260602325,0.036683649566835,0.0,0.036683649566835,234,108,412,746,0.6842105263157895,0.3622291021671827,0.4736842105263158,box_sphere_partial_overlap_hard_mixed,partial_overlap,0.75
1,0.5550254743502525,0.158,0.07680941091590342,0.06181486943464953,0.036809410915903416,0.04200000000000001,0.07880941091590343,164,73,482,781,0.6919831223628692,0.25386996904024767,0.37146092865232155,box_sphere_partial_overlap_hard_mixed,partial_overlap,0.75
2,0.5944895907241077,0.12,0.07859973530159872,0.05948541588172234,0.03859973530159872,0.08000000000000002,0.11859973530159873,129,51,517,803,0.7166666666666667,0.1996904024767802,0.31234866828087166,box_sphere_partial_overlap_hard_mixed,partial_overlap,0.75
3,0.6223891936765058,0.104,0.08063087434490761,0.05934812998558543,0.04063087434490761,0.09600000000000002,0.13663087434490762,111,45,535,809,0.7115384615384616,0.17182662538699692,0.27680798004987534,box_sphere_partial_overlap_hard_mixed,partial_overlap,0.75
4,0.6473355051938672,0.086,0.08335228990067355,0.05649660264976466,0.043352289900673545,0.11400000000000002,0.15735228990067357,94,35,552,819,0.7286821705426356,0.14551083591331268,0.2425806451612903,box_sphere_partial_overlap_hard_mixed,partial_overlap,0.75
5,0.6696139400448775,0.074,0.0874028908125637,0.05571078531777311,0.04740289081256369,0.126,0.1734028908125637,82,29,564,825,0.7387387387387387,0.12693498452012383,0.21664464993394977,box_sphere_partial_overlap_hard_mixed,partial_overlap,0.75
6,0.6934682762637231,0.06,0.08757875691070058,0.05428693461540135,0.04757875691070058,0.14,0.18757875691070058,67,23,579,831,0.7444444444444445,0.10371517027863777,0.18206521739130438,box_sphere_partial_overlap_hard_mixed,partial_overlap,0.75
7,0.7123364116297739,0.04466666666666667,0.09521205459907857,0.044801297271007276,0.05521205459907857,0.15533333333333335,0.21054538793241193,55,12,591,842,0.8208955223880597,0.08513931888544891,0.15427769985974754,box_sphere_partial_overlap_hard_mixed,partial_overlap,0.75
8,0.7369044935283917,0.032,0.10636734360604254,0.036465708839101676,0.06636734360604254,0.168,0.23436734360604256,43,5,603,849,0.8958333333333334,0.06656346749226007,0.12391930835734871,box_sphere_partial_overlap_hard_mixed,partial_overlap,0.75
9,0.7734555089374555,0.022,0.1224780934546193,0.027605708601812808,0.08247809345461929,0.17800000000000002,0.2604780934546193,32,1,614,853,0.9696969696969697,0.04953560371517028,0.09425625920471283,box_sphere_partial_overlap_hard_mixed,partial_overlap,0.75
10,0.8304226491193845,0.009333333333333334,0.1224334323301191,0.024727732514395747,0.0824334323301191,0.19066666666666668,0.2731000989967858,13,1,633,853,0.9285714285714286,0.020123839009287926,0.03939393939393939,box_sphere_partial_overlap_hard_mixed,partial_overlap,0.75
11,0.8825727976145631,0.0,0.05718970093390641,0.0965338840447397,0.017189700933906406,0.2,0.2171897009339064,0,0,646,854,0.0,0.0,0.0,box_sphere_partial_overlap_hard_mixed,partial_overlap,0.75
12,0.8333573490154227,0.008,0.11552873171632733,0.0253924900697011,0.07552873171632732,0.192,0.2675287317163273,11,1,635,853,0.9166666666666666,0.017027863777089782,0.03343465045592705,box_sphere_partial_overlap_hard_mixed,partial_overlap,0.75
13,0.8746504465899136,0.0,0.05718970093390641,0.0965338840447397,0.017189700933906406,0.2,0.2171897009339064,0,0,646,854,0.0,0.0,0.0,box_sphere_partial_overlap_hard_mixed,partial_overlap,0.75
14,0.8254349979907732,0.011333333333333334,0.12612469642266647,0.027790807700455996,0.08612469642266646,0.18866666666666668,0.27479136308933316,16,1,630,853,0.9411764705882353,0.02476780185758514,0.04826546003016592,box_sphere_partial_overlap_hard_mixed,partial_overlap,0.75
15,0.8838720426247729,0.0,0.05718970093390641,0.0965338840447397,0.017189700933906406,0.2,0.2171897009339064,0,0,646,854,0.0,0.0,0.0,box_sphere_partial_overlap_hard_mixed,partial_overlap,0.75
16,0.8346565940256325,0.008,0.11552873171632733,0.0253924900697011,0.07552873171632732,0.192,0.2675287317163273,11,1,635,853,0.9166666666666666,0.017027863777089782,0.03343465045592705,box_sphere_partial_overlap_hard_mixed,partial_overlap,0.75
17,0.8759496916001235,0.0,0.05718970093390641,0.0965338840447397,0.017189700933906406,0.2,0.2171897009339064,0,0,646,854,0.0,0.0,0.0,box_sphere_partial_overlap_hard_mixed,partial_overlap,0.75
18,0.8267342430009831,0.01,0.1264180191229735,0.025221851274057343,0.0864180191229735,0.19,0.2764180191229735,14,1,632,853,0.9333333333333333,0.021671826625386997,0.04236006051437216,box_sphere_partial_overlap_hard_mixed,partial_overlap,0.75
19,0.8851112716854433,0.0,0.05718970093390641,0.0965338840447397,0.017189700933906406,0.2,0.2171897009339064,0,0,646,854,0.0,0.0,0.0,box_sphere_partial_overlap_hard_mixed,partial_overlap,0.75
0,0.5,0.19333333333333333,0.0677871272905244,0.07015240110619847,0.027787127290524398,0.006666666666666682,0.03445379395719108,197,93,440,770,0.6793103448275862,0.3092621664050236,0.42502696871628914,box_sphere_partial_overlap_medium_2,partial_overlap,0.75
1,0.5391806909357866,0.138,0.07005927259715679,0.06739836275833529,0.030059272597156787,0.062,0.0920592725971568,152,55,485,808,0.7342995169082126,0.23861852433281006,0.36018957345971564,box_sphere_partial_overlap_medium_2,partial_overlap,0.75
2,0.5610195998315217,0.11733333333333333,0.07185118656525029,0.06548925358510155,0.03185118656525029,0.08266666666666668,0.11451785323191696,134,42,503,821,0.7613636363636364,0.21036106750392464,0.32964329643296436,box_sphere_partial_overlap_medium_2,partial_overlap,0.75
3,0.5777963796793971,0.106,0.07141008522948693,0.06446574585231678,0.03141008522948693,0.09400000000000001,0.12541008522948693,122,37,515,826,0.7672955974842768,0.19152276295133439,0.3065326633165829,box_sphere_partial_overlap_medium_2,partial_overlap,0.75
4,0.5896615075236276,0.09133333333333334,0.07082075104780244,0.0628065306179048,0.030820751047802443,0.10866666666666668,0.13948741771446913,105,32,532,831,0.7664233576642335,0.16483516483516483,0.2713178294573643,box_sphere_partial_overlap_medium_2,partial_overlap,0.75
5,0.5951426340953312,0.08666666666666667,0.0706209673116689,0.062148170538241176,0.030620967311668905,0.11333333333333334,0.14395430064500225,100,30,537,833,0.7692307692307693,0.15698587127158556,0.2607561929595828,box_sphere_partial_overlap_medium_2,partial_overlap,0.75
6,0.5985740850628345,0.08266666666666667,0.07125410806288217,0.06177119461363163,0.03125410806288217,0.11733333333333335,0.14858744139621552,96,28,541,835,0.7741935483870968,0.15070643642072212,0.25229960578186594,box_sphere_partial_overlap_medium_2,partial_overlap,0.75
7,0.6014552471571577,0.08133333333333333,0.07134715484683063,0.061904377118079425,0.03134715484683063,0.11866666666666668,0.15001382151349732,94,28,543,835,0.7704918032786885,0.14756671899529042,0.24769433465085638,box_sphere_partial_overlap_medium_2,partial_overlap,0.75
8,0.6039759794274037,0.08,0.07137721243074188,0.0615838867710806,0.03137721243074188,0.12000000000000001,0.1513772124307419,93,27,544,836,0.775,0.14599686028257458,0.24570673712021135,box_sphere_partial_overlap_medium_2,partial_overlap,0.75
9,0.6060417980735164,0.07866666666666666,0.07129319652800982,0.06145151168223016,0.03129319652800982,0.12133333333333335,0.15262652986134317,92,26,545,837,0.7796610169491526,0.14442700156985872,0.2437086092715232,box_sphere_partial_overlap_medium_2,partial_overlap,0.75
10,0.6074815928655312,0.078,0.07123174222535962,0.06138065997715036,0.03123174222535962,0.12200000000000001,0.15323174222535962,91,26,546,837,0.7777777777777778,0.14285714285714285,0.24137931034482757,box_sphere_partial_overlap_medium_2,partial_overlap,0.75
11,0.6085792062035705,0.07666666666666666,0.07134801435184161,0.061085200377845594,0.03134801435184161,0.12333333333333335,0.15468134768517497,89,26,548,837,0.7739130434782608,0.13971742543171115,0.23670212765957446,box_sphere_partial_overlap_medium_2,partial_overlap,0.75
12,0.609351227731333,0.07466666666666667,0.07121417195116744,0.06066177800003002,0.031214171951167442,0.12533333333333335,0.1565475052845008,86,26,551,837,0.7678571428571429,0.13500784929356358,0.22963951935914553,box_sphere_partial_overlap_medium_2,partial_overlap,0.75
13,0.6091724856580841,0.07466666666666667,0.07121417195116744,0.06066177800003002,0.031214171951167442,0.12533333333333335,0.1565475052845008,86,26,551,837,0.7678571428571429,0.13500784929356358,0.22963951935914553,box_sphere_partial_overlap_medium_2,partial_overlap,0.75
0,0.5,0.14066666666666666,0.09464872760622227,0.09067905844050782,0.05464872760622227,0.05933333333333335,0.11398206093955562,73,138,197,1092,0.3459715639810427,0.27037037037037037,0.30353430353430355,box_sphere_partial_overlap_medium_3,partial_overlap,0.75
1,0.5597230914093334,0.068,0.09807622555276597,0.08439626960000002,0.058076225552765974,0.132,0.190076225552766,36,66,234,1164,0.35294117647058826,0.13333333333333333,0.19354838709677416,box_sphere_partial_overlap_medium_3,partial_overlap,0.75
2,0.5973374297384824,0.05333333333333334,0.09886963904619887,0.08167642201982654,0.05886963904619887,0.14666666666666667,0.20553630571286555,30,50,240,1180,0.375,0.1111111111111111,0.17142857142857143,box_sphere_partial_overlap_medium_3,partial_overlap,0.75
3,0.6306418883077807,0.04066666666666666,0.10158928081249853,0.07892102978240928,0.06158928081249853,0.15933333333333335,0.2209226141458319,25,36,245,1194,0.4098360655737705,0.09259259259259259,0.1510574018126888,box_sphere_partial_overlap_medium_3,partial_overlap,0.75
4,0.6632758095265284,0.032,0.10402039221293995,0.07453786103677217,0.06402039221293995,0.168,0.23202039221293996,22,26,248,1204,0.4583333333333333,0.08148148148148149,0.13836477987421386,box_sphere_partial_overlap_medium_3,partial_overlap,0.75
5,0.6963063978459384,0.02666666666666667,0.10674645996412539,0.07109759425035209,0.0667464599641254,0.17333333333333334,0.24007979329745874,19,21,251,1209,0.475,0.07037037037037037,0.12258064516129033,box_sphere_partial_overlap_medium_3,partial_overlap,0.75
6,0.7314260877921265,0.022,0.10925633663940848,0.07028461805179945,0.06925633663940847,0.17800000000000002,0.2472563366394085,15,18,255,1212,0.45454545454545453,0.05555555555555555,0.099009900990099,box_sphere_partial_overlap_medium_3,partial_overlap,0.75
7,0.7685605927512392,0.011333333333333334,0.11148127600125701,0.06923179210755132,0.071481276001257,0.18866666666666668,0.2601479426679237,8,9,262,1221,0.47058823529411764,0.02962962962962963,0.05574912891986062,box_sphere_partial_overlap_medium_3,partial_overlap,0.75
8,0.8050325067531248,0.006666666666666667,0.11549420679423157,0.06161370563208276,0.07549420679423158,0.19333333333333336,0.26882754012756493,5,5,265,1225,0.5,0.018518518518518517,0.03571428571428571,box_sphere_partial_overlap_medium_3,partial_overlap,0.75
9,0.8457738169444722,0.002,0.11185288648839874,0.08777370888858123,0.07185288648839874,0.198,0.2698528864883988,1,2,269,1228,0.3333333333333333,0.003703703703703704,0.007326007326007326,box_sphere_partial_overlap_medium_3,partial_overlap,0.75
10,0.8793031466770703,0.0,0.07920612405746967,0.11295411495704372,0.03920612405746967,0.2,0.2392061240574697,0,0,270,1230,0.0,0.0,0.0,box_sphere_partial_overlap_medium_3,partial_overlap,0.75
11,0.8631123327632748,0.0013333333333333333,0.10838697242377861,0.11307401983381705,0.06838697242377861,0.19866666666666669,0.2670536390904453,0,2,270,1228,0.0,0.0,0.0,box_sphere_partial_overlap_medium_3,partial_overlap,0.75
12,0.8911927913989427,0.0,0.07920612405746967,0.11295411495704372,0.03920612405746967,0.2,0.2392061240574697,0,0,270,1230,0.0,0.0,0.0,box_sphere_partial_overlap_medium_3,partial_overlap,0.75
13,0.8750019774851472,0.0,0.07920612405746967,0.11295411495704372,0.03920612405746967,0.2,0.2392061240574697,0,0,270,1230,0.0,0.0,0.0,box_sphere_partial_overlap_medium_3,partial_overlap,0.75
0,0.5,0.238,0.047220872270003614,0.058702080405221145,0.007220872270003613,0.0,0.007220872270003613,276,81,585,558,0.773109243697479,0.3205574912891986,0.45320197044334976,box_sphere_scene_change_hard_mixed,scene_change,0.75
1,0.5108313084050055,0.21733333333333332,0.047614516034304305,0.05826783502286203,0.007614516034304304,0.0,0.007614516034304304,254,72,607,567,0.7791411042944786,0.29500580720092917,0.42796967144060655,box_sphere_scene_change_hard_mixed,scene_change,0.75
2,0.522253082456462,0.20133333333333334,0.047402180865510554,0.05817907579297491,0.007402180865510553,0.0,0.007402180865510553,235,67,626,572,0.7781456953642384,0.27293844367015097,0.40412725709372316,box_sphere_scene_change_hard_mixed,scene_change,0.75
3,0.5333563537547278,0.18866666666666668,0.048008639361943405,0.05789106822335188,0.008008639361943404,0.011333333333333334,0.019341972695276738,221,62,640,577,0.7809187279151943,0.25667828106852497,0.38636363636363635,box_sphere_scene_change_hard_mixed,scene_change,0.75
4,0.5411193127976429,0.178,0.04780433326542099,0.057815215712898105,0.007804333265420987,0.02200000000000002,0.029804333265421007,210,57,651,582,0.7865168539325843,0.24390243902439024,0.37234042553191493,box_sphere_scene_change_hard_mixed,scene_change,0.75
5,0.5445758126957744,0.17466666666666666,0.048015790795500966,0.05754796573926299,0.008015790795500966,0.025333333333333347,0.03334912412883431,207,55,654,584,0.7900763358778626,0.24041811846689895,0.3686553873552983,box_sphere_scene_change_hard_mixed,scene_change,0.75
6,0.5470994988890259,0.17066666666666666,0.047974557068671056,0.057342942808517816,0.007974557068671055,0.02933333333333335,0.037307890402004405,202,54,659,585,0.7890625,0.2346109175377468,0.3616830796777081,box_sphere_scene_change_hard_mixed,scene_change,0.75
7,0.5480613344920324,0.17066666666666666,0.047974557068671056,0.057342942808517816,0.007974557068671055,0.02933333333333335,0.037307890402004405,202,54,659,585,0.7890625,0.2346109175377468,0.3616830796777081,box_sphere_scene_change_hard_mixed,scene_change,0.75
0,0.5,0.15466666666666667,0.07187675326250957,0.09719138733129885,0.03187675326250957,0.04533333333333334,0.07721008659584291,63,169,146,1122,0.27155172413793105,0.3014354066985646,0.28571428571428575,box_sphere_scene_change_medium_2,scene_change,0.75
1,0.5308151298937643,0.12,0.07204622353996706,0.09559796801870922,0.03204622353996706,0.08000000000000002,0.11204622353996707,55,125,154,1166,0.3055555555555556,0.2631578947368421,0.2827763496143959,box_sphere_scene_change_medium_2,scene_change,0.75
2,0.5488844652037149,0.10466666666666667,0.07121760026920487,0.09580838391688533,0.031217600269204872,0.09533333333333334,0.12655093360253822,49,108,160,1183,0.31210191082802546,0.23444976076555024,0.2677595628415301,box_sphere_scene_change_medium_2,scene_change,0.75
3,0.5599608656075222,0.094,0.07072462056120535,0.09463881004439065,0.030724620561205347,0.10600000000000001,0.13672462056120535,47,94,162,1197,0.3333333333333333,0.22488038277511962,0.26857142857142857,box_sphere_scene_change_medium_2,scene_change,0.75
4,0.5662977964493302,0.08933333333333333,0.07084424601819778,0.09567264406376413,0.030844246018197775,0.11066666666666668,0.14151091268486446,43,91,166,1200,0.3208955223880597,0.20574162679425836,0.2507288629737609,box_sphere_scene_change_medium_2,scene_change,0.75
5,0.5710641654766269,0.084,0.07115770344792198,0.09636207796981462,0.03115770344792198,0.116,0.14715770344792198,39,87,170,1204,0.30952380952380953,0.18660287081339713,0.2328358208955224,box_sphere_scene_change_medium_2,scene_change,0.75
6,0.5743007206485098,0.08266666666666667,0.07134972962205438,0.09632947298851127,0.03134972962205438,0.11733333333333335,0.14868306295538772,38,86,171,1205,0.3064516129032258,0.18181818181818182,0.22822822822822822,box_sphere_scene_change_medium_2,scene_change,0.75
7,0.5773253150815914,0.082,0.0714697640647852,0.09637466532354459,0.031469764064785195,0.11800000000000001,0.1494697640647852,38,85,171,1206,0.3089430894308943,0.18181818181818182,0.22891566265060243,box_sphere_scene_change_medium_2,scene_change,0.75
8,0.5802799611787691,0.08133333333333333,0.07141886215074199,0.0964110372086214,0.03141886215074199,0.11866666666666668,0.15008552881740866,38,84,171,1207,0.3114754098360656,0.18181818181818182,0.229607250755287,box_sphere_scene_change_medium_2,scene_change,0.75
9,0.5829082544048821,0.08,0.0711283062620662,0.09694844614679929,0.031128306262066203,0.12000000000000001,0.15112830626206622,36,84,173,1207,0.3,0.1722488038277512,0.2188449848024316,box_sphere_scene_change_medium_2,scene_change,0.75
10,0.5846007137979814,0.08,0.0711283062620662,0.09694844614679929,0.031128306262066203,0.12000000000000001,0.15112830626206622,36,84,173,1207,0.3,0.1722488038277512,0.2188449848024316,box_sphere_scene_change_medium_2,scene_change,0.75
0,0.5,0.23133333333333334,0.044786636822291184,0.06466642892107159,0.004786636822291183,0.0,0.004786636822291183,265,82,578,575,0.7636887608069164,0.3143534994068802,0.4453781512605042,box_sphere_scene_change_medium_3,scene_change,0.75
1,0.5071799552334367,0.22133333333333333,0.04487592949446427,0.0644916918292892,0.004875929494464269,0.0,0.004875929494464269,255,77,588,580,0.7680722891566265,0.302491103202847,0.43404255319148943,box_sphere_scene_change_medium_3,scene_change,0.75
0,0.5,0.18866666666666668,0.07978265456336711,0.09599952048061365,0.03978265456336711,0.011333333333333334,0.051115987896700445,89,194,141,1076,0.31448763250883394,0.3869565217391304,0.3469785575048733,box_sphere_static_noise_hard_mixed,static_noise,0.75
1,0.5554239818450507,0.10933333333333334,0.08293133891351538,0.09034349721971184,0.04293133891351538,0.09066666666666667,0.13359800558018206,65,99,165,1171,0.39634146341463417,0.2826086956521739,0.3299492385786802,box_sphere_static_noise_hard_mixed,static_noise,0.75
2,0.5858209902153237,0.08866666666666667,0.08686244687998211,0.08697906314275142,0.04686244687998211,0.11133333333333334,0.15819578021331546,58,75,172,1195,0.43609022556390975,0.25217391304347825,0.31955922865013775,box_sphere_static_noise_hard_mixed,static_noise,0.75
3,0.6143646605352969,0.06666666666666667,0.09020419398015138,0.0831590202914181,0.05020419398015138,0.13333333333333336,0.18353752731348474,47,53,183,1217,0.47,0.20434782608695654,0.28484848484848485,box_sphere_static_noise_hard_mixed,static_noise,0.75
4,0.639670951505524,0.056,0.09133771450320494,0.08243525039561307,0.051337714503204936,0.14400000000000002,0.19533771450320495,40,44,190,1226,0.47619047619047616,0.17391304347826086,0.25477707006369427,box_sphere_static_noise_hard_mixed,static_noise,0.75
5,0.6626775232603314,0.04733333333333333,0.09372808102794519,0.07957854294906928,0.05372808102794519,0.15266666666666667,0.20639474769461186,35,36,195,1234,0.49295774647887325,0.15217391304347827,0.23255813953488375,box_sphere_static_noise_hard_mixed,static_noise,0.75
6,0.6860196448022492,0.034,0.09858134345563793,0.07493321642839602,0.05858134345563793,0.166,0.22458134345563793,29,22,201,1248,0.5686274509803921,0.12608695652173912,0.20640569395017797,box_sphere_static_noise_hard_mixed,static_noise,0.75
7,0.711641659985706,0.026,0.10006246030036202,0.07473728562494142,0.06006246030036202,0.17400000000000002,0.23406246030036204,22,17,208,1253,0.5641025641025641,0.09565217391304348,0.16356877323420074,box_sphere_static_noise_hard_mixed,static_noise,0.75
8,0.7364853504362491,0.022,0.10247466824198884,0.06861201029674859,0.062474668241988836,0.17800000000000002,0.24047466824198885,21,12,209,1258,0.6363636363636364,0.09130434782608696,0.15969581749049427,box_sphere_static_noise_hard_mixed,static_noise,0.75
9,0.7634473527992324,0.014666666666666666,0.11104252471950198,0.0532619639444418,0.07104252471950198,0.18533333333333335,0.25637585805283536,19,3,211,1267,0.8636363636363636,0.08260869565217391,0.15079365079365079,box_sphere_static_noise_hard_mixed,static_noise,0.75
10,0.8005111398784853,0.008,0.12057364819505206,0.05073706959199805,0.08057364819505206,0.192,0.27257364819505203,11,1,219,1269,0.9166666666666666,0.04782608695652174,0.09090909090909091,box_sphere_static_noise_hard_mixed,static_noise,0.75
11,0.8493716121710634,0.0,0.06238161355014618,0.11584505187314025,0.02238161355014618,0.2,0.22238161355014618,0,0,230,1270,0.0,0.0,0.0,box_sphere_static_noise_hard_mixed,static_noise,0.75
12,0.8079440324962827,0.005333333333333333,0.12618459365300672,0.04749701557116527,0.08618459365300671,0.19466666666666668,0.2808512603196734,7,1,223,1269,0.875,0.030434782608695653,0.058823529411764705,box_sphere_static_noise_hard_mixed,static_noise,0.75
13,0.8642209229757927,0.0,0.06238161355014618,0.11584505187314025,0.02238161355014618,0.2,0.22238161355014618,0,0,230,1270,0.0,0.0,0.0,box_sphere_static_noise_hard_mixed,static_noise,0.75
14,0.822793343301012,0.004,0.12725957197609156,0.056288153103270816,0.08725957197609155,0.196,0.28325957197609153,5,1,225,1269,0.8333333333333334,0.021739130434782608,0.0423728813559322,box_sphere_static_noise_hard_mixed,static_noise,0.75
15,0.8801827012651493,0.0,0.06238161355014618,0.11584505187314025,0.02238161355014618,0.2,0.22238161355014618,0,0,230,1270,0.0,0.0,0.0,box_sphere_static_noise_hard_mixed,static_noise,0.75
16,0.8387551215903686,0.0013333333333333333,0.12129756939336055,0.0412611684512503,0.08129756939336055,0.19866666666666669,0.27996423606002724,2,0,228,1270,1.0,0.008695652173913044,0.017241379310344827,box_sphere_static_noise_hard_mixed,static_noise,0.75
17,0.8862014756804094,0.0,0.06238161355014618,0.11584505187314025,0.02238161355014618,0.2,0.22238161355014618,0,0,230,1270,0.0,0.0,0.0,box_sphere_static_noise_hard_mixed,static_noise,0.75
18,0.8447738960056287,0.0,0.06238161355014618,0.11584505187314025,0.02238161355014618,0.2,0.22238161355014618,0,0,230,1270,0.0,0.0,0.0,box_sphere_static_noise_hard_mixed,static_noise,0.75
0,0.5,0.2886666666666667,0.044509144899652464,0.0678436361374133,0.004509144899652463,0.0,0.004509144899652463,268,165,410,657,0.6189376443418014,0.3952802359882006,0.4824482448244824,box_sphere_static_noise_medium_2,static_noise,0.75
1,0.5067637173494787,0.2753333333333333,0.04440012384827761,0.06724781321317216,0.004400123848277607,0.0,0.004400123848277607,257,156,421,666,0.6222760290556901,0.37905604719764013,0.47112740604949593,box_sphere_static_noise_medium_2,static_noise,0.75
2,0.5133639031218951,0.268,0.04417195543653427,0.06684932002169398,0.004171955436534272,0.0,0.004171955436534272,251,151,427,671,0.6243781094527363,0.3702064896755162,0.46481481481481485,box_sphere_static_noise_medium_2,static_noise,0.75
3,0.5196218362766964,0.25666666666666665,0.04386255216050259,0.06690324238881676,0.0038625521605025886,0.0,0.0038625521605025886,240,145,438,677,0.6233766233766234,0.35398230088495575,0.45155221072436497,box_sphere_static_noise_medium_2,static_noise,0.75
4,0.5254156645174504,0.24733333333333332,0.04360963188272828,0.06681398605013343,0.0036096318827282814,0.0,0.0036096318827282814,232,139,446,683,0.6253369272237197,0.3421828908554572,0.44232602478551003,box_sphere_static_noise_medium_2,static_noise,0.75
5,0.5308301123415428,0.238,0.043428397841894714,0.06744345409963386,0.0034283978418947134,0.0,0.0034283978418947134,220,137,458,685,0.6162464985994398,0.32448377581120946,0.42512077294685996,box_sphere_static_noise_medium_2,static_noise,0.75
6,0.5359727091043849,0.22866666666666666,0.0427623418536258,0.06674822235583963,0.0027623418536257965,0.0,0.0027623418536257965,216,127,462,695,0.6297376093294461,0.3185840707964602,0.4231145935357493,box_sphere_static_noise_medium_2,static_noise,0.75
7,0.5401162218848236,0.22466666666666665,0.042813329304124285,0.06671428860300282,0.0028133293041242846,0.0,0.0028133293041242846,212,125,466,697,0.629080118694362,0.31268436578171094,0.4177339901477833,box_sphere_static_noise_medium_2,static_noise,0.75
0,0.5,0.22666666666666666,0.06834567465345613,0.08530250822169709,0.02834567465345613,0.0,0.02834567465345613,141,199,264,896,0.4147058823529412,0.34814814814814815,0.3785234899328859,box_sphere_static_noise_medium_3,static_noise,0.75
1,0.5425185119801842,0.16733333333333333,0.06709230140901393,0.08523869664517715,0.027092301409013926,0.03266666666666668,0.0597589680756806,104,147,301,948,0.41434262948207173,0.25679012345679014,0.3170731707317073,box_sphere_static_noise_medium_3,static_noise,0.75
2,0.5709069640937051,0.126,0.06577784858464295,0.0847964822783203,0.025777848584642944,0.07400000000000001,0.09977784858464295,79,110,326,985,0.41798941798941797,0.19506172839506172,0.265993265993266,box_sphere_static_noise_medium_3,static_noise,0.75
3,0.5818237369706696,0.108,0.06691416754665036,0.08392560170324656,0.02691416754665036,0.09200000000000001,0.11891416754665038,69,93,336,1002,0.42592592592592593,0.17037037037037037,0.24338624338624337,box_sphere_static_noise_medium_3,static_noise,0.75
4,0.5876949882906451,0.1,0.06649243125189398,0.08383299710847926,0.02649243125189398,0.1,0.126492431251894,64,86,341,1009,0.4266666666666667,0.1580246913580247,0.23063063063063063,box_sphere_static_noise_medium_3,static_noise,0.75
5,0.5899336351684861,0.09733333333333333,0.06660637426119648,0.08405970797407504,0.026606374261196476,0.10266666666666668,0.12927304092786315,61,85,344,1010,0.4178082191780822,0.1506172839506173,0.22141560798548093,box_sphere_static_noise_medium_3,static_noise,0.75
6,0.5913431965602808,0.096,0.0665906126314548,0.08378501918837163,0.026590612631454798,0.10400000000000001,0.1305906126314548,61,83,344,1012,0.4236111111111111,0.1506172839506173,0.22222222222222227,box_sphere_static_noise_medium_3,static_noise,0.75
7,0.5922291155074629,0.09533333333333334,0.06648173973421662,0.08368891185379534,0.026481739734216615,0.10466666666666667,0.1311484064008833,61,82,344,1013,0.42657342657342656,0.1506172839506173,0.22262773722627738,box_sphere_static_noise_medium_3,static_noise,0.75
8,0.5927017251087878,0.09533333333333334,0.06648173973421662,0.08368891185379534,0.026481739734216615,0.10466666666666667,0.1311484064008833,61,82,344,1013,0.42657342657342656,0.1506172839506173,0.22262773722627738,box_sphere_static_noise_medium_3,static_noise,0.75
0,0.5,0.08066666666666666,0.06717585571655865,0.08458347820768271,0.02717585571655865,0.11933333333333335,0.146509189049892,50,71,314,1065,0.4132231404958678,0.13736263736263737,0.2061855670103093,box_sphere_strong_noise_hard_mixed,strong_noise,0.75
1,0.496013783574838,0.084,0.06697626233265327,0.08622836731848008,0.026976262332653274,0.116,0.1429762623326533,50,76,314,1060,0.3968253968253968,0.13736263736263737,0.20408163265306123,box_sphere_strong_noise_hard_mixed,strong_noise,0.75
2,0.4929781770738179,0.088,0.0659910624637482,0.08690148014521734,0.025991062463748195,0.11200000000000002,0.1379910624637482,51,81,313,1055,0.38636363636363635,0.1401098901098901,0.20564516129032256,box_sphere_strong_noise_hard_mixed,strong_noise,0.75
3,0.4899647707694402,0.09,0.0653468269189682,0.08739905820783246,0.025346826918968203,0.11000000000000001,0.1353468269189682,51,84,313,1052,0.37777777777777777,0.1401098901098901,0.20440881763527055,box_sphere_strong_noise_hard_mixed,strong_noise,0.75
4,0.4867350111478925,0.09333333333333334,0.06460533794921322,0.08751584001335178,0.02460533794921322,0.10666666666666667,0.1312720046158799,53,87,311,1049,0.37857142857142856,0.14560439560439561,0.21031746031746032,box_sphere_strong_noise_hard_mixed,strong_noise,0.75
5,0.48364301807171234,0.096,0.06430833499353683,0.0874097788063471,0.02430833499353683,0.10400000000000001,0.12830833499353683,54,90,310,1046,0.375,0.14835164835164835,0.21259842519685038,box_sphere_strong_noise_hard_mixed,strong_noise,0.75
6,0.4811055205620176,0.10066666666666667,0.06291442587528429,0.08752298478836919,0.022914425875284285,0.09933333333333334,0.12224775920861763,56,95,308,1041,0.3708609271523179,0.15384615384615385,0.21747572815533983,box_sphere_strong_noise_hard_mixed,strong_noise,0.75
7,0.47822715937494403,0.10533333333333333,0.06348022032736868,0.08810519819963938,0.023480220327368677,0.09466666666666668,0.11814688699403536,57,101,307,1035,0.36075949367088606,0.1565934065934066,0.21839080459770113,box_sphere_strong_noise_hard_mixed,strong_noise,0.75
8,0.47794748986599705,0.10533333333333333,0.06348022032736868,0.08810519819963938,0.023480220327368677,0.09466666666666668,0.11814688699403536,57,101,307,1035,0.36075949367088606,0.1565934065934066,0.21839080459770113,box_sphere_strong_noise_hard_mixed,strong_noise,0.75
0,0.5,0.09666666666666666,0.04540710335179325,0.06785003685008062,0.005407103351793251,0.10333333333333335,0.10874043668512659,96,49,762,593,0.6620689655172414,0.11188811188811189,0.1914257228315055,box_sphere_strong_noise_medium_2,strong_noise,0.75
1,0.46936065502768987,0.13,0.044213484398355186,0.06809549137574472,0.004213484398355186,0.07,0.07421348439835519,129,66,729,576,0.6615384615384615,0.15034965034965034,0.24501424501424499,box_sphere_strong_noise_medium_2,strong_noise,0.75
2,0.44943088162522266,0.17466666666666666,0.040441533379200235,0.06823804895915332,0.0004415333792002346,0.025333333333333347,0.02577486671253358,179,83,679,559,0.683206106870229,0.20862470862470864,0.3196428571428572,box_sphere_strong_noise_medium_2,strong_noise,0.75
3,0.440593181694023,0.19933333333333333,0.04046904955992654,0.06857126997334484,0.0004690495599265418,0.0006666666666666765,0.0011357162265932183,201,98,657,544,0.6722408026755853,0.23426573426573427,0.3474503025064823,box_sphere_strong_noise_medium_2,strong_noise,0.75
4,0.4410467560339128,0.19866666666666666,0.04036089037381135,0.06865249384975668,0.00036089037381135253,0.001333333333333353,0.0016942237071447055,200,98,658,544,0.6711409395973155,0.2331002331002331,0.3460207612456747,box_sphere_strong_noise_medium_2,strong_noise,0.75
5,0.4410880915946298,0.198,0.04032848606928405,0.0687196331851224,0.0003284860692840466,0.0020000000000000018,0.0023284860692840484,199,98,659,544,0.67003367003367,0.23193473193473194,0.3445887445887446,box_sphere_strong_noise_medium_2,strong_noise,0.75
6,0.4408308206985559,0.19866666666666666,0.04036089037381135,0.06865249384975668,0.00036089037381135253,0.001333333333333353,0.0016942237071447055,200,98,658,544,0.6711409395973155,0.2331002331002331,0.3460207612456747,box_sphere_strong_noise_medium_2,strong_noise,0.75
7,0.4408721562592729,0.19866666666666666,0.04036089037381135,0.06865249384975668,0.00036089037381135253,0.001333333333333353,0.0016942237071447055,200,98,658,544,0.6711409395973155,0.2331002331002331,0.3460207612456747,box_sphere_strong_noise_medium_2,strong_noise,0.75
0,0.5,0.08666666666666667,0.044300037361539035,0.08214631358378788,0.004300037361539034,0.11333333333333334,0.11763337069487237,65,65,488,882,0.5,0.11754068716094032,0.19033674963396777,box_sphere_strong_noise_medium_3,strong_noise,0.75
1,0.46395005604230855,0.13066666666666665,0.04343821334173849,0.08473242448558914,0.003438213341738487,0.06933333333333336,0.07277154667507185,87,109,466,838,0.44387755102040816,0.15732368896925858,0.23230974632843793,box_sphere_strong_noise_medium_3,strong_noise,0.75
2,0.4431073760549163,0.17733333333333334,0.04240294247954279,0.08565064147009462,0.0024029424795427926,0.02266666666666667,0.02506960914620946,118,148,435,799,0.44360902255639095,0.21338155515370705,0.2881562881562882,box_sphere_strong_noise_medium_3,strong_noise,0.75
3,0.4382117897742305,0.18733333333333332,0.0426725683452347,0.08646749148052549,0.002672568345234702,0.012666666666666687,0.01533923501190139,119,162,434,785,0.4234875444839858,0.21518987341772153,0.2853717026378897,box_sphere_strong_noise_medium_3,strong_noise,0.75
4,0.43747064229208255,0.18933333333333333,0.042765801313308295,0.08642830890724126,0.0027658013133082943,0.010666666666666685,0.01343246797997498,120,164,433,783,0.4225352112676056,0.21699819168173598,0.2867383512544803,box_sphere_strong_noise_medium_3,strong_noise,0.75
5,0.43761934426204496,0.18933333333333333,0.042765801313308295,0.08642830890724126,0.0027658013133082943,0.010666666666666685,0.01343246797997498,120,164,433,783,0.4225352112676056,0.21699819168173598,0.2867383512544803,box_sphere_strong_noise_medium_3,strong_noise,0.75
0,0.5,0.328472755180353,0.0591244393679299,0.06994095109487393,0.019124439367929902,0.0,0.019124439367929902,288,140,174,701,0.6728971962616822,0.6233766233766234,0.6471910112359551,boxes_cylinder_added_outliers_hard_mixed,added_outliers,0.75
1,0.5286866590518948,0.29470452801227937,0.06101396935424802,0.06759962566455359,0.02101396935424802,0.0,0.02101396935424802,267,117,195,724,0.6953125,0.577922077922078,0.6312056737588653,boxes_cylinder_added_outliers_hard_mixed,added_outliers,0.75
2,0.5602076130832668,0.25940138142747504,0.06323591736939599,0.06370098556829693,0.023235917369395988,0.0,0.023235917369395988,250,88,212,753,0.7396449704142012,0.5411255411255411,0.625,boxes_cylinder_added_outliers_hard_mixed,added_outliers,0.75
3,0.5950614891373608,0.22947045280122794,0.0639829232188974,0.061845722691594204,0.023982923218897396,0.0,0.023982923218897396,226,73,236,768,0.7558528428093646,0.48917748917748916,0.5939553219448095,boxes_cylinder_added_outliers_hard_mixed,added_outliers,0.75
4,0.6310358739657069,0.20414428242517269,0.06445213035914037,0.060020575562836395,0.024452130359140366,0.0,0.024452130359140366,202,64,260,777,0.7593984962406015,0.43722943722943725,0.554945054945055,boxes_cylinder_added_outliers_hard_mixed,added_outliers,0.75
5,0.6677140695044175,0.1688411358403684,0.06857763172479933,0.05766703964011831,0.02857763172479933,0.031158864159631622,0.05973649588443095,174,46,288,795,0.7909090909090909,0.37662337662337664,0.5102639296187684,boxes_cylinder_added_outliers_hard_mixed,added_outliers,0.75
6,0.6988959430317546,0.12970069071373752,0.07460339681124198,0.054116443750470186,0.03460339681124198,0.07029930928626249,0.10490270609750446,141,28,321,813,0.834319526627219,0.3051948051948052,0.44690966719492864,boxes_cylinder_added_outliers_hard_mixed,added_outliers,0.75
7,0.7244387972662691,0.0997697620874904,0.07994897586326778,0.04862332740283091,0.03994897586326778,0.10023023791250961,0.14017921377577738,114,16,348,825,0.8769230769230769,0.24675324675324675,0.38513513513513514,boxes_cylinder_added_outliers_hard_mixed,added_outliers,0.75
8,0.7467759218439797,0.06983883346124328,0.08767689713684788,0.047326529773224615,0.04767689713684788,0.13016116653875673,0.17783806367560462,80,11,382,830,0.8791208791208791,0.17316017316017315,0.28933092224231466,boxes_cylinder_added_outliers_hard_mixed,added_outliers,0.75
9,0.7694808300972177,0.051419800460475826,0.09096148948787702,0.043954684095697236,0.05096148948787702,0.14858019953952417,0.1995416890274012,60,7,402,834,0.8955223880597015,0.12987012987012986,0.22684310018903592,boxes_cylinder_added_outliers_hard_mixed,added_outliers,0.75
10,0.7902054895017117,0.035303146584804296,0.09174610571254319,0.04308620048764783,0.051746105712543185,0.16469685341519572,0.2164429591277389,40,6,422,835,0.8695652173913043,0.08658008658008658,0.15748031496062992,boxes_cylinder_added_outliers_hard_mixed,added_outliers,0.75
11,0.806063328039828,0.023023791250959325,0.09845250502106814,0.03421223183780876,0.05845250502106814,0.1769762087490407,0.23542871377010882,30,0,432,841,1.0,0.06493506493506493,0.12195121951219512,boxes_cylinder_added_outliers_hard_mixed,added_outliers,0.75
12,0.8273760072905401,0.011511895625479662,0.10000271818764972,0.03504760942517771,0.06000271818764972,0.18848810437452035,0.24849082256217006,15,0,447,841,1.0,0.032467532467532464,0.06289308176100628,boxes_cylinder_added_outliers_hard_mixed,added_outliers,0.75
13,0.8466970454315695,0.005372217958557176,0.11438811025461168,0.03647599024200552,0.07438811025461167,0.19462778204144285,0.2690158922960545,7,0,455,841,1.0,0.015151515151515152,0.02985074626865672,boxes_cylinder_added_outliers_hard_mixed,added_outliers,0.75
14,0.8852937925479459,0.0,0.07447023214909675,0.12851447536421123,0.034470232149096745,0.2,0.23447023214909676,0,0,462,841,0.0,0.0,0.0,boxes_cylinder_added_outliers_hard_mixed,added_outliers,0.75
15,0.861999140771591,0.0015349194167306216,0.11598214058589515,0.043962437994028505,0.07598214058589514,0.1984650805832694,0.27444722116916453,2,0,460,841,1.0,0.004329004329004329,0.008620689655172414,boxes_cylinder_added_outliers_hard_mixed,added_outliers,0.75
16,0.9015479464317077,0.0,0.07447023214909675,0.12851447536421123,0.034470232149096745,0.2,0.23447023214909676,0,0,462,841,0.0,0.0,0.0,boxes_cylinder_added_outliers_hard_mixed,added_outliers,0.75
17,0.8782532946553527,0.0,0.07447023214909675,0.12851447536421123,0.034470232149096745,0.2,0.23447023214909676,0,0,462,841,0.0,0.0,0.0,boxes_cylinder_added_outliers_hard_mixed,added_outliers,0.75
0,0.5,0.4792156862745098,0.03088904821779578,0.0455143080455005,0.0,0.0,0.0,529,82,391,273,0.8657937806873978,0.575,0.6910516002612672,boxes_cylinder_added_outliers_medium_2,added_outliers,0.75
1,0.5,0.4792156862745098,0.03088904821779578,0.0455143080455005,0.0,0.0,0.0,529,82,391,273,0.8657937806873978,0.575,0.6910516002612672,boxes_cylinder_added_outliers_medium_2,added_outliers,0.75
0,0.5,0.3682170542635659,0.04181594612168766,0.06498619342955253,0.0018159461216876588,0.0,0.0018159461216876588,313,162,270,545,0.6589473684210526,0.5368782161234992,0.5916824196597353,boxes_cylinder_added_outliers_medium_3,added_outliers,0.75
1,0.5027239191825315,0.362015503875969,0.04171118669307209,0.06485273378552421,0.0017111866930720893,0.0,0.0017111866930720893,309,158,274,549,0.6616702355460385,0.5300171526586621,0.5885714285714285,boxes_cylinder_added_outliers_medium_3,added_outliers,0.75
2,0.5052906992221395,0.3581395348837209,0.041929627826025634,0.06465509792514722,0.001929627826025633,0.0,0.001929627826025633,306,156,277,551,0.6623376623376623,0.5248713550600344,0.585645933014354,boxes_cylinder_added_outliers_medium_3,added_outliers,0.75
3,0.508185140961178,0.351937984496124,0.04211419933679614,0.06430775949342005,0.0021141993367961368,0.0,0.0021141993367961368,303,151,280,556,0.6674008810572687,0.5197255574614065,0.584378013500482,boxes_cylinder_added_outliers_medium_3,added_outliers,0.75
4,0.5113564399663721,0.34806201550387594,0.041980928717293545,0.06446816100425118,0.001980928717293544,0.0,0.001980928717293544,299,150,284,557,0.6659242761692651,0.5128644939965694,0.5794573643410852,boxes_cylinder_added_outliers_medium_3,added_outliers,0.75
5,0.5143278330423124,0.34418604651162793,0.04187146709114629,0.0644229528045507,0.0018714670911462866,0.0,0.0018714670911462866,295,149,288,558,0.6644144144144144,0.5060034305317325,0.5744888023369037,boxes_cylinder_added_outliers_medium_3,added_outliers,0.75
6,0.5171350336790319,0.34031007751937986,0.04202773765436502,0.06442230036413327,0.002027737654365022,0.0,0.002027737654365022,293,146,290,561,0.6674259681093394,0.5025728987993139,0.5733855185909981,boxes_cylinder_added_outliers_medium_3,added_outliers,0.75
7,0.5201766401605794,0.3372093023255814,0.042048777671603255,0.06423593121921427,0.002048777671603254,0.0,0.002048777671603254,292,143,291,564,0.671264367816092,0.5008576329331046,0.5736738703339882,boxes_cylinder_added_outliers_medium_3,added_outliers,0.75
0,0.5,0.188,0.08494030284745956,0.11620534302385671,0.044940302847459555,0.01200000000000001,0.056940302847459566,66,216,85,1133,0.23404255319148937,0.4370860927152318,0.30484988452655887,boxes_cylinder_partial_overlap_hard_mixed,partial_overlap,0.75
1,0.5629104542711894,0.12066666666666667,0.08417548358904746,0.11587483572458444,0.04417548358904746,0.07933333333333334,0.1235088169223808,45,136,106,1213,0.24861878453038674,0.2980132450331126,0.2710843373493976,boxes_cylinder_partial_overlap_hard_mixed,partial_overlap,0.75
2,0.5994236796547605,0.08133333333333333,0.08734221663909926,0.11173037916612863,0.04734221663909926,0.11866666666666668,0.16600888330576594,32,90,119,1259,0.26229508196721313,0.2119205298013245,0.2344322344322344,boxes_cylinder_partial_overlap_hard_mixed,partial_overlap,0.75
3,0.6259370046134094,0.06466666666666666,0.09034310510559063,0.11006300960015111,0.050343105105590626,0.13533333333333336,0.18567643843892398,26,71,125,1278,0.26804123711340205,0.17218543046357615,0.2096774193548387,boxes_cylinder_partial_overlap_hard_mixed,partial_overlap,0.75
4,0.6507016622717954,0.050666666666666665,0.09499658897546318,0.10566777155963092,0.054996588975463175,0.14933333333333335,0.2043299223087965,24,52,127,1297,0.3157894736842105,0.15894039735099338,0.21145374449339205,boxes_cylinder_partial_overlap_hard_mixed,partial_overlap,0.75
5,0.6771965457349901,0.04133333333333333,0.09543418611247291,0.0996593532063914,0.05543418611247291,0.15866666666666668,0.2141008527791396,24,38,127,1311,0.3870967741935484,0.15894039735099338,0.22535211267605632,boxes_cylinder_partial_overlap_hard_mixed,partial_overlap,0.75
6,0.7008478249036995,0.027333333333333334,0.09887190599195717,0.09565980838373837,0.058871905991957164,0.1726666666666667,0.23153857265862385,18,23,133,1326,0.43902439024390244,0.11920529801324503,0.1875,boxes_cylinder_partial_overlap_hard_mixed,partial_overlap,0.75
7,0.7244056838916352,0.016,0.1094392001583137,0.07490493857879454,0.0694392001583137,0.184,0.25343920015831367,16,8,135,1341,0.6666666666666666,0.10596026490066225,0.18285714285714286,boxes_cylinder_partial_overlap_hard_mixed,partial_overlap,0.75
8,0.7595644841291057,0.012666666666666666,0.11637442715107489,0.06838006539303963,0.0763744271510749,0.18733333333333335,0.26370776048440825,14,5,137,1344,0.7368421052631579,0.09271523178807947,0.16470588235294117,boxes_cylinder_partial_overlap_hard_mixed,partial_overlap,0.75
9,0.803876124855718,0.006,0.13441705125685147,0.04250209044177269,0.09441705125685146,0.194,0.28841705125685146,8,1,143,1348,0.8888888888888888,0.052980132450331126,0.1,boxes_cylinder_partial_overlap_hard_mixed,partial_overlap,0.75
10,0.8727517017409951,0.0,0.06287582517316165,0.13901577972332085,0.022875825173161647,0.2,0.22287582517316165,0,0,151,1349,0.0,0.0,0.0,boxes_cylinder_partial_overlap_hard_mixed,partial_overlap,0.75
11,0.8320654395007376,0.0026666666666666666,0.14024836717795527,0.037333890866903,0.10024836717795527,0.19733333333333333,0.2975817005112886,4,0,147,1349,1.0,0.026490066225165563,0.05161290322580646,boxes_cylinder_partial_overlap_hard_mixed,partial_overlap,0.75
12,0.9084379902676706,0.0,0.06287582517316165,0.13901577972332085,0.022875825173161647,0.2,0.22287582517316165,0,0,151,1349,0.0,0.0,0.0,boxes_cylinder_partial_overlap_hard_mixed,partial_overlap,0.75
13,0.8677517280274131,0.0,0.06287582517316165,0.13901577972332085,0.022875825173161647,0.2,0.22287582517316165,0,0,151,1349,0.0,0.0,0.0,boxes_cylinder_partial_overlap_hard_mixed,partial_overlap,0.75
0,0.5,0.316,0.06579120782106966,0.07679638509133503,0.02579120782106966,0.0,0.02579120782106966,245,229,164,862,0.5168776371308017,0.5990220048899756,0.5549263873159684,boxes_cylinder_partial_overlap_medium_2,partial_overlap,0.75
1,0.5386868117316045,0.26266666666666666,0.06759829061498773,0.07375470646927784,0.027598290614987732,0.0,0.027598290614987732,219,175,190,916,0.5558375634517766,0.5354523227383863,0.5454545454545454,boxes_cylinder_partial_overlap_medium_2,partial_overlap,0.75
2,0.5800842476540861,0.21533333333333332,0.06853844383761509,0.07101677874140301,0.028538443837615092,0.0,0.028538443837615092,186,137,223,954,0.5758513931888545,0.4547677261613692,0.5081967213114754,boxes_cylinder_partial_overlap_medium_2,partial_overlap,0.75
3,0.6228919134105086,0.168,0.06894436559660459,0.0679579044851861,0.028944365596604592,0.032,0.06094436559660459,152,100,257,991,0.6031746031746031,0.37163814180929094,0.45990922844175486,boxes_cylinder_partial_overlap_medium_2,partial_overlap,0.75
4,0.6543084618054156,0.14066666666666666,0.06926800573525596,0.06491405689317326,0.02926800573525596,0.05933333333333335,0.0886013390685893,136,75,273,1016,0.6445497630331753,0.33251833740831294,0.43870967741935485,boxes_cylinder_partial_overlap_medium_2,partial_overlap,0.75
5,0.6759604704082995,0.11733333333333333,0.07103665477400958,0.06284642475127374,0.031036654774009582,0.08266666666666668,0.11370332144067627,115,61,294,1030,0.6534090909090909,0.28117359413202936,0.39316239316239315,boxes_cylinder_partial_overlap_medium_2,partial_overlap,0.75
6,0.6915154525693139,0.10733333333333334,0.07199132521260147,0.06042992199067712,0.03199132521260147,0.09266666666666667,0.12465799187926815,110,51,299,1040,0.6832298136645962,0.26894865525672373,0.38596491228070173,boxes_cylinder_partial_overlap_medium_2,partial_overlap,0.75
7,0.7047524403882162,0.098,0.07362926466344687,0.05854203977925561,0.033629264663446866,0.10200000000000001,0.13562926466344688,103,44,306,1047,0.7006802721088435,0.25183374083129584,0.3705035971223022,boxes_cylinder_partial_overlap_medium_2,partial_overlap,0.75
8,0.7169463373833864,0.08466666666666667,0.07550639498069542,0.055096212402359034,0.03550639498069542,0.11533333333333334,0.15083972831402875,94,33,315,1058,0.7401574803149606,0.22982885085574573,0.3507462686567164,boxes_cylinder_partial_overlap_medium_2,partial_overlap,0.75
9,0.7269559298544296,0.07266666666666667,0.07572554595197714,0.0537911010560677,0.03572554595197714,0.12733333333333335,0.1630588792853105,84,25,325,1066,0.7706422018348624,0.20537897310513448,0.32432432432432434,boxes_cylinder_partial_overlap_medium_2,partial_overlap,0.75
10,0.7327942487823953,0.06666666666666667,0.07784910904931822,0.05324811418883431,0.037849109049318215,0.13333333333333336,0.17118244238265157,78,22,331,1069,0.78,0.19070904645476772,0.30648330058939094,boxes_cylinder_partial_overlap_medium_2,partial_overlap,0.75
11,0.7395679123563726,0.058666666666666666,0.07960059116683699,0.0518227895615307,0.039600591166836986,0.14133333333333334,0.18093392450017032,70,18,339,1073,0.7954545454545454,0.17114914425427874,0.2816901408450704,boxes_cylinder_partial_overlap_medium_2,partial_overlap,0.75
12,0.7459687991066282,0.054,0.08141616409193475,0.0492041749779847,0.04141616409193475,0.14600000000000002,0.18741616409193476,66,15,343,1076,0.8148148148148148,0.16136919315403422,0.26938775510204077,boxes_cylinder_partial_overlap_medium_2,partial_overlap,0.75
13,0.7533430452445303,0.04733333333333333,0.08265479257636617,0.04829989529493507,0.04265479257636617,0.15266666666666667,0.19532145924303285,58,13,351,1078,0.8169014084507042,0.14180929095354522,0.24166666666666664,boxes_cylinder_partial_overlap_medium_2,partial_overlap,0.75
14,0.7600752341090796,0.03933333333333333,0.08502148446817492,0.04737621074234771,0.04502148446817492,0.16066666666666668,0.2056881511348416,49,10,360,1081,0.8305084745762712,0.1198044009779951,0.2094017094017094,boxes_cylinder_partial_overlap_medium_2,partial_overlap,0.75
15,0.767357460811342,0.034,0.0863628752499368,0.04574519551848818,0.0463628752499368,0.166,0.2123628752499368,42,9,367,1082,0.8235294117647058,0.10268948655256724,0.1826086956521739,boxes_cylinder_partial_overlap_medium_2,partial_overlap,0.75
16,0.7746517736862473,0.029333333333333333,0.08980757528502464,0.04338010989213173,0.04980757528502464,0.1706666666666667,0.22047424195169132,37,7,372,1084,0.8409090909090909,0.09046454767726161,0.16335540838852097,boxes_cylinder_partial_overlap_medium_2,partial_overlap,0.75
17,0.7853631366137842,0.024666666666666667,0.09002989937589281,0.04179692108636137,0.05002989937589281,0.17533333333333334,0.22536323270922615,32,5,377,1086,0.8648648648648649,0.07823960880195599,0.14349775784753363,boxes_cylinder_partial_overlap_medium_2,partial_overlap,0.75
18,0.7946579856776235,0.02,0.09221181954864358,0.03826488332406228,0.052211819548643575,0.18000000000000002,0.2322118195486436,27,3,382,1088,0.9,0.06601466992665037,0.12300683371298406,boxes_cylinder_partial_overlap_medium_2,partial_overlap,0.75
19,0.8054757150005888,0.013333333333333334,0.08974137899115707,0.04160306175782861,0.04974137899115707,0.18666666666666668,0.23640804565782375,17,3,392,1088,0.85,0.04156479217603912,0.07925407925407925,boxes_cylinder_partial_overlap_medium_2,partial_overlap,0.75
0,0.5,0.44666666666666666,0.03606104671052348,0.05336290580842016,0.0,0.0,0.0,574,96,418,412,0.8567164179104477,0.5786290322580645,0.690734055354994,boxes_cylinder_partial_overlap_medium_3,partial_overlap,0.75
1,0.5,0.44666666666666666,0.03606104671052348,0.05336290580842016,0.0,0.0,0.0,574,96,418,412,0.8567164179104477,0.5786290322580645,0.690734055354994,boxes_cylinder_partial_overlap_medium_3,partial_overlap,0.75
0,0.5,0.2929014472777395,0.04539212029986732,0.06619519576255674,0.005392120299867319,0.0,0.005392120299867319,303,122,323,703,0.7129411764705882,0.4840255591054313,0.576593720266413,boxes_cylinder_scene_change_hard_mixed,scene_change,0.75
1,0.508088180449801,0.27705031013094417,0.04539932010746352,0.06538882389528725,0.005399320107463516,0.0,0.005399320107463516,291,111,335,714,0.7238805970149254,0.46485623003194887,0.566147859922179,boxes_cylinder_scene_change_hard_mixed,scene_change,0.75
0,0.5,0.2980364656381487,0.05360037265390008,0.065167699001513,0.01360037265390008,0.0,0.01360037265390008,273,152,259,742,0.6423529411764706,0.5131578947368421,0.5705329153605015,boxes_cylinder_scene_change_medium_2,scene_change,0.75
1,0.5204005589808501,0.2713884992987377,0.054647539953357215,0.06425749893812603,0.014647539953357214,0.0,0.014647539953357214,250,137,282,757,0.6459948320413437,0.4699248120300752,0.5440696409140371,boxes_cylinder_scene_change_medium_2,scene_change,0.75
2,0.542371868910886,0.24894810659186536,0.05607459932360167,0.06241250791323852,0.016074599323601668,0.0,0.016074599323601668,236,119,296,775,0.6647887323943662,0.44360902255639095,0.532130777903044,boxes_cylinder_scene_change_medium_2,scene_change,0.75
3,0.5664837678962884,0.21809256661991586,0.056570403150002,0.061851989502785046,0.016570403150002,0.0,0.016570403150002,210,101,322,793,0.6752411575562701,0.39473684210526316,0.49822064056939497,boxes_cylinder_scene_change_medium_2,scene_change,0.75
4,0.5913393726212914,0.1935483870967742,0.05758842080325997,0.06076056253351447,0.017588420803259966,0.006451612903225823,0.02404003370648579,189,87,343,807,0.6847826086956522,0.35526315789473684,0.4678217821782178,boxes_cylinder_scene_change_medium_2,scene_change,0.75
5,0.6153026489874717,0.1697054698457223,0.05860122557460954,0.05926254293967319,0.01860122557460954,0.030294530154277716,0.048895755728887255,169,73,363,821,0.6983471074380165,0.3176691729323308,0.43669250645994834,boxes_cylinder_scene_change_medium_2,scene_change,0.75
6,0.6318440385415318,0.1584852734922861,0.05821328110938002,0.05834423710136,0.018213281109380017,0.0415147265077139,0.05972800761709392,159,67,373,827,0.7035398230088495,0.29887218045112784,0.4195250659630608,boxes_cylinder_scene_change_medium_2,scene_change,0.75
7,0.6435959377652092,0.14446002805049088,0.05933030779304908,0.05697015676399441,0.019330307793049076,0.05553997194950913,0.07487027974255821,149,57,383,837,0.7233009708737864,0.2800751879699248,0.4037940379403794,boxes_cylinder_scene_change_medium_2,scene_change,0.75
8,0.6517639099737169,0.1332398316970547,0.05984709632750801,0.05587623939999007,0.01984709632750801,0.06676016830294532,0.08660726463045332,140,50,392,844,0.7368421052631579,0.2631578947368421,0.38781163434903043,boxes_cylinder_scene_change_medium_2,scene_change,0.75
9,0.6564994913513744,0.12833099579242638,0.05981326263245149,0.05559579371394478,0.019813262632451492,0.07166900420757363,0.09148226684002513,135,48,397,846,0.7377049180327869,0.25375939849624063,0.37762237762237766,boxes_cylinder_scene_change_medium_2,scene_change,0.75
10,0.6593435087222116,0.12692847124824685,0.05989719346320164,0.055597791444704614,0.019897193463201637,0.07307152875175316,0.0929687222149548,134,47,398,847,0.7403314917127072,0.2518796992481203,0.3758765778401122,boxes_cylinder_scene_change_medium_2,scene_change,0.75
11,0.6617874756351066,0.12272089761570827,0.060297400072036315,0.05490370461904252,0.020297400072036315,0.07727910238429174,0.09757650245632805,131,44,401,850,0.7485714285714286,0.2462406015037594,0.3705799151343706,boxes_cylinder_scene_change_medium_2,scene_change,0.75
12,0.6632539123490517,0.11991584852734923,0.06054945428217719,0.054995394244227544,0.020549454282177186,0.08008415147265079,0.10063360575482796,127,44,405,850,0.7426900584795322,0.2387218045112782,0.36130867709815073,boxes_cylinder_scene_change_medium_2,scene_change,0.75
13,0.6640465369700734,0.1185133239831697,0.06081007299527846,0.054905304187425376,0.020810072995278456,0.08148667601683031,0.10229674901210876,126,43,406,851,0.7455621301775148,0.23684210526315788,0.3594864479315264,boxes_cylinder_scene_change_medium_2,scene_change,0.75
14,0.6647041429566798,0.11781206171107994,0.06070245414004362,0.05486267522427654,0.020702454140043618,0.08218793828892007,0.1028903924289637,125,43,407,851,0.7440476190476191,0.2349624060150376,0.35714285714285715,boxes_cylinder_scene_change_medium_2,scene_change,0.75
15,0.6649373473084002,0.11781206171107994,0.06070245414004362,0.05486267522427654,0.020702454140043618,0.08218793828892007,0.1028903924289637,125,43,407,851,0.7440476190476191,0.2349624060150376,0.35714285714285715,boxes_cylinder_scene_change_medium_2,scene_change,0.75
0,0.5,0.46787709497206703,0.024113540462280005,0.04116364609149197,0.0,0.0,0.0,614,56,492,270,0.9164179104477612,0.5551537070524413,0.6914414414414415,boxes_cylinder_scene_change_medium_3,scene_change,0.75
1,0.5,0.46787709497206703,0.024113540462280005,0.04116364609149197,0.0,0.0,0.0,614,56,492,270,0.9164179104477612,0.5551537070524413,0.6914414414414415,boxes_cylinder_scene_change_medium_3,scene_change,0.75
0,0.5,0.414,0.046967980914869534,0.0693356129360616,0.006967980914869533,0.0,0.006967980914869533,379,242,273,606,0.6103059581320451,0.5812883435582822,0.5954438334642577,boxes_cylinder_static_noise_hard_mixed,static_noise,0.75
1,0.5104519713723042,0.39066666666666666,0.04731547656632995,0.06858622178113571,0.0073154765663299495,0.0,0.0073154765663299495,365,221,287,627,0.6228668941979523,0.5598159509202454,0.5896607431340872,boxes_cylinder_static_noise_hard_mixed,static_noise,0.75
2,0.5214251862217991,0.37866666666666665,0.04793331789852024,0.06798279398319997,0.00793331789852024,0.0,0.00793331789852024,360,208,292,640,0.6338028169014085,0.5521472392638037,0.5901639344262296,boxes_cylinder_static_noise_hard_mixed,static_noise,0.75
3,0.5333251630695794,0.36,0.04779914921215212,0.06766672102268648,0.0077991492121521205,0.0,0.0077991492121521205,347,193,305,655,0.6425925925925926,0.5322085889570553,0.5822147651006713,boxes_cylinder_static_noise_hard_mixed,static_noise,0.75
4,0.5450238868878077,0.3373333333333333,0.04771493349683512,0.0667752297967211,0.007714933496835122,0.0,0.007714933496835122,330,176,322,672,0.6521739130434783,0.5061349693251533,0.5699481865284974,boxes_cylinder_static_noise_hard_mixed,static_noise,0.75
0,0.5,0.39,0.04938230378597167,0.0760999073720285,0.009382303785971671,0.0,0.009382303785971671,327,258,210,705,0.558974358974359,0.6089385474860335,0.5828877005347594,boxes_cylinder_static_noise_medium_2,static_noise,0.75
1,0.5140734556789575,0.37133333333333335,0.049423555102656294,0.07584429895640814,0.009423555102656293,0.0,0.009423555102656293,312,245,225,718,0.5601436265709157,0.5810055865921788,0.5703839122486289,boxes_cylinder_static_noise_medium_2,static_noise,0.75
0,0.5,0.4013333333333333,0.049621784734043405,0.07565921239846025,0.009621784734043404,0.0,0.009621784734043404,339,263,200,698,0.5631229235880398,0.6289424860853432,0.5942156003505696,boxes_cylinder_static_noise_medium_3,static_noise,0.75
1,0.5144326771010651,0.38533333333333336,0.049159266501715634,0.07523570827413219,0.009159266501715634,0.0,0.009159266501715634,329,249,210,712,0.5692041522491349,0.6103896103896104,0.5890778871978514,boxes_cylinder_static_noise_medium_3,static_noise,0.75
2,0.5281715768536386,0.36333333333333334,0.049055013496909806,0.07455937990529438,0.009055013496909806,0.0,0.009055013496909806,313,232,226,729,0.5743119266055046,0.5807050092764379,0.5774907749077491,boxes_cylinder_static_noise_medium_3,static_noise,0.75
3,0.5417540970990032,0.3446666666666667,0.04928611005546407,0.07424143239548546,0.009286110055464071,0.0,0.009286110055464071,298,219,241,742,0.5764023210831721,0.5528756957328386,0.5643939393939394,boxes_cylinder_static_noise_medium_3,static_noise,0.75
4,0.5556832621821993,0.32666666666666666,0.04921579166999564,0.07350531939972171,0.009215791669995636,0.0,0.009215791669995636,287,203,252,758,0.5857142857142857,0.5324675324675324,0.5578231292517006,boxes_cylinder_static_noise_medium_3,static_noise,0.75
0,0.5,0.142,0.07618254222481048,0.10159408133121327,0.03618254222481048,0.058000000000000024,0.09418254222481051,60,153,138,1149,0.28169014084507044,0.30303030303030304,0.29197080291970806,boxes_cylinder_strong_noise_hard_mixed,strong_noise,0.75
1,0.5325238133372157,0.10733333333333334,0.07738333296103919,0.10125486027754929,0.03738333296103919,0.09266666666666667,0.13004999962770586,44,117,154,1185,0.2732919254658385,0.2222222222222222,0.24512534818941506,boxes_cylinder_strong_noise_hard_mixed,strong_noise,0.75
2,0.5538488127787744,0.09066666666666667,0.07872289100997269,0.09991622439334659,0.03872289100997269,0.10933333333333334,0.14805622434330604,38,98,160,1204,0.27941176470588236,0.1919191919191919,0.2275449101796407,boxes_cylinder_strong_noise_hard_mixed,strong_noise,0.75
3,0.5709331492937334,0.08066666666666666,0.07927006667265514,0.09905829519268361,0.03927006667265514,0.11933333333333335,0.1586034000059885,33,88,165,1214,0.2727272727272727,0.16666666666666666,0.20689655172413793,boxes_cylinder_strong_noise_hard_mixed,strong_noise,0.75
4,0.5850882493027161,0.074,0.07951557074282466,0.10016577794819914,0.039515570742824656,0.126,0.16551557074282466,29,82,169,1220,0.26126126126126126,0.14646464646464646,0.1877022653721683,boxes_cylinder_strong_noise_hard_mixed,strong_noise,0.75
5,0.5971116054169531,0.06866666666666667,0.08012989813611475,0.09967871669573972,0.04012989813611475,0.13133333333333336,0.1714632314694481,27,76,171,1226,0.2621359223300971,0.13636363636363635,0.17940199335548174,boxes_cylinder_strong_noise_hard_mixed,strong_noise,0.75
6,0.6080564526211252,0.06466666666666666,0.07999449620626319,0.09860415872264297,0.039994496206263185,0.13533333333333336,0.17532782953959655,27,70,171,1232,0.27835051546391754,0.13636363636363635,0.18305084745762712,boxes_cylinder_strong_noise_hard_mixed,strong_noise,0.75
7,0.6172981969305199,0.058,0.08199150098318052,0.09900767732519207,0.04199150098318052,0.14200000000000002,0.18399150098318054,23,64,175,1238,0.26436781609195403,0.11616161616161616,0.16140350877192983,boxes_cylinder_strong_noise_hard_mixed,strong_noise,0.75
8,0.6270354484052907,0.056666666666666664,0.0827345454855063,0.09819899586233324,0.042734545485506294,0.14333333333333334,0.18606787881883963,23,62,175,1240,0.27058823529411763,0.11616161616161616,0.1625441696113074,boxes_cylinder_strong_noise_hard_mixed,strong_noise,0.75
9,0.6373872666335502,0.048,0.0857509730710832,0.1001085725745495,0.0457509730710832,0.15200000000000002,0.19775097307108322,18,54,180,1248,0.25,0.09090909090909091,0.13333333333333333,boxes_cylinder_strong_noise_hard_mixed,strong_noise,0.75
10,0.649013726240175,0.04666666666666667,0.08581298514186893,0.09989403714324599,0.04581298514186893,0.15333333333333335,0.19914631847520228,18,52,180,1250,0.2571428571428571,0.09090909090909091,0.1343283582089552,boxes_cylinder_strong_noise_hard_mixed,strong_noise,0.75
11,0.6602332039529784,0.042666666666666665,0.0867641171330783,0.10003152597475962,0.0467641171330783,0.15733333333333335,0.20409745046641165,16,48,182,1254,0.25,0.08080808080808081,0.12213740458015268,boxes_cylinder_strong_noise_hard_mixed,strong_noise,0.75
12,0.6713793796525958,0.03933333333333333,0.0863768080949157,0.09917533567013447,0.0463768080949157,0.16066666666666668,0.20704347476158239,13,46,185,1256,0.22033898305084745,0.06565656565656566,0.10116731517509728,boxes_cylinder_strong_noise_hard_mixed,strong_noise,0.75
13,0.6806945917949693,0.038,0.08743905455726915,0.09893093494934718,0.04743905455726915,0.162,0.20943905455726916,13,44,185,1258,0.22807017543859648,0.06565656565656566,0.10196078431372549,boxes_cylinder_strong_noise_hard_mixed,strong_noise,0.75
14,0.691103173630873,0.03333333333333333,0.08826791083412465,0.10054233101533183,0.04826791083412465,0.16666666666666669,0.21493457750079134,11,39,187,1263,0.22,0.05555555555555555,0.08870967741935483,boxes_cylinder_strong_noise_hard_mixed,strong_noise,0.75
15,0.70100503988206,0.028666666666666667,0.08757437197342437,0.09924542621077305,0.047574371973424366,0.17133333333333334,0.2189077053067577,10,33,188,1269,0.23255813953488372,0.050505050505050504,0.08298755186721991,boxes_cylinder_strong_noise_hard_mixed,strong_noise,0.75
16,0.7081165978421965,0.028,0.0884747217756228,0.09759696017326182,0.048474721775622794,0.17200000000000001,0.2204747217756228,10,32,188,1270,0.23809523809523808,0.050505050505050504,0.08333333333333333,boxes_cylinder_strong_noise_hard_mixed,strong_noise,0.75
17,0.7163286805056307,0.023333333333333334,0.09029067401108552,0.09330007759464362,0.05029067401108552,0.17666666666666667,0.2269573406777522,9,26,189,1276,0.2571428571428571,0.045454545454545456,0.07725321888412016,boxes_cylinder_strong_noise_hard_mixed,strong_noise,0.75
18,0.725514691522259,0.020666666666666667,0.09197065566920337,0.09350252913745594,0.05197065566920337,0.17933333333333334,0.2313039890025367,8,23,190,1279,0.25806451612903225,0.04040404040404041,0.06986899563318778,boxes_cylinder_strong_noise_hard_mixed,strong_noise,0.75
19,0.736220675026064,0.017333333333333333,0.09323690826247824,0.09475573481025455,0.05323690826247824,0.18266666666666667,0.2359035749291449,6,20,192,1282,0.23076923076923078,0.030303030303030304,0.05357142857142857,boxes_cylinder_strong_noise_hard_mixed,strong_noise,0.75
0,0.5,0.17333333333333334,0.05194794944671326,0.08276431195538274,0.011947949446713256,0.026666666666666672,0.03861461611337993,116,144,320,920,0.4461538461538462,0.26605504587155965,0.3333333333333333,boxes_cylinder_strong_noise_medium_2,strong_noise,0.75
1,0.5079219241700699,0.16333333333333333,0.051497025935626835,0.08224160355702438,0.011497025935626834,0.03666666666666668,0.048163692602293515,112,133,324,931,0.45714285714285713,0.25688073394495414,0.32892804698972106,boxes_cylinder_strong_noise_medium_2,strong_noise,0.75
2,0.5114174630735101,0.158,0.05196867667777173,0.08211020057148402,0.011968676677771732,0.04200000000000001,0.05396867667777174,109,128,327,936,0.459915611814346,0.25,0.32392273402674593,boxes_cylinder_strong_noise_medium_2,strong_noise,0.75
3,0.5136204780901676,0.156,0.05174993368861206,0.08234071701571995,0.01174993368861206,0.04400000000000001,0.05574993368861207,107,127,329,937,0.45726495726495725,0.24541284403669725,0.3194029850746269,boxes_cylinder_strong_noise_medium_2,strong_noise,0.75
4,0.5147453786230858,0.15466666666666667,0.051709788447048585,0.08229521309358581,0.011709788447048584,0.04533333333333334,0.05704312178038192,106,126,330,938,0.45689655172413796,0.24311926605504589,0.31736526946107785,boxes_cylinder_strong_noise_medium_2,strong_noise,0.75
5,0.5153100612936586,0.154,0.051889626723178935,0.08207605196260802,0.011889626723178934,0.04600000000000001,0.05788962672317895,106,125,330,939,0.4588744588744589,0.24311926605504589,0.3178410794602699,boxes_cylinder_strong_noise_medium_2,strong_noise,0.75
6,0.5158945013784271,0.152,0.05162818507688736,0.08221145044901398,0.011628185076887357,0.048000000000000015,0.05962818507688737,104,124,332,940,0.45614035087719296,0.23853211009174313,0.3132530120481928,boxes_cylinder_strong_noise_medium_2,strong_noise,0.75
7,0.5153367789937581,0.154,0.051889626723178935,0.08207605196260802,0.011889626723178934,0.04600000000000001,0.05788962672317895,106,125,330,939,0.4588744588744589,0.24311926605504589,0.3178410794602699,boxes_cylinder_strong_noise_medium_2,strong_noise,0.75
8,0.5159212190785265,0.152,0.05162818507688736,0.08221145044901398,0.011628185076887357,0.048000000000000015,0.05962818507688737,104,124,332,940,0.45614035087719296,0.23853211009174313,0.3132530120481928,boxes_cylinder_strong_noise_medium_2,strong_noise,0.75
9,0.5153634966938575,0.154,0.051889626723178935,0.08207605196260802,0.011889626723178934,0.04600000000000001,0.05788962672317895,106,125,330,939,0.4588744588744589,0.24311926605504589,0.3178410794602699,boxes_cylinder_strong_noise_medium_2,strong_noise,0.75
10,0.5159479367786259,0.152,0.05162818507688736,0.08221145044901398,0.011628185076887357,0.048000000000000015,0.05962818507688737,104,124,332,940,0.45614035087719296,0.23853211009174313,0.3132530120481928,boxes_cylinder_strong_noise_medium_2,strong_noise,0.75
11,0.5153902143939569,0.15333333333333332,0.051864076752883834,0.08204577843069674,0.011864076752883833,0.04666666666666669,0.05853074341955052,106,124,330,940,0.4608695652173913,0.24311926605504589,0.31831831831831836,boxes_cylinder_strong_noise_medium_2,strong_noise,0.75
12,0.5156863295232826,0.15266666666666667,0.05170018697479655,0.0821807069961977,0.01170018697479655,0.04733333333333334,0.05903352030812989,105,124,331,940,0.4585152838427948,0.2408256880733945,0.3157894736842105,boxes_cylinder_strong_noise_medium_2,strong_noise,0.75
13,0.5154866099854775,0.15333333333333332,0.051864076752883834,0.08204577843069674,0.011864076752883833,0.04666666666666669,0.05853074341955052,106,124,330,940,0.4608695652173913,0.24311926605504589,0.31831831831831836,boxes_cylinder_strong_noise_medium_2,strong_noise,0.75
14,0.5157827251148032,0.152,0.05162818507688736,0.08221145044901398,0.011628185076887357,0.048000000000000015,0.05962818507688737,104,124,332,940,0.45614035087719296,0.23853211009174313,0.3132530120481928,boxes_cylinder_strong_noise_medium_2,strong_noise,0.75
15,0.5152250027301342,0.154,0.051889626723178935,0.08207605196260802,0.011889626723178934,0.04600000000000001,0.05788962672317895,106,125,330,939,0.4588744588744589,0.24311926605504589,0.3178410794602699,boxes_cylinder_strong_noise_medium_2,strong_noise,0.75
16,0.5158094428149026,0.152,0.05162818507688736,0.08221145044901398,0.011628185076887357,0.048000000000000015,0.05962818507688737,104,124,332,940,0.45614035087719296,0.23853211009174313,0.3132530120481928,boxes_cylinder_strong_noise_medium_2,strong_noise,0.75
17,0.5152517204302336,0.154,0.051889626723178935,0.08207605196260802,0.011889626723178934,0.04600000000000001,0.05788962672317895,106,125,330,939,0.4588744588744589,0.24311926605504589,0.3178410794602699,boxes_cylinder_strong_noise_medium_2,strong_noise,0.75
18,0.515836160515002,0.152,0.05162818507688736,0.08221145044901398,0.011628185076887357,0.048000000000000015,0.05962818507688737,104,124,332,940,0.45614035087719296,0.23853211009174313,0.3132530120481928,boxes_cylinder_strong_noise_medium_2,strong_noise,0.75
19,0.515278438130333,0.154,0.051889626723178935,0.08207605196260802,0.011889626723178934,0.04600000000000001,0.05788962672317895,106,125,330,939,0.4588744588744589,0.24311926605504589,0.3178410794602699,boxes_cylinder_strong_noise_medium_2,strong_noise,0.75
0,0.5,0.14133333333333334,0.07954207757103963,0.0974294737982193,0.039542077571039634,0.05866666666666667,0.09820874423770631,73,139,152,1136,0.3443396226415094,0.3244444444444444,0.3340961098398169,boxes_cylinder_strong_noise_medium_3,strong_noise,0.75
1,0.5373131163565594,0.09266666666666666,0.07852834479273182,0.0943281269417576,0.038528344792731824,0.10733333333333335,0.14586167812606518,54,85,171,1190,0.38848920863309355,0.24,0.2967032967032967,boxes_cylinder_strong_noise_medium_3,strong_noise,0.75
2,0.5548556335456571,0.072,0.07601082682778672,0.08995111711291041,0.03601082682778672,0.128,0.16401082682778673,48,60,177,1215,0.4444444444444444,0.21333333333333335,0.2882882882882883,boxes_cylinder_strong_noise_medium_3,strong_noise,0.75
3,0.5608718737873373,0.07066666666666667,0.07707592091612547,0.08905923535384601,0.03707592091612547,0.12933333333333336,0.16640925424945882,48,58,177,1217,0.4528301886792453,0.21333333333333335,0.29003021148036257,boxes_cylinder_strong_noise_medium_3,strong_noise,0.75
4,0.5679857551615255,0.06733333333333333,0.0776512572658885,0.08848045874858068,0.03765125726588849,0.13266666666666668,0.17031792393255518,48,53,177,1222,0.4752475247524752,0.21333333333333335,0.294478527607362,boxes_cylinder_strong_noise_medium_3,strong_noise,0.75
5,0.5747126410603582,0.06466666666666666,0.07656474127003501,0.08837298213563533,0.03656474127003501,0.13533333333333336,0.17189807460336837,47,50,178,1225,0.4845360824742268,0.2088888888888889,0.2919254658385093,boxes_cylinder_strong_noise_medium_3,strong_noise,0.75
6,0.5788097529654107,0.06266666666666666,0.07741362645092985,0.08835827233615287,0.03741362645092985,0.13733333333333336,0.17474695978426322,45,49,180,1226,0.4787234042553192,0.2,0.2821316614420063,boxes_cylinder_strong_noise_medium_3,strong_noise,0.75
7,0.5834301926418055,0.058,0.07684019440319038,0.08889768632109697,0.036840194403190384,0.14200000000000002,0.1788401944031904,41,46,184,1229,0.47126436781609193,0.18222222222222223,0.2628205128205128,boxes_cylinder_strong_noise_medium_3,strong_noise,0.75
8,0.5854404842465911,0.056666666666666664,0.07816234375819431,0.08835720832259825,0.03816234375819431,0.14333333333333334,0.18149567709152764,41,44,184,1231,0.4823529411764706,0.18222222222222223,0.2645161290322581,boxes_cylinder_strong_noise_medium_3,strong_noise,0.75
9,0.5889339998838826,0.054,0.07730347301966288,0.08675035187167847,0.03730347301966288,0.14600000000000002,0.1833034730196629,41,40,184,1235,0.5061728395061729,0.18222222222222223,0.2679738562091503,boxes_cylinder_strong_noise_medium_3,strong_noise,0.75
10,0.5901392094133769,0.05333333333333334,0.07661947467930184,0.08651918636326418,0.03661947467930184,0.14666666666666667,0.18328614134596852,41,39,184,1236,0.5125,0.18222222222222223,0.26885245901639343,boxes_cylinder_strong_noise_medium_3,strong_noise,0.75
0,0.5,0.20622568093385213,0.07774392595067851,0.1044606576533437,0.03774392595067851,0.0,0.03774392595067851,54,211,82,938,0.2037735849056604,0.39705882352941174,0.26932668329177056,l_shape_added_outliers_hard_mixed,added_outliers,0.75
1,0.5566158889260178,0.1463035019455253,0.08011564741956456,0.10159373135198145,0.04011564741956456,0.05369649805447471,0.09381214547403927,44,144,92,1005,0.23404255319148937,0.3235294117647059,0.271604938271605,l_shape_added_outliers_hard_mixed,added_outliers,0.75
2,0.5966531732849366,0.1066147859922179,0.0844576945782888,0.09921264441885581,0.044457694578288805,0.09338521400778212,0.13784290858607093,36,101,100,1048,0.26277372262773724,0.2647058823529412,0.2637362637362637,l_shape_added_outliers_hard_mixed,added_outliers,0.75
3,0.6283202598994515,0.08326848249027237,0.08745431801484657,0.09796995418286109,0.04745431801484657,0.11673151750972764,0.16418583552457422,29,78,107,1071,0.27102803738317754,0.21323529411764705,0.23868312757201646,l_shape_added_outliers_hard_mixed,added_outliers,0.75
4,0.6557274178555735,0.06303501945525292,0.08740102135988713,0.09991656309769485,0.04740102135988713,0.1369649805447471,0.18436600190463423,20,61,116,1088,0.24691358024691357,0.14705882352941177,0.18433179723502305,l_shape_added_outliers_hard_mixed,added_outliers,0.75
5,0.6754670821911241,0.051361867704280154,0.08887696256277353,0.09719154685621696,0.048876962562773525,0.14863813229571987,0.1975150948584934,18,48,118,1101,0.2727272727272727,0.1323529411764706,0.17821782178217824,l_shape_added_outliers_hard_mixed,added_outliers,0.75
6,0.6930432264243894,0.042801556420233464,0.08895594117645583,0.0957079854245982,0.04895594117645583,0.15719844357976653,0.20615438475622236,16,39,120,1110,0.2909090909090909,0.11764705882352941,0.16753926701570682,l_shape_added_outliers_hard_mixed,added_outliers,0.75
7,0.7075277218466607,0.036575875486381325,0.0897396339895311,0.09611107111569027,0.049739633989531094,0.16342412451361868,0.21316375850314978,14,33,122,1116,0.2978723404255319,0.10294117647058823,0.15300546448087432,l_shape_added_outliers_hard_mixed,added_outliers,0.75
8,0.7208531261383503,0.02801556420233463,0.09206158307664974,0.09678844772020699,0.052061583076649744,0.17198443579766537,0.2240460188743151,9,27,127,1122,0.25,0.0661764705882353,0.10465116279069768,l_shape_added_outliers_hard_mixed,added_outliers,0.75
9,0.7344513373292004,0.021011673151750974,0.09224723521912732,0.09042018385288754,0.05224723521912732,0.17898832684824903,0.23123556206737636,9,18,127,1131,0.3333333333333333,0.0661764705882353,0.11042944785276074,l_shape_added_outliers_hard_mixed,added_outliers,0.75
10,0.745701567589798,0.01867704280155642,0.08996016500445288,0.09165203131084605,0.049960165004452876,0.1813229571984436,0.23128312220289649,7,17,129,1132,0.2916666666666667,0.051470588235294115,0.08750000000000001,l_shape_added_outliers_hard_mixed,added_outliers,0.75
0,0.5,0.3573667711598746,0.04310305479389819,0.05819290441991777,0.003103054793898191,0.0,0.003103054793898191,329,127,319,501,0.7214912280701754,0.5077160493827161,0.5960144927536233,l_shape_added_outliers_medium_2,added_outliers,0.75
1,0.5046545821908472,0.3510971786833856,0.0429698451571214,0.058153547264502094,0.002969845157121398,0.0,0.002969845157121398,324,124,324,504,0.7232142857142857,0.5,0.5912408759124088,l_shape_added_outliers_medium_2,added_outliers,0.75
2,0.5091093499265293,0.3432601880877743,0.04296918718236217,0.058133095610292874,0.002969187182362172,0.0,0.002969187182362172,318,120,330,508,0.726027397260274,0.49074074074074076,0.5856353591160222,l_shape_added_outliers_medium_2,added_outliers,0.75
0,0.5,0.25446082234290146,0.07075611550840774,0.08228853606069338,0.03075611550840774,0.0,0.03075611550840774,150,178,178,783,0.4573170731707317,0.4573170731707317,0.4573170731707317,l_shape_added_outliers_medium_3,added_outliers,0.75
1,0.5461341732626116,0.19317300232738557,0.07329729170323569,0.0798972813424986,0.03329729170323569,0.006826997672614438,0.04012428937585013,122,127,206,834,0.4899598393574297,0.3719512195121951,0.42287694974003465,l_shape_added_outliers_medium_3,added_outliers,0.75
2,0.5935199866902348,0.14895267649340574,0.07441360044484473,0.07692861328413121,0.034413600444844726,0.05104732350659427,0.085460923951439,103,89,225,872,0.5364583333333334,0.31402439024390244,0.3961538461538462,l_shape_added_outliers_medium_3,added_outliers,0.75
3,0.625997641042529,0.11559348332040341,0.07709810797878526,0.07506593065629687,0.03709810797878526,0.0844065166795966,0.12150462465838185,85,64,243,897,0.5704697986577181,0.25914634146341464,0.35639412997903563,l_shape_added_outliers_medium_3,added_outliers,0.75
4,0.6499923592558582,0.09619860356865788,0.07689351230974531,0.07357310860328667,0.03689351230974531,0.10380139643134213,0.14069490874108745,72,52,256,909,0.5806451612903226,0.21951219512195122,0.31858407079646023,l_shape_added_outliers_medium_3,added_outliers,0.75
5,0.6664071040587228,0.08223429014740109,0.07804532731445551,0.07200616594730816,0.038045327314455514,0.11776570985259892,0.15581103716705444,65,41,263,920,0.6132075471698113,0.19817073170731708,0.2995391705069124,l_shape_added_outliers_medium_3,added_outliers,0.75
6,0.6793129538356815,0.07292474786656322,0.08062685138552046,0.07001775887736665,0.04062685138552046,0.1270752521334368,0.16770210351895726,59,35,269,926,0.6276595744680851,0.1798780487804878,0.27962085308056867,l_shape_added_outliers_medium_3,added_outliers,0.75
7,0.6926000113639234,0.06671838634600466,0.08168959120716067,0.06951477681286279,0.04168959120716067,0.13328161365399535,0.17497120486115603,54,32,274,929,0.627906976744186,0.16463414634146342,0.2608695652173913,l_shape_added_outliers_medium_3,added_outliers,0.75
8,0.7051537930544161,0.05896043444530644,0.08265075207325277,0.06808137351627809,0.04265075207325277,0.14103956555469357,0.18369031762794635,50,26,278,935,0.6578947368421053,0.1524390243902439,0.2475247524752475,l_shape_added_outliers_medium_3,added_outliers,0.75
9,0.7162400840812851,0.05352986811481769,0.08189127186679036,0.06911714747524661,0.04189127186679036,0.14647013188518232,0.1883614037519727,46,23,282,938,0.6666666666666666,0.1402439024390244,0.23173803526448367,l_shape_added_outliers_medium_3,added_outliers,0.75
10,0.7241506924245273,0.05120248254460822,0.08230464544805687,0.06896434480985723,0.042304645448056864,0.1487975174553918,0.19110216290344867,44,22,284,939,0.6666666666666666,0.13414634146341464,0.2233502538071066,l_shape_added_outliers_medium_3,added_outliers,0.75
11,0.7318085915508408,0.047323506594259115,0.08336834519619676,0.06925872721646774,0.04336834519619676,0.1526764934057409,0.19604483860193767,41,20,287,941,0.6721311475409836,0.125,0.21079691516709512,l_shape_added_outliers_medium_3,added_outliers,0.75
12,0.7396074243179831,0.038789759503491075,0.08338950756908879,0.06630965627645762,0.04338950756908879,0.16121024049650895,0.20459974806559775,35,15,293,946,0.7,0.10670731707317073,0.1851851851851852,l_shape_added_outliers_medium_3,added_outliers,0.75
13,0.7442378454854254,0.03801396431342126,0.08334763711339636,0.06555110004637948,0.04334763711339636,0.16198603568657877,0.20533367279997514,35,14,293,947,0.7142857142857143,0.10670731707317073,0.1856763925729443,l_shape_added_outliers_medium_3,added_outliers,0.75
14,0.7485145377730529,0.03491078355314197,0.08324897127471738,0.06567349658390934,0.04324897127471738,0.16508921644685803,0.20833818772157542,32,13,296,948,0.7111111111111111,0.0975609756097561,0.17158176943699732,l_shape_added_outliers_medium_3,added_outliers,0.75
15,0.7514795385175572,0.03335919317300233,0.08385634512121172,0.0642506649385158,0.04385634512121172,0.16664080682699767,0.2104971519482094,32,11,296,950,0.7441860465116279,0.0975609756097561,0.1725067385444744,l_shape_added_outliers_medium_3,added_outliers,0.75
16,0.7547737536392507,0.031031807602792862,0.08355399509768491,0.06354588294875223,0.04355399509768491,0.16896819239720715,0.21252218749489205,30,10,298,951,0.75,0.09146341463414634,0.1630434782608696,l_shape_added_outliers_medium_3,added_outliers,0.75
17,0.7567416741368254,0.030256012412723042,0.0834518748563185,0.06371039496797264,0.0434518748563185,0.16974398758727696,0.21319586244359545,29,10,299,951,0.7435897435897436,0.08841463414634146,0.15803814713896458,l_shape_added_outliers_medium_3,added_outliers,0.75
18,0.7582654910760742,0.02948021722265322,0.0835723941053725,0.0633508091715724,0.043572394105372496,0.1705197827773468,0.2140921768827193,28,10,300,951,0.7368421052631579,0.08536585365853659,0.15300546448087435,l_shape_added_outliers_medium_3,added_outliers,0.75
19,0.7596791636926279,0.027152831652443754,0.08289764988813111,0.06264331619087289,0.04289764988813111,0.17284716834755626,0.21574481823568736,26,9,302,952,0.7428571428571429,0.07926829268292683,0.14325068870523416,l_shape_added_outliers_medium_3,added_outliers,0.75
0,0.5,0.262,0.0725442051048272,0.09269152807308383,0.0325442051048272,0.0,0.0325442051048272,124,269,149,958,0.3155216284987277,0.4542124542124542,0.37237237237237236,l_shape_partial_overlap_hard_mixed,partial_overlap,0.75
1,0.5488163076572408,0.168,0.07251962721382667,0.0888883016573508,0.03251962721382667,0.032,0.06451962721382667,88,164,185,1063,0.3492063492063492,0.32234432234432236,0.3352380952380952,l_shape_partial_overlap_hard_mixed,partial_overlap,0.75
2,0.5855957484779808,0.11533333333333333,0.07301123503630196,0.08390741718652242,0.033011235036301954,0.08466666666666668,0.11767790170296863,72,101,201,1126,0.4161849710982659,0.26373626373626374,0.3228699551569507,l_shape_partial_overlap_hard_mixed,partial_overlap,0.75
3,0.6033626010324338,0.09733333333333333,0.07395362013207865,0.08340559666269563,0.03395362013207865,0.10266666666666668,0.13662028679874533,62,84,211,1143,0.4246575342465753,0.2271062271062271,0.29594272076372313,l_shape_partial_overlap_hard_mixed,partial_overlap,0.75
4,0.6157930312305517,0.086,0.07587822952766785,0.0816563918268032,0.035878229527667845,0.11400000000000002,0.14987822952766786,56,73,217,1154,0.43410852713178294,0.20512820512820512,0.2786069651741293,l_shape_partial_overlap_hard_mixed,partial_overlap,0.75
5,0.6268603755220535,0.07666666666666666,0.07743245574179053,0.07955473926081061,0.03743245574179053,0.12333333333333335,0.16076578907512387,52,63,221,1164,0.45217391304347826,0.19047619047619047,0.26804123711340205,l_shape_partial_overlap_hard_mixed,partial_overlap,0.75
6,0.6367590591347393,0.07266666666666667,0.07842493269025749,0.07880732737852099,0.03842493269025749,0.12733333333333335,0.16575826602359084,49,60,224,1167,0.44954128440366975,0.1794871794871795,0.2565445026178011,l_shape_partial_overlap_hard_mixed,partial_overlap,0.75
7,0.6466464581701256,0.06666666666666667,0.0820722718505843,0.0757980796777984,0.0420722718505843,0.13333333333333336,0.17540560518391765,49,51,224,1176,0.49,0.1794871794871795,0.26273458445040215,l_shape_partial_overlap_hard_mixed,partial_overlap,0.75
8,0.659754865946002,0.058,0.08306486886172197,0.07525749161453085,0.04306486886172197,0.14200000000000002,0.185064868861722,42,45,231,1182,0.4827586206896552,0.15384615384615385,0.2333333333333334,l_shape_partial_overlap_hard_mixed,partial_overlap,0.75
9,0.6711021692385849,0.051333333333333335,0.08521733371358935,0.07331098317450482,0.045217333713589346,0.14866666666666667,0.19388400038025602,39,38,234,1189,0.5064935064935064,0.14285714285714285,0.2228571428571428,l_shape_partial_overlap_hard_mixed,partial_overlap,0.75
10,0.683178169808969,0.04533333333333334,0.08580991854694464,0.0730079825102729,0.04580991854694464,0.15466666666666667,0.2004765852136113,33,35,240,1192,0.4852941176470588,0.12087912087912088,0.19354838709677422,l_shape_partial_overlap_hard_mixed,partial_overlap,0.75
11,0.6938930476293859,0.037333333333333336,0.08614325677811176,0.07071905223189638,0.046143256778111756,0.16266666666666668,0.20880992344477844,28,28,245,1199,0.5,0.10256410256410256,0.1702127659574468,l_shape_partial_overlap_hard_mixed,partial_overlap,0.75
12,0.7021079327965535,0.03333333333333333,0.08641862220623914,0.06933703383467477,0.04641862220623914,0.16666666666666669,0.21308528887290581,26,24,247,1203,0.52,0.09523809523809523,0.1609907120743034,l_shape_partial_overlap_hard_mixed,partial_overlap,0.75
13,0.7092358661059122,0.030666666666666665,0.08683575506546569,0.07031361862502944,0.04683575506546569,0.16933333333333334,0.21616908839879903,23,23,250,1204,0.5,0.08424908424908426,0.14420062695924765,l_shape_partial_overlap_hard_mixed,partial_overlap,0.75
14,0.7159894987041107,0.028666666666666667,0.08789122170033871,0.06819572261933328,0.04789122170033871,0.17133333333333334,0.21922455503367205,23,20,250,1207,0.5348837209302325,0.08424908424908426,0.14556962025316456,l_shape_partial_overlap_hard_mixed,partial_overlap,0.75
15,0.7235763312546187,0.02666666666666667,0.0886852931177738,0.06684082036903853,0.0486852931177738,0.17333333333333334,0.22201862645110715,22,18,251,1209,0.55,0.08058608058608059,0.1405750798722045,l_shape_partial_overlap_hard_mixed,partial_overlap,0.75
16,0.7316042709312794,0.024666666666666667,0.09076776841657792,0.06691147030245942,0.05076776841657792,0.17533333333333334,0.22610110174991127,21,16,252,1211,0.5675675675675675,0.07692307692307693,0.13548387096774195,l_shape_partial_overlap_hard_mixed,partial_overlap,0.75
17,0.7420059235561464,0.02,0.09393010021841039,0.061174019156912104,0.05393010021841039,0.18000000000000002,0.2339301002184104,19,11,254,1216,0.6333333333333333,0.0695970695970696,0.12541254125412543,l_shape_partial_overlap_hard_mixed,partial_overlap,0.75
18,0.755401073883762,0.015333333333333332,0.09664369820148135,0.05949444954721849,0.056643698201481345,0.18466666666666667,0.24131036486814803,15,8,258,1219,0.6521739130434783,0.054945054945054944,0.10135135135135134,l_shape_partial_overlap_hard_mixed,partial_overlap,0.75
19,0.771116621185984,0.01,0.10031977885502705,0.05349573714257283,0.06031977885502705,0.19,0.25031977885502704,12,3,261,1224,0.8,0.04395604395604396,0.08333333333333336,l_shape_partial_overlap_hard_mixed,partial_overlap,0.75
0,0.5,0.2846666666666667,0.06919121977848744,0.08807788936988686,0.02919121977848744,0.0,0.02919121977848744,165,262,200,873,0.3864168618266979,0.4520547945205479,0.41666666666666663,l_shape_partial_overlap_medium_2,partial_overlap,0.75
1,0.5437868296677312,0.20933333333333334,0.07099693714826562,0.08544646876017123,0.030996937148265617,0.0,0.030996937148265617,134,180,231,955,0.4267515923566879,0.36712328767123287,0.39469808541973495,l_shape_partial_overlap_medium_2,partial_overlap,0.75
2,0.5902822353901296,0.13666666666666666,0.07537264650682511,0.08271348372377127,0.03537264650682511,0.06333333333333335,0.09870597984015847,94,111,271,1024,0.4585365853658537,0.25753424657534246,0.3298245614035088,l_shape_partial_overlap_medium_2,partial_overlap,0.75
3,0.6195912051503673,0.108,0.07706564476132237,0.0803411981531022,0.03706564476132237,0.09200000000000001,0.12906564476132237,75,87,290,1048,0.46296296296296297,0.2054794520547945,0.2846299810246679,l_shape_partial_overlap_medium_2,partial_overlap,0.75
4,0.6406896722923507,0.08933333333333333,0.07685748113821714,0.07956782901927288,0.03685748113821714,0.11066666666666668,0.14752414780488382,64,70,301,1065,0.47761194029850745,0.17534246575342466,0.2565130260521042,l_shape_partial_overlap_medium_2,partial_overlap,0.75
5,0.6544758939996764,0.07533333333333334,0.0795256403588753,0.07793581476621332,0.0395256403588753,0.12466666666666668,0.16419230702554197,58,55,307,1080,0.5132743362831859,0.1589041095890411,0.24267782426778242,l_shape_partial_overlap_medium_2,partial_overlap,0.75
6,0.6670143545379894,0.062,0.08174383861057812,0.07628314103044877,0.041743838610578114,0.138,0.17974383861057813,51,42,314,1093,0.5483870967741935,0.13972602739726028,0.22270742358078605,l_shape_partial_overlap_medium_2,partial_overlap,0.75
7,0.6778801124538566,0.05533333333333333,0.08261045008688679,0.07500978357805294,0.04261045008688679,0.14466666666666667,0.18727711675355346,48,35,317,1100,0.5783132530120482,0.13150684931506848,0.21428571428571427,l_shape_partial_overlap_medium_2,partial_overlap,0.75
8,0.6875457875841868,0.051333333333333335,0.08317137802599248,0.07518052229421514,0.043171378025992475,0.14866666666666667,0.19183804469265914,44,33,321,1102,0.5714285714285714,0.12054794520547946,0.19909502262443443,l_shape_partial_overlap_medium_2,partial_overlap,0.75
9,0.6965528546231755,0.04533333333333334,0.0848665799350308,0.07318697121275812,0.0448665799350308,0.15466666666666667,0.19953324660169747,41,27,324,1108,0.6029411764705882,0.11232876712328767,0.18937644341801385,l_shape_partial_overlap_medium_2,partial_overlap,0.75
10,0.7058527245257217,0.03866666666666667,0.08786221415375037,0.07229210207909197,0.04786221415375037,0.16133333333333333,0.2091955474870837,36,22,329,1113,0.6206896551724138,0.09863013698630137,0.1702127659574468,l_shape_partial_overlap_medium_2,partial_overlap,0.75
11,0.7171460457563472,0.034,0.09155122067606833,0.0675514036754667,0.05155122067606833,0.166,0.21755122067606833,34,17,331,1118,0.6666666666666666,0.09315068493150686,0.1634615384615385,l_shape_partial_overlap_medium_2,partial_overlap,0.75
12,0.7322228767704497,0.029333333333333333,0.09304107639219797,0.06689129917577095,0.05304107639219797,0.1706666666666667,0.22370774305886465,29,15,336,1120,0.6590909090909091,0.07945205479452055,0.14180929095354525,l_shape_partial_overlap_medium_2,partial_overlap,0.75
13,0.7477844913587467,0.026,0.09362133544550814,0.06561718494794129,0.05362133544550814,0.17400000000000002,0.22762133544550817,27,12,338,1123,0.6923076923076923,0.07397260273972603,0.13366336633663367,l_shape_partial_overlap_medium_2,partial_overlap,0.75
14,0.7629664945270089,0.024,0.0944918630515697,0.06461665320981108,0.0544918630515697,0.17600000000000002,0.2304918630515697,25,11,340,1124,0.6944444444444444,0.0684931506849315,0.12468827930174563,l_shape_partial_overlap_medium_2,partial_overlap,0.75
15,0.7787042891043635,0.016,0.09732549889273678,0.05960490956220016,0.05732549889273678,0.184,0.24132549889273677,18,6,347,1129,0.75,0.049315068493150684,0.09254498714652956,l_shape_partial_overlap_medium_2,partial_overlap,0.75
16,0.7956925374434687,0.012,0.09808412000370305,0.054548254959100075,0.05808412000370305,0.188,0.24608412000370306,14,4,351,1131,0.7777777777777778,0.038356164383561646,0.0731070496083551,l_shape_partial_overlap_medium_2,partial_overlap,0.75
17,0.8123187174490233,0.007333333333333333,0.09161792434709758,0.05708549651896761,0.051617924347097575,0.19266666666666668,0.24428459101376426,9,2,356,1133,0.8181818181818182,0.024657534246575342,0.04787234042553191,l_shape_partial_overlap_medium_2,partial_overlap,0.75
18,0.8174956039696697,0.004666666666666667,0.09001312992411949,0.044445255834005645,0.050013129924119486,0.19533333333333333,0.24534646325745282,7,0,358,1135,1.0,0.019178082191780823,0.03763440860215054,l_shape_partial_overlap_medium_2,partial_overlap,0.75
19,0.8192652988558489,0.004,0.08671537126439353,0.04958857794956572,0.04671537126439353,0.196,0.24271537126439355,6,0,359,1135,1.0,0.01643835616438356,0.03234501347708895,l_shape_partial_overlap_medium_2,partial_overlap,0.75
0,0.5,0.4126666666666667,0.05343167549688968,0.05845653263848127,0.01343167549688968,0.0,0.01343167549688968,453,166,382,499,0.7318255250403877,0.5425149700598803,0.6231086657496561,l_shape_partial_overlap_medium_3,partial_overlap,0.75
1,0.5201475132453345,0.38266666666666665,0.05451453531195581,0.056955108481659696,0.01451453531195581,0.0,0.01451453531195581,428,146,407,519,0.7456445993031359,0.5125748502994012,0.6075230660042584,l_shape_partial_overlap_medium_3,partial_overlap,0.75
2,0.5419193162132682,0.3353333333333333,0.05592251565280266,0.05537094659760143,0.015922515652802657,0.0,0.015922515652802657,385,118,450,547,0.7654075546719682,0.46107784431137727,0.5754857997010463,l_shape_partial_overlap_medium_3,partial_overlap,0.75
3,0.5658030896924722,0.288,0.05757270320177338,0.05253297000272892,0.017572703201773378,0.0,0.017572703201773378,341,91,494,574,0.7893518518518519,0.40838323353293415,0.5382794001578531,l_shape_partial_overlap_medium_3,partial_overlap,0.75
4,0.5921621444951323,0.24866666666666667,0.05887613265378372,0.05070683212921916,0.01887613265378372,0.0,0.01887613265378372,301,72,534,593,0.806970509383378,0.36047904191616764,0.4983443708609272,l_shape_partial_overlap_medium_3,partial_overlap,0.75
5,0.6204763434758078,0.21,0.06018267338713438,0.048449417198362967,0.02018267338713438,0.0,0.02018267338713438,263,52,572,613,0.834920634920635,0.3149700598802395,0.45739130434782604,l_shape_partial_overlap_medium_3,partial_overlap,0.75
6,0.6507503535565093,0.166,0.06075715353724531,0.04666417922217774,0.02075715353724531,0.034,0.054757153537245314,214,35,621,630,0.8594377510040161,0.2562874251497006,0.3948339483394833,l_shape_partial_overlap_medium_3,partial_overlap,0.75
7,0.6691360838623773,0.14133333333333334,0.06271790969075838,0.04434035002253136,0.022717909690758382,0.05866666666666667,0.08138457635742505,188,24,647,641,0.8867924528301887,0.2251497005988024,0.3591212989493792,l_shape_partial_overlap_medium_3,partial_overlap,0.75
8,0.6812129483985149,0.13,0.06429366354157476,0.04178800988840544,0.024293663541574757,0.07,0.09429366354157476,177,18,658,647,0.9076923076923077,0.2119760479041916,0.34368932038834954,l_shape_partial_overlap_medium_3,partial_overlap,0.75
9,0.691403443710877,0.122,0.06439480214502817,0.04111836875486652,0.02439480214502817,0.07800000000000001,0.10239480214502819,167,16,668,649,0.912568306010929,0.2,0.32809430255402755,l_shape_partial_overlap_medium_3,partial_overlap,0.75
10,0.6987456469284192,0.11533333333333333,0.06389967521282705,0.04066797335268955,0.02389967521282705,0.08466666666666668,0.10856634187949374,159,14,676,651,0.9190751445086706,0.19041916167664671,0.31547619047619047,l_shape_partial_overlap_medium_3,partial_overlap,0.75
11,0.7028451597476598,0.112,0.0642912965315989,0.03966894888462059,0.0242912965315989,0.08800000000000001,0.11229129653159892,157,11,678,654,0.9345238095238095,0.18802395209580838,0.3130608175473579,l_shape_partial_overlap_medium_3,partial_overlap,0.75
12,0.7062821045450581,0.108,0.0645989162092839,0.03937360202619945,0.0245989162092839,0.09200000000000001,0.11659891620928392,151,11,684,654,0.9320987654320988,0.18083832335329342,0.3029087261785356,l_shape_partial_overlap_medium_3,partial_overlap,0.75
13,0.708680478858984,0.10466666666666667,0.06477786462296548,0.03958071130303078,0.024777864622965474,0.09533333333333334,0.12011119795629882,146,11,689,654,0.9299363057324841,0.17485029940119762,0.29435483870967744,l_shape_partial_overlap_medium_3,partial_overlap,0.75
14,0.7100972757934322,0.10333333333333333,0.06500260107928618,0.039461823458024875,0.02500260107928618,0.09666666666666668,0.12166926774595285,144,11,691,654,0.9290322580645162,0.1724550898203593,0.29090909090909095,l_shape_partial_overlap_medium_3,partial_overlap,0.75
15,0.7113511774123614,0.1,0.06455009471546597,0.039562103241870566,0.024550094715465966,0.1,0.12455009471546596,139,11,696,654,0.9266666666666666,0.1664670658682635,0.28223350253807106,l_shape_partial_overlap_medium_3,partial_overlap,0.75
16,0.7106763194855603,0.10133333333333333,0.06474651249290285,0.039512720618906795,0.02474651249290285,0.09866666666666668,0.12341317915956954,141,11,694,654,0.9276315789473685,0.1688622754491018,0.2857142857142857,l_shape_partial_overlap_medium_3,partial_overlap,0.75
17,0.7107960882249146,0.10066666666666667,0.06464811819056628,0.03941756038367871,0.024648118190566275,0.09933333333333334,0.12398145152389961,140,11,695,654,0.9271523178807947,0.16766467065868262,0.283975659229209,l_shape_partial_overlap_medium_3,partial_overlap,0.75
18,0.710518265510764,0.102,0.0649664840719233,0.03950288692248104,0.024966484071923305,0.09800000000000002,0.12296648407192332,142,11,693,654,0.9281045751633987,0.17005988023952096,0.2874493927125506,l_shape_partial_overlap_medium_3,partial_overlap,0.75
19,0.711217991618649,0.1,0.06455009471546597,0.039562103241870566,0.024550094715465966,0.1,0.12455009471546596,139,11,696,654,0.9266666666666666,0.1664670658682635,0.28223350253807106,l_shape_partial_overlap_medium_3,partial_overlap,0.75
0,0.5,0.23866666666666667,0.05653952416400763,0.08372200153482498,0.016539524164007627,0.0,0.016539524164007627,180,178,208,934,0.5027932960893855,0.4639175257731959,0.482573726541555,l_shape_scene_change_hard_mixed,scene_change,0.75
1,0.5248092862460114,0.20133333333333334,0.05561574644945241,0.08195562445985718,0.015615746449452413,0.0,0.015615746449452413,162,140,226,972,0.5364238410596026,0.4175257731958763,0.46956521739130436,l_shape_scene_change_hard_mixed,scene_change,0.75
2,0.54823290592019,0.16933333333333334,0.054896658414828776,0.08111975430324567,0.014896658414828776,0.030666666666666675,0.04556332508149545,136,118,252,994,0.5354330708661418,0.35051546391752575,0.42367601246105924,l_shape_scene_change_hard_mixed,scene_change,0.75
3,0.5590778935424332,0.15666666666666668,0.054826223816404736,0.08094338818284436,0.014826223816404735,0.043333333333333335,0.05815955714973807,128,107,260,1005,0.5446808510638298,0.32989690721649484,0.4109149277688603,l_shape_scene_change_hard_mixed,scene_change,0.75
4,0.5650672292670403,0.148,0.05527583614405731,0.08008167476646379,0.015275836144057309,0.05200000000000002,0.06727583614405733,124,98,264,1014,0.5585585585585585,0.31958762886597936,0.40655737704918027,l_shape_scene_change_hard_mixed,scene_change,0.75
5,0.5684809834831263,0.14666666666666667,0.05555567528883051,0.08018834227022961,0.015555675288830506,0.053333333333333344,0.06888900862216385,123,97,265,1015,0.5590909090909091,0.3170103092783505,0.4046052631578947,l_shape_scene_change_hard_mixed,scene_change,0.75
6,0.571814496416372,0.144,0.055902886196561224,0.08020282455248554,0.015902886196561224,0.05600000000000002,0.07190288619656124,121,95,267,1017,0.5601851851851852,0.3118556701030928,0.4006622516556292,l_shape_scene_change_hard_mixed,scene_change,0.75
7,0.5746688257112139,0.14066666666666666,0.05572040056061204,0.08001084477951431,0.01572040056061204,0.05933333333333335,0.07505373389394539,119,92,269,1020,0.5639810426540285,0.30670103092783507,0.3973288814691152,l_shape_scene_change_hard_mixed,scene_change,0.75
8,0.575999426552132,0.13733333333333334,0.05534925460351584,0.07947774389636224,0.015349254603515841,0.06266666666666668,0.07801592127018252,118,88,270,1024,0.5728155339805825,0.30412371134020616,0.3973063973063973,l_shape_scene_change_hard_mixed,scene_change,0.75
9,0.5755233084574057,0.13866666666666666,0.055711936496051176,0.07980500705270147,0.015711936496051175,0.06133333333333335,0.07704526982938453,118,90,270,1022,0.5673076923076923,0.30412371134020616,0.39597315436241604,l_shape_scene_change_hard_mixed,scene_change,0.75
10,0.5760912132014825,0.13733333333333334,0.05534925460351584,0.07947774389636224,0.015349254603515841,0.06266666666666668,0.07801592127018252,118,88,270,1024,0.5728155339805825,0.30412371134020616,0.3973063973063973,l_shape_scene_change_hard_mixed,scene_change,0.75
11,0.5756150951067562,0.13733333333333334,0.05534925460351584,0.07947774389636224,0.015349254603515841,0.06266666666666668,0.07801592127018252,118,88,270,1024,0.5728155339805825,0.30412371134020616,0.3973063973063973,l_shape_scene_change_hard_mixed,scene_change,0.75
0,0.5,0.4495476687543493,0.02136028048409517,0.037699597571327126,0.0,0.0,0.0,637,9,649,142,0.9860681114551083,0.4953343701399689,0.6594202898550724,l_shape_scene_change_medium_2,scene_change,0.75
1,0.5,0.4495476687543493,0.02136028048409517,0.037699597571327126,0.0,0.0,0.0,637,9,649,142,0.9860681114551083,0.4953343701399689,0.6594202898550724,l_shape_scene_change_medium_2,scene_change,0.75
0,0.5,0.49230769230769234,0.01383705594672286,0.024860792640249478,0.0,0.0,0.0,734,2,572,187,0.9972826086956522,0.5620214395099541,0.7189030362389816,l_shape_scene_change_medium_3,scene_change,0.75
1,0.5,0.49230769230769234,0.01383705594672286,0.024860792640249478,0.0,0.0,0.0,734,2,572,187,0.9972826086956522,0.5620214395099541,0.7189030362389816,l_shape_scene_change_medium_3,scene_change,0.75
0,0.5,0.40066666666666667,0.05251610953971882,0.06946175764422421,0.012516109539718816,0.0,0.012516109539718816,334,267,206,693,0.5557404326123128,0.6185185185185185,0.5854513584574934,l_shape_static_noise_hard_mixed,static_noise,0.75
1,0.5187741643095782,0.36333333333333334,0.05376424842821736,0.0674659942529568,0.013764248428217357,0.0,0.013764248428217357,314,231,226,729,0.5761467889908257,0.5814814814814815,0.5788018433179724,l_shape_static_noise_hard_mixed,static_noise,0.75
2,0.5394205369519043,0.3233333333333333,0.054981467580671725,0.06602847483349449,0.014981467580671724,0.0,0.014981467580671724,287,198,253,762,0.5917525773195876,0.5314814814814814,0.56,l_shape_static_noise_hard_mixed,static_noise,0.75
3,0.5618927383229119,0.2733333333333333,0.055808443689982404,0.06527514987340753,0.015808443689982403,0.0,0.015808443689982403,249,161,291,799,0.6073170731707317,0.46111111111111114,0.5242105263157895,l_shape_static_noise_hard_mixed,static_noise,0.75
4,0.5856054038578855,0.236,0.057297600408850013,0.06357591313737392,0.017297600408850013,0.0,0.017297600408850013,222,132,318,828,0.6271186440677966,0.4111111111111111,0.49664429530201337,l_shape_static_noise_hard_mixed,static_noise,0.75
5,0.6115518044711605,0.192,0.05920987106750264,0.061649895785625124,0.01920987106750264,0.008000000000000007,0.027209871067502646,190,98,350,862,0.6597222222222222,0.35185185185185186,0.4589371980676329,l_shape_static_noise_hard_mixed,static_noise,0.75
6,0.6373666110724144,0.15866666666666668,0.060071742139110956,0.060591947583617016,0.020071742139110955,0.04133333333333333,0.06140507547244429,162,76,378,884,0.680672268907563,0.3,0.416452442159383,l_shape_static_noise_hard_mixed,static_noise,0.75
7,0.6519742242810809,0.14066666666666666,0.060725965666938185,0.05989954529939365,0.020725965666938184,0.05933333333333335,0.08005929900027153,142,69,398,891,0.6729857819905213,0.26296296296296295,0.3781624500665779,l_shape_static_noise_hard_mixed,static_noise,0.75
8,0.6608131727814881,0.13266666666666665,0.0612943932621726,0.05829532290969779,0.021294393262172598,0.06733333333333336,0.08862772659550595,137,62,403,898,0.6884422110552764,0.2537037037037037,0.3707713125845737,l_shape_static_noise_hard_mixed,static_noise,0.75
9,0.667504762674747,0.12333333333333334,0.06318603770435215,0.05555154362196196,0.023186037704352146,0.07666666666666667,0.09985270437101881,132,53,408,907,0.7135135135135136,0.24444444444444444,0.3641379310344827,l_shape_static_noise_hard_mixed,static_noise,0.75
10,0.6735338192312752,0.114,0.06302945002918835,0.055457511292128295,0.023029450029188346,0.08600000000000001,0.10902945002918835,122,49,418,911,0.7134502923976608,0.22592592592592592,0.3431786216596343,l_shape_static_noise_hard_mixed,static_noise,0.75
11,0.6758279942750577,0.11133333333333334,0.06317169518436923,0.055037974572565034,0.023171695184369227,0.08866666666666667,0.1118383618510359,120,47,420,913,0.718562874251497,0.2222222222222222,0.33946251768033947,l_shape_static_noise_hard_mixed,static_noise,0.75
12,0.6773355370516115,0.11066666666666666,0.06322683315528643,0.05490361886247905,0.023226833155286432,0.08933333333333335,0.11256016648861977,119,47,421,913,0.7168674698795181,0.22037037037037038,0.33711048158640233,l_shape_static_noise_hard_mixed,static_noise,0.75
13,0.6786757867845412,0.10733333333333334,0.06364889783614537,0.05464262825924471,0.02364889783614537,0.09266666666666667,0.11631556450281205,116,45,424,915,0.7204968944099379,0.21481481481481482,0.3309557774607704,l_shape_static_noise_hard_mixed,static_noise,0.75
14,0.6793991335387592,0.10733333333333334,0.06364889783614537,0.05464262825924471,0.02364889783614537,0.09266666666666667,0.11631556450281205,116,45,424,915,0.7204968944099379,0.21481481481481482,0.3309557774607704,l_shape_static_noise_hard_mixed,static_noise,0.75
0,0.5,0.4066666666666667,0.052013681118572186,0.0706637864031076,0.012013681118572185,0.0,0.012013681118572185,410,200,352,538,0.6721311475409836,0.5380577427821522,0.597667638483965,l_shape_static_noise_medium_2,static_noise,0.75
1,0.5180205216778583,0.364,0.05165754433189604,0.07068000501346244,0.011657544331896037,0.0,0.011657544331896037,365,181,397,557,0.6684981684981685,0.479002624671916,0.5581039755351681,l_shape_static_noise_medium_2,static_noise,0.75
2,0.5355068381757023,0.32666666666666666,0.05191782795214731,0.06987260793086773,0.011917827952147311,0.0,0.011917827952147311,335,155,427,583,0.6836734693877551,0.43963254593175854,0.5351437699680511,l_shape_static_noise_medium_2,static_noise,0.75
3,0.5533835801039233,0.286,0.052242353137098005,0.0689953913023947,0.012242353137098004,0.0,0.012242353137098004,300,129,462,609,0.6993006993006993,0.3937007874015748,0.5037783375314862,l_shape_static_noise_medium_2,static_noise,0.75
4,0.5717471098095703,0.254,0.05226473950974945,0.06850390284725508,0.012264739509749448,0.0,0.012264739509749448,270,111,492,627,0.7086614173228346,0.3543307086614173,0.47244094488188976,l_shape_static_noise_medium_2,static_noise,0.75
0,0.5,0.30666666666666664,0.06901436104454907,0.09166593814802504,0.029014361044549068,0.0,0.029014361044549068,151,309,122,918,0.3282608695652174,0.5531135531135531,0.41200545702592084,l_shape_static_noise_medium_3,static_noise,0.75
1,0.5435215415668236,0.22466666666666665,0.06867131133158705,0.09075587914312129,0.028671311331587047,0.0,0.028671311331587047,117,220,156,1007,0.34718100890207715,0.42857142857142855,0.38360655737704924,l_shape_static_noise_medium_3,static_noise,0.75
2,0.5865285085642042,0.162,0.07062340521836226,0.0881083255500181,0.030623405218362258,0.038000000000000006,0.06862340521836227,92,151,181,1076,0.3786008230452675,0.336996336996337,0.35658914728682173,l_shape_static_noise_medium_3,static_noise,0.75
3,0.6182136163917477,0.118,0.07296006542221876,0.08678971370198545,0.032960065422218764,0.08200000000000002,0.11496006542221879,72,105,201,1122,0.4067796610169492,0.26373626373626374,0.32000000000000006,l_shape_static_noise_medium_3,static_noise,0.75
4,0.6369037145250758,0.094,0.07525386146530068,0.08467621994485305,0.03525386146530068,0.10600000000000001,0.1412538614653007,61,80,212,1147,0.4326241134751773,0.22344322344322345,0.2946859903381642,l_shape_static_noise_medium_3,static_noise,0.75
5,0.6500345067230268,0.084,0.07661117862089069,0.08368851681117105,0.03661117862089069,0.116,0.1526111786208907,59,67,214,1160,0.46825396825396826,0.21611721611721613,0.29573934837092736,l_shape_static_noise_medium_3,static_noise,0.75
6,0.6614512746543628,0.07466666666666667,0.07721314370150982,0.08231885761439552,0.03721314370150982,0.12533333333333335,0.16254647703484318,56,56,217,1171,0.5,0.20512820512820512,0.29090909090909095,l_shape_static_noise_medium_3,static_noise,0.75
7,0.6702709902066275,0.07,0.07706183122523996,0.08277824059740091,0.03706183122523996,0.13,0.16706183122523996,51,54,222,1173,0.4857142857142857,0.18681318681318682,0.2698412698412698,l_shape_static_noise_medium_3,static_noise,0.75
8,0.6771137370444874,0.06333333333333334,0.07688926467814403,0.08195100630374853,0.036889264678144025,0.13666666666666666,0.17355593134481068,47,48,226,1179,0.49473684210526314,0.17216117216117216,0.2554347826086956,l_shape_static_noise_medium_3,static_noise,0.75
9,0.6811976340617034,0.058,0.07925485916835436,0.08047517900822816,0.039254859168354354,0.14200000000000002,0.18125485916835438,44,43,229,1184,0.5057471264367817,0.16117216117216118,0.2444444444444445,l_shape_static_noise_medium_3,static_noise,0.75
10,0.6868299228142349,0.05266666666666667,0.08163753280493065,0.0781131262744314,0.04163753280493065,0.14733333333333334,0.188970866138264,42,37,231,1190,0.5316455696202531,0.15384615384615385,0.23863636363636365,l_shape_static_noise_medium_3,static_noise,0.75
11,0.694036222021631,0.04733333333333333,0.08236871293389081,0.07734030503656918,0.04236871293389081,0.15266666666666667,0.19503537960055747,38,33,235,1194,0.5352112676056338,0.1391941391941392,0.22093023255813957,l_shape_static_noise_medium_3,static_noise,0.75
12,0.7003392914224672,0.044,0.08335817182424318,0.07686036849688122,0.04335817182424318,0.15600000000000003,0.1993581718242432,36,30,237,1197,0.5454545454545454,0.13186813186813187,0.21238938053097345,l_shape_static_noise_medium_3,static_noise,0.75
13,0.7068765491588319,0.042666666666666665,0.0838978585505156,0.0769423021394115,0.043897858550515596,0.15733333333333335,0.20123119188384894,35,29,238,1198,0.546875,0.1282051282051282,0.20771513353115728,l_shape_static_noise_medium_3,static_noise,0.75
14,0.7137233369846053,0.038,0.08616724817700193,0.07448105851125698,0.04616724817700193,0.162,0.20816724817700194,33,24,240,1203,0.5789473684210527,0.12087912087912088,0.19999999999999998,l_shape_static_noise_medium_3,static_noise,0.75
15,0.7222242092501082,0.032,0.08762045219059361,0.07402289979522624,0.04762045219059361,0.168,0.21562045219059361,28,20,245,1207,0.5833333333333334,0.10256410256410256,0.17445482866043616,l_shape_static_noise_medium_3,static_noise,0.75
16,0.7306548875359986,0.028,0.08944766885385969,0.07218336930948507,0.049447668853859685,0.17200000000000001,0.2214476688538597,26,16,247,1211,0.6190476190476191,0.09523809523809523,0.16507936507936508,l_shape_static_noise_medium_3,static_noise,0.75
17,0.7403263908167881,0.024,0.0890018794953231,0.07286049765559953,0.04900187949532309,0.17600000000000002,0.2250018794953231,22,14,251,1213,0.6111111111111112,0.08058608058608059,0.1423948220064725,l_shape_static_noise_medium_3,static_noise,0.75
18,0.7478292100597728,0.022,0.0897113978688969,0.07098697873266321,0.049711397868896896,0.17800000000000002,0.2277113978688969,21,12,252,1215,0.6363636363636364,0.07692307692307693,0.1372549019607843,l_shape_static_noise_medium_3,static_noise,0.75
19,0.7556463068631181,0.019333333333333334,0.08966251101114299,0.06993704963674723,0.04966251101114299,0.18066666666666667,0.23032917767780967,18,11,255,1216,0.6206896551724138,0.06593406593406594,0.11920529801324503,l_shape_static_noise_medium_3,static_noise,0.75
0,0.5,0.148,0.06680947856295487,0.06967183589897706,0.026809478562954868,0.05200000000000002,0.0788094785629549,142,80,406,872,0.6396396396396397,0.2591240875912409,0.36883116883116884,l_shape_strong_noise_hard_mixed,strong_noise,0.75
1,0.5207142178444323,0.122,0.06729196791263697,0.06896614139302401,0.027291967912636973,0.07800000000000001,0.10529196791263698,118,65,430,887,0.644808743169399,0.21532846715328466,0.3228454172366621,l_shape_strong_noise_hard_mixed,strong_noise,0.75
2,0.5324021697133877,0.10866666666666666,0.06728295247087364,0.06688076048678894,0.027282952470873638,0.09133333333333335,0.118616285804207,109,54,439,898,0.6687116564417178,0.1989051094890511,0.3066104078762307,l_shape_strong_noise_hard_mixed,strong_noise,0.75
3,0.5390765984196981,0.104,0.06657890474750092,0.06692771714266094,0.026578904747500916,0.09600000000000002,0.12257890474750094,104,52,444,900,0.6666666666666666,0.1897810218978102,0.2954545454545454,l_shape_strong_noise_hard_mixed,strong_noise,0.75
4,0.5429449555409495,0.10266666666666667,0.06658124540731315,0.06699710956161122,0.026581245407313152,0.09733333333333334,0.12391457874064649,103,51,445,901,0.6688311688311688,0.18795620437956204,0.2934472934472934,l_shape_strong_noise_hard_mixed,strong_noise,0.75
5,0.5463168236519191,0.1,0.06630181960488947,0.06693279925470762,0.02630181960488947,0.1,0.12630181960488948,100,50,448,902,0.6666666666666666,0.18248175182481752,0.28653295128939826,l_shape_strong_noise_hard_mixed,strong_noise,0.75
6,0.5482695530592533,0.098,0.0657032597365413,0.066424991615733,0.0257032597365413,0.10200000000000001,0.1277032597365413,98,49,450,903,0.6666666666666666,0.17883211678832117,0.2820143884892086,l_shape_strong_noise_hard_mixed,strong_noise,0.75
7,0.5485744426640652,0.098,0.0657032597365413,0.066424991615733,0.0257032597365413,0.10200000000000001,0.1277032597365413,98,49,450,903,0.6666666666666666,0.17883211678832117,0.2820143884892086,l_shape_strong_noise_hard_mixed,strong_noise,0.75
0,0.5,0.14733333333333334,0.06216762314034194,0.0734172074364627,0.022167623140341937,0.05266666666666667,0.0748342898070086,132,89,387,892,0.5972850678733032,0.2543352601156069,0.3567567567567567,l_shape_strong_noise_medium_2,strong_noise,0.75
1,0.5135014347105129,0.132,0.06294643852961603,0.07182155947834847,0.022946438529616024,0.068,0.09094643852961604,124,74,395,907,0.6262626262626263,0.23892100192678228,0.34588563458856353,l_shape_strong_noise_medium_2,strong_noise,0.75
2,0.522421092504937,0.122,0.063843412300324,0.07114245514560914,0.023843412300324003,0.07800000000000001,0.10184341230032401,115,68,404,913,0.6284153005464481,0.22157996146435452,0.3276353276353276,l_shape_strong_noise_medium_2,strong_noise,0.75
3,0.528936210955423,0.11466666666666667,0.06324094531827591,0.07184237166934433,0.02324094531827591,0.08533333333333334,0.10857427865160926,106,66,413,915,0.6162790697674418,0.20423892100192678,0.30680173661360344,l_shape_strong_noise_medium_2,strong_noise,0.75
4,0.5317976289328369,0.11066666666666666,0.06271625274547574,0.07197495451237555,0.022716252745475736,0.08933333333333335,0.11204958607880908,102,64,417,917,0.6144578313253012,0.19653179190751446,0.29781021897810217,l_shape_strong_noise_medium_2,strong_noise,0.75
5,0.5323720080510504,0.11,0.06263512739125898,0.07183229138871773,0.02263512739125898,0.09000000000000001,0.112635127391259,102,63,417,918,0.6181818181818182,0.19653179190751446,0.2982456140350877,l_shape_strong_noise_medium_2,strong_noise,0.75
6,0.5325746991379389,0.11,0.06263512739125898,0.07183229138871773,0.02263512739125898,0.09000000000000001,0.112635127391259,102,63,417,918,0.6181818181818182,0.19653179190751446,0.2982456140350877,l_shape_strong_noise_medium_2,strong_noise,0.75
0,0.5,0.16,0.060630310902321,0.07843724498868629,0.020630310902321,0.04000000000000001,0.06063031090232101,129,111,411,849,0.5375,0.2388888888888889,0.33076923076923076,l_shape_strong_noise_medium_3,strong_noise,0.75
1,0.5159454663534815,0.134,0.06239703285503276,0.07441006842173215,0.022397032855032757,0.066,0.08839703285503275,117,84,423,876,0.582089552238806,0.21666666666666667,0.3157894736842105,l_shape_strong_noise_medium_3,strong_noise,0.75
2,0.5247910156360306,0.12266666666666666,0.06400033507276123,0.07397726451275836,0.024000335072761232,0.07733333333333335,0.10133366840609459,109,75,431,885,0.592391304347826,0.20185185185185187,0.3011049723756906,l_shape_strong_noise_medium_3,strong_noise,0.75
3,0.5317915182451725,0.116,0.06381359892870642,0.07426139451815897,0.023813598928706416,0.084,0.10781359892870643,102,72,438,888,0.5862068965517241,0.18888888888888888,0.2857142857142857,l_shape_strong_noise_medium_3,strong_noise,0.75
4,0.5360119166382321,0.11333333333333333,0.06396153876952566,0.0738170926052762,0.023961538769525663,0.08666666666666668,0.11062820543619234,101,69,439,891,0.5941176470588235,0.18703703703703703,0.28450704225352114,l_shape_strong_noise_medium_3,strong_noise,0.75
5,0.5394542247925206,0.108,0.0649756024837567,0.07322423194662284,0.024975602483756694,0.09200000000000001,0.11697560248375671,97,65,443,895,0.5987654320987654,0.17962962962962964,0.2763532763532764,l_shape_strong_noise_medium_3,strong_noise,0.75
6,0.5424176285181557,0.10733333333333334,0.06482909767192215,0.07346886742538383,0.024829097671922144,0.09266666666666667,0.11749576433858883,96,65,444,895,0.5962732919254659,0.17777777777777778,0.2738944365192582,l_shape_strong_noise_medium_3,strong_noise,0.75
7,0.5449112750260389,0.10266666666666667,0.06462713289864082,0.07310877098802278,0.024627132898640818,0.09733333333333334,0.12196046623197415,94,60,446,900,0.6103896103896104,0.17407407407407408,0.2708933717579251,l_shape_strong_noise_medium_3,strong_noise,0.75
8,0.5453519743740001,0.10133333333333333,0.06442639217549162,0.0726539547078986,0.02442639217549162,0.09866666666666668,0.12309305884215829,94,58,446,902,0.618421052631579,0.17407407407407408,0.2716763005780347,l_shape_strong_noise_medium_3,strong_noise,0.75
9,0.5449915626372375,0.102,0.06481844413037634,0.072813409340695,0.024818444130376337,0.09800000000000002,0.12281844413037635,94,59,446,901,0.6143790849673203,0.17407407407407408,0.2712842712842713,l_shape_strong_noise_medium_3,strong_noise,0.75
10,0.545469228832802,0.10133333333333333,0.06442639217549162,0.0726539547078986,0.02442639217549162,0.09866666666666668,0.12309305884215829,94,58,446,902,0.618421052631579,0.17407407407407408,0.2716763005780347,l_shape_strong_noise_medium_3,strong_noise,0.75
11,0.5451088170960394,0.102,0.06481844413037634,0.072813409340695,0.024818444130376337,0.09800000000000002,0.12281844413037635,94,59,446,901,0.6143790849673203,0.17407407407407408,0.2712842712842713,l_shape_strong_noise_medium_3,strong_noise,0.75
12,0.545586483291604,0.10133333333333333,0.06442639217549162,0.0726539547078986,0.02442639217549162,0.09866666666666668,0.12309305884215829,94,58,446,902,0.618421052631579,0.17407407407407408,0.2716763005780347,l_shape_strong_noise_medium_3,strong_noise,0.75
13,0.5452260715548414,0.102,0.06481844413037634,0.072813409340695,0.024818444130376337,0.09800000000000002,0.12281844413037635,94,59,446,901,0.6143790849673203,0.17407407407407408,0.2712842712842713,l_shape_strong_noise_medium_3,strong_noise,0.75
14,0.5457037377504059,0.10133333333333333,0.06442639217549162,0.0726539547078986,0.02442639217549162,0.09866666666666668,0.12309305884215829,94,58,446,902,0.618421052631579,0.17407407407407408,0.2716763005780347,l_shape_strong_noise_medium_3,strong_noise,0.75
15,0.5453433260136433,0.10133333333333333,0.06442639217549162,0.0726539547078986,0.02442639217549162,0.09866666666666668,0.12309305884215829,94,58,446,902,0.618421052631579,0.17407407407407408,0.2716763005780347,l_shape_strong_noise_medium_3,strong_noise,0.75
0,0.5,0.0205,0.047100719452770626,0.14132211728023236,0.007100719452770625,0.17950000000000002,0.18660071945277065,18,23,224,1735,0.43902439024390244,0.0743801652892562,0.127208480565371,real_20260626_143302_palletizer_005_part_2_refined_from_voxel005_easy,real_previous_registration,0.75
1,0.4433385791791559,0.0335,0.05006979869061185,0.14054275070535224,0.01006979869061185,0.1665,0.17656979869061185,26,41,216,1717,0.3880597014925373,0.10743801652892562,0.16828478964401294,real_20260626_143302_palletizer_005_part_2_refined_from_voxel005_easy,real_previous_registration,0.75
2,0.3960057772150737,0.057,0.050966134311262956,0.14748521355483274,0.010966134311262955,0.14300000000000002,0.15396613431126296,34,80,208,1678,0.2982456140350877,0.14049586776859505,0.19101123595505617,real_20260626_143302_palletizer_005_part_2_refined_from_voxel005_easy,real_previous_registration,0.75
3,0.3588299786819681,0.09,0.055819690879675615,0.1505441667938352,0.015819690879675614,0.11000000000000001,0.12581969087967562,51,129,191,1629,0.2833333333333333,0.21074380165289255,0.24170616113744076,real_20260626_143302_palletizer_005_part_2_refined_from_voxel005_easy,real_previous_registration,0.75
4,0.3413095150014815,0.11,0.05745102895212877,0.1512211683776313,0.017451028952128772,0.09000000000000001,0.10745102895212878,65,155,177,1603,0.29545454545454547,0.26859504132231404,0.28138528138528135,real_20260626_143302_palletizer_005_part_2_refined_from_voxel005_easy,real_previous_registration,0.75
5,0.33373605842967463,0.117,0.05634795665194903,0.15185296587842217,0.016347956651949026,0.083,0.09934795665194904,68,166,174,1592,0.2905982905982906,0.2809917355371901,0.28571428571428575,real_20260626_143302_palletizer_005_part_2_refined_from_voxel005_easy,real_previous_registration,0.75
6,0.32713299340759816,0.128,0.05909851459570526,0.15152648233012792,0.01909851459570526,0.07200000000000001,0.09109851459570527,76,180,166,1578,0.296875,0.3140495867768595,0.3052208835341365,real_20260626_143302_palletizer_005_part_2_refined_from_voxel005_easy,real_previous_registration,0.75
7,0.3287807653011561,0.124,0.058304518391246535,0.15189036763802932,0.018304518391246534,0.07600000000000001,0.09430451839124654,72,176,170,1582,0.2903225806451613,0.2975206611570248,0.29387755102040813,real_20260626_143302_palletizer_005_part_2_refined_from_voxel005_easy,real_previous_registration,0.75
8,0.32773754288802587,0.1255,0.058667860495644215,0.15162235711109515,0.018667860495644215,0.07450000000000001,0.09316786049564423,74,177,168,1581,0.2948207171314741,0.30578512396694213,0.30020283975659223,real_20260626_143302_palletizer_005_part_2_refined_from_voxel005_easy,real_previous_registration,0.75
9,0.3278018336314922,0.1255,0.058667860495644215,0.15162235711109515,0.018667860495644215,0.07450000000000001,0.09316786049564423,74,177,168,1581,0.2948207171314741,0.30578512396694213,0.30020283975659223,real_20260626_143302_palletizer_005_part_2_refined_from_voxel005_easy,real_previous_registration,0.75
0,0.5,0.014042867701404288,0.01843475899745938,0.13411971926073812,0.0,0.18595713229859573,0.18595713229859573,3,16,255,1079,0.15789473684210525,0.011627906976744186,0.021660649819494584,real_20260626_144015_pallet_rack_05_part1_refined_from_voxel005_easy,real_previous_registration,0.75
1,0.43026607538802664,0.04360679970436068,0.022134538403141814,0.12332258050326642,0.0,0.15639320029563933,0.15639320029563933,13,46,245,1049,0.22033898305084745,0.050387596899224806,0.08201892744479494,real_20260626_144015_pallet_rack_05_part1_refined_from_voxel005_easy,real_previous_registration,0.75
2,0.3716186252771619,0.13747228381374724,0.023998257478529107,0.12970248120862232,0.0,0.06252771618625277,0.06252771618625277,32,154,226,941,0.17204301075268819,0.12403100775193798,0.14414414414414414,real_20260626_144015_pallet_rack_05_part1_refined_from_voxel005_easy,real_previous_registration,0.75
3,0.3481707317073171,0.21359940872135993,0.026452297326350814,0.13338638316693302,0.0,0.0,0.0,46,243,212,852,0.15916955017301038,0.17829457364341086,0.16819012797074956,real_20260626_144015_pallet_rack_05_part1_refined_from_voxel005_easy,real_previous_registration,0.75
4,0.3481707317073171,0.21359940872135993,0.026452297326350814,0.13338638316693302,0.0,0.0,0.0,46,243,212,852,0.15916955017301038,0.17829457364341086,0.16819012797074956,real_20260626_144015_pallet_rack_05_part1_refined_from_voxel005_easy,real_previous_registration,0.75
0,0.5,0.004434589800443459,0.08095039126446128,0.11427410758301666,0.04095039126446128,0.19556541019955656,0.23651580146401785,2,4,442,905,0.3333333333333333,0.0045045045045045045,0.008888888888888889,real_20260626_161831_pallet_rack_cluster021_part1_ransac_icp_voxel005_easy,real_previous_registration,0.75
1,0.4880885580718582,0.005912786400591279,0.0781914519591548,0.1162515308276901,0.038191451959154805,0.19408721359940873,0.23227866555856352,3,5,441,904,0.375,0.006756756756756757,0.013274336283185842,real_20260626_161831_pallet_rack_cluster021_part1_ransac_icp_voxel005_easy,real_previous_registration,0.75
2,0.4725930309108121,0.007390983000739098,0.07706663642143848,0.10926790290589106,0.037066636421438474,0.19260901699926092,0.2296756534206994,4,6,440,903,0.4,0.009009009009009009,0.017621145374449337,real_20260626_161831_pallet_rack_cluster021_part1_ransac_icp_voxel005_easy,real_previous_registration,0.75
3,0.45596460416824697,0.009608277900960829,0.06964450052744188,0.11111682213802387,0.02964450052744188,0.19039172209903918,0.22003622262648107,5,8,439,901,0.38461538461538464,0.01126126126126126,0.021881838074398245,real_20260626_161831_pallet_rack_cluster021_part1_ransac_icp_voxel005_easy,real_previous_registration,0.75
4,0.4290344591722701,0.019216555801921657,0.059267791047650745,0.1124624857583676,0.019267791047650744,0.18078344419807835,0.2000512352457291,10,16,434,893,0.38461538461538464,0.02252252252252252,0.042553191489361694,real_20260626_161831_pallet_rack_cluster021_part1_ransac_icp_voxel005_easy,real_previous_registration,0.75
5,0.39014235416946685,0.04065040650406504,0.056593859870205654,0.11238976168415098,0.016593859870205653,0.15934959349593497,0.17594345336614062,21,34,423,875,0.38181818181818183,0.0472972972972973,0.0841683366733467,real_20260626_161831_pallet_rack_cluster021_part1_ransac_icp_voxel005_easy,real_previous_registration,0.75
6,0.3552770464137997,0.10938654841093866,0.058375614400066646,0.11112249499221934,0.018375614400066645,0.09061345158906135,0.108989065989128,57,91,387,818,0.38513513513513514,0.12837837837837837,0.19256756756756757,real_20260626_161831_pallet_rack_cluster021_part1_ransac_icp_voxel005_easy,real_previous_registration,0.75
7,0.3488604236680017,0.1197339246119734,0.05733878330990979,0.11182251309926039,0.01733878330990979,0.08026607538802662,0.0976048586979364,60,102,384,807,0.37037037037037035,0.13513513513513514,0.198019801980198,real_20260626_161831_pallet_rack_cluster021_part1_ransac_icp_voxel005_easy,real_previous_registration,0.75
8,0.3447688203623564,0.1286031042128603,0.05842289890009626,0.10890399981877394,0.01842289890009626,0.0713968957871397,0.08981979468723597,71,103,373,806,0.40804597701149425,0.15990990990990991,0.2297734627831715,real_20260626_161831_pallet_rack_cluster021_part1_ransac_icp_voxel005_easy,real_previous_registration,0.75
9,0.3456293327923234,0.12564671101256467,0.05802506596465912,0.10994344891935733,0.018025065964659116,0.07435328898743535,0.09237835495209445,67,103,377,806,0.3941176470588235,0.15090090090090091,0.21824104234527686,real_20260626_161831_pallet_rack_cluster021_part1_ransac_icp_voxel005_easy,real_previous_registration,0.75
10,0.3447844483690238,0.1286031042128603,0.05842289890009626,0.10890399981877394,0.01842289890009626,0.0713968957871397,0.08981979468723597,71,103,373,806,0.40804597701149425,0.15990990990990991,0.2297734627831715,real_20260626_161831_pallet_rack_cluster021_part1_ransac_icp_voxel005_easy,real_previous_registration,0.75
11,0.34564496079899076,0.12564671101256467,0.05802506596465912,0.10994344891935733,0.018025065964659116,0.07435328898743535,0.09237835495209445,67,103,377,806,0.3941176470588235,0.15090090090090091,0.21824104234527686,real_20260626_161831_pallet_rack_cluster021_part1_ransac_icp_voxel005_easy,real_previous_registration,0.75
12,0.3448000763756912,0.1286031042128603,0.05842289890009626,0.10890399981877394,0.01842289890009626,0.0713968957871397,0.08981979468723597,71,103,373,806,0.40804597701149425,0.15990990990990991,0.2297734627831715,real_20260626_161831_pallet_rack_cluster021_part1_ransac_icp_voxel005_easy,real_previous_registration,0.75
13,0.3456605888056582,0.12564671101256467,0.05802506596465912,0.10994344891935733,0.018025065964659116,0.07435328898743535,0.09237835495209445,67,103,377,806,0.3941176470588235,0.15090090090090091,0.21824104234527686,real_20260626_161831_pallet_rack_cluster021_part1_ransac_icp_voxel005_easy,real_previous_registration,0.75
14,0.34481570438235865,0.1286031042128603,0.05842289890009626,0.10890399981877394,0.01842289890009626,0.0713968957871397,0.08981979468723597,71,103,373,806,0.40804597701149425,0.15990990990990991,0.2297734627831715,real_20260626_161831_pallet_rack_cluster021_part1_ransac_icp_voxel005_easy,real_previous_registration,0.75
15,0.34567621681232563,0.12564671101256467,0.05802506596465912,0.10994344891935733,0.018025065964659116,0.07435328898743535,0.09237835495209445,67,103,377,806,0.3941176470588235,0.15090090090090091,0.21824104234527686,real_20260626_161831_pallet_rack_cluster021_part1_ransac_icp_voxel005_easy,real_previous_registration,0.75
16,0.3448313323890261,0.1286031042128603,0.05842289890009626,0.10890399981877394,0.01842289890009626,0.0713968957871397,0.08981979468723597,71,103,373,806,0.40804597701149425,0.15990990990990991,0.2297734627831715,real_20260626_161831_pallet_rack_cluster021_part1_ransac_icp_voxel005_easy,real_previous_registration,0.75
17,0.34569184481899307,0.12564671101256467,0.05802506596465912,0.10994344891935733,0.018025065964659116,0.07435328898743535,0.09237835495209445,67,103,377,806,0.3941176470588235,0.15090090090090091,0.21824104234527686,real_20260626_161831_pallet_rack_cluster021_part1_ransac_icp_voxel005_easy,real_previous_registration,0.75
18,0.3448469603956935,0.1286031042128603,0.05842289890009626,0.10890399981877394,0.01842289890009626,0.0713968957871397,0.08981979468723597,71,103,373,806,0.40804597701149425,0.15990990990990991,0.2297734627831715,real_20260626_161831_pallet_rack_cluster021_part1_ransac_icp_voxel005_easy,real_previous_registration,0.75
19,0.3457074728256605,0.12564671101256467,0.05802506596465912,0.10994344891935733,0.018025065964659116,0.07435328898743535,0.09237835495209445,67,103,377,806,0.3941176470588235,0.15090090090090091,0.21824104234527686,real_20260626_161831_pallet_rack_cluster021_part1_ransac_icp_voxel005_easy,real_previous_registration,0.75
0,0.5,0.007390983000739098,0.01583592821949135,0.13187238440481514,0.0,0.19260901699926092,0.19260901699926092,0,10,363,980,0.0,0.0,0.0,real_20260626_161831_pallet_rack_cluster021_part1_ransac_icp_voxel005_hard,real_previous_registration,0.75
1,0.42777161862527713,0.017738359201773836,0.02308481400184272,0.12312379312452885,0.0,0.18226164079822618,0.18226164079822618,4,20,359,970,0.16666666666666666,0.011019283746556474,0.020671834625323,real_20260626_161831_pallet_rack_cluster021_part1_ransac_icp_voxel005_hard,real_previous_registration,0.75
2,0.3594235033259423,0.11529933481152993,0.02640514224786452,0.1223680624002466,0.0,0.08470066518847008,0.08470066518847008,39,117,324,873,0.25,0.10743801652892562,0.15028901734104047,real_20260626_161831_pallet_rack_cluster021_part1_ransac_icp_voxel005_hard,real_previous_registration,0.75
3,0.32766075388026605,0.19068736141906872,0.029804578440935377,0.12135091920041967,0.0,0.009312638580931287,0.009312638580931287,69,189,294,801,0.26744186046511625,0.19008264462809918,0.22222222222222224,real_20260626_161831_pallet_rack_cluster021_part1_ransac_icp_voxel005_hard,real_previous_registration,0.75
4,0.32416851441241684,0.19881744271988175,0.029426944524672385,0.12152490408005033,0.0,0.0011825572801182627,0.0011825572801182627,71,198,292,792,0.26394052044609667,0.19559228650137742,0.22468354430379747,real_20260626_161831_pallet_rack_cluster021_part1_ransac_icp_voxel005_hard,real_previous_registration,0.75
5,0.3237250554323725,0.2017738359201774,0.029339040784252236,0.12118190484926415,0.0,0.0,0.0,73,200,290,790,0.2673992673992674,0.20110192837465565,0.229559748427673,real_20260626_161831_pallet_rack_cluster021_part1_ransac_icp_voxel005_hard,real_previous_registration,0.75
6,0.3237250554323725,0.2017738359201774,0.029339040784252236,0.12118190484926415,0.0,0.0,0.0,73,200,290,790,0.2673992673992674,0.20110192837465565,0.229559748427673,real_20260626_161831_pallet_rack_cluster021_part1_ransac_icp_voxel005_hard,real_previous_registration,0.75
0,0.5,0.0029651593773165306,0.15844615720845923,0.13718422207284242,0.11844615720845922,0.19703484062268348,0.3154809978311427,0,4,203,1142,0.0,0.0,0.0,real_20260626_161911_pallet_rack_cluster021_part1_refined_from_voxel005_easy,real_previous_registration,0.75
1,0.6037811705791825,0.0,0.1191944288853074,0.21191185106026034,0.0791944288853074,0.2,0.27919442888530743,0,0,203,1146,0.0,0.0,0.0,real_20260626_161911_pallet_rack_cluster021_part1_refined_from_voxel005_easy,real_previous_registration,0.75
2,0.6475728139071435,0.0,0.1191944288853074,0.21191185106026034,0.0791944288853074,0.2,0.27919442888530743,0,0,203,1146,0.0,0.0,0.0,real_20260626_161911_pallet_rack_cluster021_part1_refined_from_voxel005_easy,real_previous_registration,0.75
0,0.5,0.0,0.15315000925446864,0.1708294156247957,0.11315000925446864,0.2,0.3131500092544687,0,0,375,976,0.0,0.0,0.0,real_20260626_161911_pallet_rack_cluster021_part1_refined_from_voxel005_medium,real_previous_registration,0.75
1,0.594725013881703,0.0,0.15315000925446864,0.1708294156247957,0.11315000925446864,0.2,0.3131500092544687,0,0,375,976,0.0,0.0,0.0,real_20260626_161911_pallet_rack_cluster021_part1_refined_from_voxel005_medium,real_previous_registration,0.75
0,0.5,0.0,0.11897978707866294,0.18963641773073536,0.07897978707866293,0.2,0.27897978707866294,0,0,291,764,0.0,0.0,0.0,real_20260626_163327_pallet_rack_cluster022_part1_ransac_icp_voxel005_easy,real_previous_registration,0.75
1,0.5434696806179944,0.0,0.11897978707866294,0.18963641773073536,0.07897978707866293,0.2,0.27897978707866294,0,0,291,764,0.0,0.0,0.0,real_20260626_163327_pallet_rack_cluster022_part1_ransac_icp_voxel005_easy,real_previous_registration,0.75
0,0.5,0.0,0.30060915499049434,0.32615352305957535,0.26060915499049436,0.2,0.4606091549904944,0,0,60,788,0.0,0.0,0.0,real_20260626_163327_pallet_rack_cluster022_part1_ransac_icp_voxel005_hard,real_previous_registration,0.75
1,0.8159137324857415,0.0,0.30060915499049434,0.32615352305957535,0.26060915499049436,0.2,0.4606091549904944,0,0,60,788,0.0,0.0,0.0,real_20260626_163327_pallet_rack_cluster022_part1_ransac_icp_voxel005_hard,real_previous_registration,0.75
0,0.5,0.0007680491551459293,0.0074875723509491,0.0851633327960113,0.0,0.1992319508448541,0.1992319508448541,1,0,241,1060,1.0,0.004132231404958678,0.008230452674897118,real_20260626_163327_pallet_rack_cluster022_part1_ransac_icp_voxel005_medium,real_previous_registration,0.75
1,0.4252880184331797,0.004608294930875576,0.1093255847852103,0.19174494880857784,0.06932558478521031,0.19539170506912443,0.26471728985433474,2,4,240,1056,0.3333333333333333,0.008264462809917356,0.016129032258064516,real_20260626_163327_pallet_rack_cluster022_part1_ransac_icp_voxel005_medium,real_previous_registration,0.75
2,0.4560045062100735,0.0015360983102918587,0.09260203341900615,0.1814653951796905,0.05260203341900615,0.19846390168970815,0.2510659351087143,1,1,241,1059,0.5,0.004132231404958678,0.00819672131147541,real_20260626_163327_pallet_rack_cluster022_part1_ransac_icp_voxel005_medium,real_previous_registration,0.75
3,0.46048359320494214,0.0015360983102918587,0.09260203341900615,0.1814653951796905,0.05260203341900615,0.19846390168970815,0.2510659351087143,1,1,241,1059,0.5,0.004132231404958678,0.00819672131147541,real_20260626_163327_pallet_rack_cluster022_part1_ransac_icp_voxel005_medium,real_previous_registration,0.75
0,0.5,0.0,0.09154252768159964,0.15262279010991983,0.051542527681599636,0.2,0.2515425276815996,0,0,168,648,0.0,0.0,0.0,real_20260703_131528_rm00_0260_02_cluster022_part1_ransac_icp_voxel005_easy,real_previous_registration,0.75
1,0.5023137915223994,0.0,0.09154252768159964,0.15262279010991983,0.051542527681599636,0.2,0.2515425276815996,0,0,168,648,0.0,0.0,0.0,real_20260703_131528_rm00_0260_02_cluster022_part1_ransac_icp_voxel005_easy,real_previous_registration,0.75
0,0.5,0.0,0.11396984304866493,0.19849881410323333,0.07396984304866494,0.2,0.27396984304866495,0,0,77,796,0.0,0.0,0.0,real_20260703_131528_rm00_0260_02_cluster022_part1_ransac_icp_voxel005_hard,real_previous_registration,0.75
1,0.5359547645729974,0.0,0.11396984304866493,0.19849881410323333,0.07396984304866494,0.2,0.27396984304866495,0,0,77,796,0.0,0.0,0.0,real_20260703_131528_rm00_0260_02_cluster022_part1_ransac_icp_voxel005_hard,real_previous_registration,0.75
0,0.5,0.0,0.07279196134578034,0.1478134199839435,0.032791961345780336,0.2,0.23279196134578034,0,0,303,578,0.0,0.0,0.0,real_20260703_131528_rm00_0260_02_cluster022_part1_ransac_icp_voxel005_medium,real_previous_registration,0.75
1,0.4741879420186705,0.0,0.07279196134578034,0.1478134199839435,0.032791961345780336,0.2,0.23279196134578034,0,0,303,578,0.0,0.0,0.0,real_20260703_131528_rm00_0260_02_cluster022_part1_ransac_icp_voxel005_medium,real_previous_registration,0.75
0,0.5,0.0045351473922902496,0.057704018731147576,0.05745489581028853,0.017704018731147575,0.19546485260770977,0.21316887133885734,4,0,594,284,1.0,0.006688963210702341,0.013289036544850499,real_20260703_135250_rm00_0260_02_cluster029_full_refined_from_voxel005_easy,real_previous_registration,0.75
1,0.4532567083688302,0.013605442176870748,0.0495704868537275,0.06439494299295585,0.009570486853727501,0.18639455782312928,0.19596504467685677,11,1,587,283,0.9166666666666666,0.01839464882943144,0.036065573770491806,real_20260703_135250_rm00_0260_02_cluster029_full_refined_from_voxel005_easy,real_previous_registration,0.75
2,0.39771447946574795,0.04081632653061224,0.038228368400982676,0.06281411424180952,0.0,0.15918367346938778,0.15918367346938778,35,1,563,283,0.9722222222222222,0.05852842809364549,0.11041009463722398,real_20260703_135250_rm00_0260_02_cluster029_full_refined_from_voxel005_easy,real_previous_registration,0.75
3,0.33802060191472755,0.19047619047619047,0.027024227244420117,0.07010422899367666,0.0,0.009523809523809545,0.009523809523809545,156,12,442,272,0.9285714285714286,0.2608695652173913,0.4073107049608355,real_20260703_135250_rm00_0260_02_cluster029_full_refined_from_voxel005_easy,real_previous_registration,0.75
4,0.334449173343299,0.1961451247165533,0.026866202159546018,0.07041531164208892,0.0,0.003854875283446718,0.003854875283446718,159,14,439,270,0.9190751445086706,0.26588628762541805,0.41245136186770426,real_20260703_135250_rm00_0260_02_cluster029_full_refined_from_voxel005_easy,real_previous_registration,0.75
5,0.33300359511200645,0.2018140589569161,0.026708231645407296,0.07057024979875401,0.0,0.0,0.0,164,14,434,270,0.9213483146067416,0.27424749163879597,0.422680412371134,real_20260703_135250_rm00_0260_02_cluster029_full_refined_from_voxel005_easy,real_previous_registration,0.75
6,0.33300359511200645,0.2018140589569161,0.026708231645407296,0.07057024979875401,0.0,0.0,0.0,164,14,434,270,0.9213483146067416,0.27424749163879597,0.422680412371134,real_20260703_135250_rm00_0260_02_cluster029_full_refined_from_voxel005_easy,real_previous_registration,0.75
0,0.5,0.003401360544217687,0.03892978237921007,0.11206199309332564,0.0,0.19659863945578232,0.19659863945578232,1,2,284,595,0.3333333333333333,0.0035087719298245615,0.006944444444444445,real_20260703_135250_rm00_0260_02_cluster029_full_refined_from_voxel005_medium,real_previous_registration,0.75
1,0.4262755102040816,0.036281179138321996,0.07828525776595241,0.08598756945993874,0.03828525776595241,0.16371882086167802,0.20200407862763042,20,12,265,585,0.625,0.07017543859649122,0.12618296529968454,real_20260703_135250_rm00_0260_02_cluster029_full_refined_from_voxel005_medium,real_previous_registration,0.75
2,0.422308839029881,0.03854875283446712,0.07450549569402841,0.08717099077416429,0.03450549569402841,0.16145124716553289,0.1959567428595613,20,14,265,583,0.5882352941176471,0.07017543859649122,0.12539184952978055,real_20260703_135250_rm00_0260_02_cluster029_full_refined_from_voxel005_medium,real_previous_registration,0.75
3,0.41352286488384876,0.049886621315192746,0.0736410344748971,0.08326321900486412,0.0336410344748971,0.15011337868480726,0.18375441315970437,28,16,257,581,0.6363636363636364,0.09824561403508772,0.1702127659574468,real_20260703_135250_rm00_0260_02_cluster029_full_refined_from_voxel005_medium,real_previous_registration,0.75
4,0.40769189958939167,0.061224489795918366,0.06747475996423574,0.08613505685567263,0.02747475996423574,0.13877551020408163,0.16625027016831737,32,22,253,575,0.5925925925925926,0.11228070175438597,0.1887905604719764,real_20260703_135250_rm00_0260_02_cluster029_full_refined_from_voxel005_medium,real_previous_registration,0.75
5,0.3968632232092147,0.08390022675736962,0.05723490898019963,0.09099845196084004,0.01723490898019963,0.11609977324263039,0.13333468222283001,41,33,244,564,0.5540540540540541,0.14385964912280702,0.22841225626740946,real_20260703_135250_rm00_0260_02_cluster029_full_refined_from_voxel005_medium,real_previous_registration,0.75
6,0.37917817171352775,0.12585034013605442,0.046403947174054654,0.09622391570367493,0.006403947174054653,0.07414965986394559,0.08055360703800024,55,56,230,541,0.4954954954954955,0.19298245614035087,0.27777777777777773,real_20260703_135250_rm00_0260_02_cluster029_full_refined_from_voxel005_medium,real_previous_registration,0.75
7,0.36097797002563015,0.15873015873015872,0.04254523095306406,0.09660374297180484,0.0025452309530640607,0.04126984126984129,0.04381507222290535,67,73,218,524,0.4785714285714286,0.23508771929824562,0.31529411764705884,real_20260703_135250_rm00_0260_02_cluster029_full_refined_from_voxel005_medium,real_previous_registration,0.75
8,0.34931962597903576,0.17800453514739228,0.040457716571196976,0.0976414055137741,0.0004577165711969755,0.021995464852607727,0.022453181423804702,75,82,210,515,0.47770700636942676,0.2631578947368421,0.33936651583710403,real_20260703_135250_rm00_0260_02_cluster029_full_refined_from_voxel005_medium,real_previous_registration,0.75
9,0.3417579015161033,0.1961451247165533,0.04002278329968827,0.0972184785023038,2.27832996882657e-05,0.003854875283446718,0.003877658583134984,84,89,201,508,0.48554913294797686,0.29473684210526313,0.3668122270742358,real_20260703_135250_rm00_0260_02_cluster029_full_refined_from_voxel005_medium,real_previous_registration,0.75
10,0.34034649823434315,0.20068027210884354,0.039452553950357634,0.09700654216355242,0.0,0.0,0.0,87,90,198,507,0.4915254237288136,0.30526315789473685,0.37662337662337664,real_20260703_135250_rm00_0260_02_cluster029_full_refined_from_voxel005_medium,real_previous_registration,0.75
11,0.34034649823434315,0.20068027210884354,0.039452553950357634,0.09700654216355242,0.0,0.0,0.0,87,90,198,507,0.4915254237288136,0.30526315789473685,0.37662337662337664,real_20260703_135250_rm00_0260_02_cluster029_full_refined_from_voxel005_medium,real_previous_registration,0.75
0,0.5,0.0,0.08961609481341516,0.1288646217265496,0.04961609481341516,0.2,0.24961609481341518,0,0,230,467,0.0,0.0,0.0,real_20260706_130424_table_cluster004_table1_refined_from_identity_scale1_hard,real_previous_registration,0.75
1,0.4994241422201227,0.0,0.08961609481341516,0.1288646217265496,0.04961609481341516,0.2,0.24961609481341518,0,0,230,467,0.0,0.0,0.0,real_20260706_130424_table_cluster004_table1_refined_from_identity_scale1_hard,real_previous_registration,0.75
0,0.5,0.0,0.14429884766797277,0.2103770941401623,0.10429884766797276,0.2,0.30429884766797277,0,0,55,642,0.0,0.0,0.0,real_20260706_130424_table_cluster004_table1_refined_from_identity_scale1_medium,real_previous_registration,0.75
1,0.5814482715019591,0.0,0.14429884766797277,0.2103770941401623,0.10429884766797276,0.2,0.30429884766797277,0,0,55,642,0.0,0.0,0.0,real_20260706_130424_table_cluster004_table1_refined_from_identity_scale1_medium,real_previous_registration,0.75
0,0.5,0.08571428571428572,0.14056529537651669,0.09374669390712674,0.10056529537651668,0.1142857142857143,0.21485100966223097,55,35,388,572,0.6111111111111112,0.12415349887133183,0.2063789868667917,real_20260706_145031_table2_cluster004_table2_refined_from_identity_easy,real_previous_registration,0.75
1,0.6079908002076322,0.010476190476190476,0.13347612961191946,0.08883508342612527,0.09347612961191945,0.18952380952380954,0.28299993913572896,7,4,436,603,0.6363636363636364,0.01580135440180587,0.030837004405286347,real_20260706_145031_table2_cluster004_table2_refined_from_identity_easy,real_previous_registration,0.75
2,0.6771335660540828,0.002857142857142857,0.14553655185659856,0.10147559790947473,0.10553655185659855,0.19714285714285715,0.30267940899945567,1,2,442,605,0.3333333333333333,0.002257336343115124,0.004484304932735425,real_20260706_145031_table2_cluster004_table2_refined_from_identity_easy,real_previous_registration,0.75
3,0.7615098224104092,0.0,0.12220895029570031,0.11120523474800566,0.0822089502957003,0.2,0.2822089502957003,0,0,443,607,0.0,0.0,0.0,real_20260706_145031_table2_cluster004_table2_refined_from_identity_easy,real_previous_registration,0.75
4,0.8098232478539596,0.0,0.12220895029570031,0.11120523474800566,0.0822089502957003,0.2,0.2822089502957003,0,0,443,607,0.0,0.0,0.0,real_20260706_145031_table2_cluster004_table2_refined_from_identity_easy,real_previous_registration,0.75
0,0.5,0.049523809523809526,0.09495849784242621,0.12550265123008011,0.054958497842426214,0.15047619047619049,0.2054346883186167,10,42,162,836,0.19230769230769232,0.05813953488372093,0.08928571428571427,real_20260706_145031_table2_cluster004_table2_refined_from_identity_hard,real_previous_registration,0.75
1,0.5260091753350679,0.030476190476190476,0.09685374065721175,0.12531530104208669,0.05685374065721175,0.16952380952380952,0.22637755018102126,5,27,167,851,0.15625,0.029069767441860465,0.04901960784313726,real_20260706_145031_table2_cluster004_table2_refined_from_identity_hard,real_previous_registration,0.75
2,0.5477183577494569,0.02761904761904762,0.09976221062607853,0.12504584279044081,0.059762210626078525,0.17238095238095238,0.23214316300703092,5,24,167,854,0.1724137931034483,0.029069767441860465,0.04975124378109452,real_20260706_145031_table2_cluster004_table2_refined_from_identity_hard,real_previous_registration,0.75
3,0.5727188165457175,0.018095238095238095,0.10510547730107136,0.12696197853395894,0.06510547730107136,0.1819047619047619,0.24701023920583326,3,16,169,862,0.15789473684210525,0.01744186046511628,0.031413612565445025,real_20260706_145031_table2_cluster004_table2_refined_from_identity_hard,real_previous_registration,0.75
4,0.6021627467830388,0.010476190476190476,0.0985537267233508,0.12902287562106107,0.0585537267233508,0.18952380952380954,0.24807753624716034,1,10,171,868,0.09090909090909091,0.005813953488372093,0.01092896174863388,real_20260706_145031_table2_cluster004_table2_refined_from_identity_hard,real_previous_registration,0.75
5,0.6189219082966364,0.006666666666666667,0.10042094353284904,0.13196252999318753,0.06042094353284904,0.19333333333333336,0.2537542768661824,1,6,171,872,0.14285714285714285,0.005813953488372093,0.011173184357541898,real_20260706_145031_table2_cluster004_table2_refined_from_identity_hard,real_previous_registration,0.75
6,0.6370533235959099,0.006666666666666667,0.10042094353284904,0.13196252999318753,0.06042094353284904,0.19333333333333336,0.2537542768661824,1,6,171,872,0.14285714285714285,0.005813953488372093,0.011173184357541898,real_20260706_145031_table2_cluster004_table2_refined_from_identity_hard,real_previous_registration,0.75
0,0.5,0.011428571428571429,0.19239498497490645,0.0844798356935162,0.15239498497490644,0.18857142857142858,0.34096641354633506,8,4,267,771,0.6666666666666666,0.02909090909090909,0.055749128919860634,real_20260706_145031_table2_cluster004_table2_refined_from_identity_medium,real_previous_registration,0.75
1,0.6578781917480739,0.0009523809523809524,0.1528297705662519,0.0490975174580626,0.1128297705662519,0.19904761904761906,0.31187738961387096,1,0,274,775,1.0,0.0036363636363636364,0.007246376811594203,real_20260706_145031_table2_cluster004_table2_refined_from_identity_medium,real_previous_registration,0.75
2,0.7524799904545947,0.0009523809523809524,0.1528297705662519,0.0490975174580626,0.1128297705662519,0.19904761904761906,0.31187738961387096,1,0,274,775,1.0,0.0036363636363636364,0.007246376811594203,real_20260706_145031_table2_cluster004_table2_refined_from_identity_medium,real_previous_registration,0.75
0,0.5,0.04104104104104104,0.07805563031679374,0.32248457563849,0.038055630316793744,0.15895895895895898,0.19701458927575272,0,41,76,882,0.0,0.0,0.0,real_20260706_150131_table3_cluster004_table3_refined_from_identity_easy,real_previous_registration,0.75
1,0.497473835865581,0.04104104104104104,0.07805563031679374,0.32248457563849,0.038055630316793744,0.15895895895895898,0.19701458927575272,0,41,76,882,0.0,0.0,0.0,real_20260706_150131_table3_cluster004_table3_refined_from_identity_easy,real_previous_registration,0.75
0,0.5,0.002,0.2625853432536921,0.19150852470835567,0.2225853432536921,0.198,0.4205853432536921,0,2,88,910,0.0,0.0,0.0,real_20260706_150131_table3_cluster004_table3_refined_from_identity_medium,real_previous_registration,0.75
1,0.7596280148805381,0.0,0.2357627728787333,0.20488803457485313,0.19576277287873328,0.2,0.3957627728787333,0,0,88,912,0.0,0.0,0.0,real_20260706_150131_table3_cluster004_table3_refined_from_identity_medium,real_previous_registration,0.75
2,0.95,0.0,0.2357627728787333,0.20488803457485313,0.19576277287873328,0.2,0.3957627728787333,0,0,88,912,0.0,0.0,0.0,real_20260706_150131_table3_cluster004_table3_refined_from_identity_medium,real_previous_registration,0.75
0,0.5,0.0016384489350081922,0.051992110475948296,0.18052307741464158,0.011992110475948295,0.19836155106499181,0.2103536615409401,0,3,156,1672,0.0,0.0,0.0,real_20260706_153654_table_fanuc_cluster000_table1_refined_from_identity_easy,real_previous_registration,0.75
1,0.4436025840645505,0.007646095030038231,0.06616193626781032,0.17478531161614866,0.02616193626781032,0.19235390496996177,0.2185158412377721,2,12,154,1663,0.14285714285714285,0.01282051282051282,0.02352941176470588,real_20260706_153654_table_fanuc_cluster000_table1_refined_from_identity_easy,real_previous_registration,0.75
2,0.4107127741025303,0.0212998361551065,0.058014504626154435,0.18871128633288153,0.018014504626154434,0.1787001638448935,0.19671466847104796,5,34,151,1641,0.1282051282051282,0.03205128205128205,0.05128205128205127,real_20260706_153654_table_fanuc_cluster000_table1_refined_from_identity_easy,real_previous_registration,0.75
3,0.3707219695999269,0.08301474604041507,0.043456665398525454,0.22129784730876836,0.0034566653985254533,0.11698525395958494,0.12044191935811038,8,144,148,1531,0.05263157894736842,0.05128205128205128,0.05194805194805195,real_20260706_153654_table_fanuc_cluster000_table1_refined_from_identity_easy,real_previous_registration,0.75
4,0.33203749746287076,0.1567449481157837,0.04106538274697612,0.22708228306699943,0.0010653827469761165,0.0432550518842163,0.04432043463119242,12,275,144,1400,0.041811846689895474,0.07692307692307693,0.054176072234762986,real_20260706_153654_table_fanuc_cluster000_table1_refined_from_identity_easy,real_previous_registration,0.75
5,0.31741492712675384,0.18241398143091206,0.04227163576732883,0.22577038628321128,0.0022716357673288265,0.017586018569087952,0.01985765433641678,15,319,141,1356,0.04491017964071856,0.09615384615384616,0.061224489795918366,real_20260706_153654_table_fanuc_cluster000_table1_refined_from_identity_easy,real_previous_registration,0.75
6,0.3142276238143391,0.18951392681594756,0.04256741204110646,0.22513307107704367,0.0025674120411064566,0.010486073184052452,0.013053485225158909,15,332,141,1343,0.043227665706051875,0.09615384615384616,0.05964214711729623,real_20260706_153654_table_fanuc_cluster000_table1_refined_from_identity_easy,real_previous_registration,0.75
7,0.31414646443197913,0.18951392681594756,0.04256741204110646,0.22513307107704367,0.0025674120411064566,0.010486073184052452,0.013053485225158909,15,332,141,1343,0.043227665706051875,0.09615384615384616,0.05964214711729623,real_20260706_153654_table_fanuc_cluster000_table1_refined_from_identity_easy,real_previous_registration,0.75
0,0.5,0.009538950715421303,0.06105615117430257,0.12182953221341616,0.021056151174302568,0.19046104928457872,0.21151720045888128,7,11,293,1576,0.3888888888888889,0.023333333333333334,0.04402515723270441,real_20260706_153654_table_fanuc_cluster000_table1_refined_from_identity_hard,real_previous_registration,0.75
1,0.46016133327973685,0.018547959724430314,0.05772547215566461,0.12211622384542437,0.017725472155664612,0.1814520402755697,0.1991775124312343,11,24,289,1563,0.3142857142857143,0.03666666666666667,0.06567164179104477,real_20260706_153654_table_fanuc_cluster000_table1_refined_from_identity_hard,real_previous_registration,0.75
2,0.41870502640989515,0.04504504504504504,0.06287353425257197,0.12420225130181983,0.02287353425257197,0.15495495495495498,0.17782848920752695,29,56,271,1531,0.3411764705882353,0.09666666666666666,0.15064935064935062,real_20260706_153654_table_fanuc_cluster000_table1_refined_from_identity_hard,real_previous_registration,0.75
3,0.394907219680645,0.07419183889772125,0.05759057851532531,0.12932964955324777,0.017590578515325306,0.12580816110227877,0.14339873961760408,36,104,264,1483,0.2571428571428571,0.12,0.16363636363636364,real_20260706_153654_table_fanuc_cluster000_table1_refined_from_identity_hard,real_previous_registration,0.75
4,0.37411502704027844,0.11499735029146795,0.05247628258586498,0.13299256999849188,0.01247628258586498,0.08500264970853207,0.09747893229439705,46,171,254,1416,0.2119815668202765,0.15333333333333332,0.17794970986460348,real_20260706_153654_table_fanuc_cluster000_table1_refined_from_identity_hard,real_previous_registration,0.75
5,0.36095345727837636,0.14043455219925807,0.05331164187508136,0.13493017404881594,0.01331164187508136,0.05956544780074194,0.07287708967582329,49,216,251,1371,0.18490566037735848,0.16333333333333333,0.17345132743362832,real_20260706_153654_table_fanuc_cluster000_table1_refined_from_identity_hard,real_previous_registration,0.75
6,0.35858387716572016,0.14202437731849496,0.05323595112837679,0.13468482672923082,0.013235951128376791,0.05797562268150505,0.07121157380988184,49,219,251,1368,0.1828358208955224,0.16333333333333333,0.17253521126760563,real_20260706_153654_table_fanuc_cluster000_table1_refined_from_identity_hard,real_previous_registration,0.75
7,0.35669694535272095,0.14467408585055644,0.05294380577969317,0.13467198390409613,0.012943805779693167,0.05532591414944357,0.06826971992913675,50,223,250,1364,0.18315018315018314,0.16666666666666666,0.17452006980802792,real_20260706_153654_table_fanuc_cluster000_table1_refined_from_identity_hard,real_previous_registration,0.75
8,0.35536543621621935,0.14573396926338103,0.052628595253985964,0.13466861351865694,0.012628595253985964,0.05426603073661898,0.06689462599060494,50,225,250,1362,0.18181818181818182,0.16666666666666666,0.17391304347826086,real_20260706_153654_table_fanuc_cluster000_table1_refined_from_identity_hard,real_previous_registration,0.75
9,0.35395856757096616,0.1489136195018548,0.05307290643053651,0.13470572226377422,0.013072906430536511,0.051086380498145206,0.06415928692868172,51,230,249,1357,0.18149466192170818,0.17,0.17555938037865748,real_20260706_153654_table_fanuc_cluster000_table1_refined_from_identity_hard,real_previous_registration,0.75
10,0.35441053452996646,0.1478537360890302,0.05294286783660633,0.1348301253733527,0.01294286783660633,0.0521462639109698,0.06508913174757613,50,229,250,1358,0.17921146953405018,0.16666666666666666,0.17271157167530224,real_20260706_153654_table_fanuc_cluster000_table1_refined_from_identity_hard,real_previous_registration,0.75
11,0.35426998731826226,0.1483836777954425,0.05304972954978229,0.13489438259121428,0.013049729549782292,0.0516163222045575,0.06466605175433979,50,230,250,1357,0.17857142857142858,0.16666666666666666,0.17241379310344826,real_20260706_153654_table_fanuc_cluster000_table1_refined_from_identity_hard,real_previous_registration,0.75
12,0.35448846081622665,0.1478537360890302,0.05294286783660633,0.1348301253733527,0.01294286783660633,0.0521462639109698,0.06508913174757613,50,229,250,1358,0.17921146953405018,0.16666666666666666,0.17271157167530224,real_20260706_153654_table_fanuc_cluster000_table1_refined_from_identity_hard,real_previous_registration,0.75
13,0.35434791360452245,0.1478537360890302,0.05294286783660633,0.1348301253733527,0.01294286783660633,0.0521462639109698,0.06508913174757613,50,229,250,1358,0.17921146953405018,0.16666666666666666,0.17271157167530224,real_20260706_153654_table_fanuc_cluster000_table1_refined_from_identity_hard,real_previous_registration,0.75
0,0.5,0.013290802764486975,0.057354536246127054,0.15329947065810623,0.017354536246127053,0.18670919723551305,0.20406373348164009,3,22,304,1552,0.12,0.009771986970684038,0.018072289156626505,real_20260706_153654_table_fanuc_cluster000_table1_refined_from_identity_medium,real_previous_registration,0.75
1,0.4560158554058732,0.023923444976076555,0.06906047481705585,0.14030287516244225,0.02906047481705585,0.17607655502392344,0.20513702984097928,12,33,295,1541,0.26666666666666666,0.03908794788273615,0.06818181818181818,real_20260706_153654_table_fanuc_cluster000_table1_refined_from_identity_medium,real_previous_registration,0.75
2,0.4335778594974857,0.03189792663476874,0.06557994272616076,0.14211346220514798,0.025579942726160758,0.16810207336523128,0.19368201609139205,14,46,293,1528,0.23333333333333334,0.04560260586319218,0.0762942779291553,real_20260706_153654_table_fanuc_cluster000_table1_refined_from_identity_medium,real_previous_registration,0.75
3,0.40890949607476507,0.051036682615629984,0.05813401648511953,0.1493718544340783,0.01813401648511953,0.14896331738437002,0.16709733386948955,18,78,289,1496,0.1875,0.05863192182410423,0.08933002481389578,real_20260706_153654_table_fanuc_cluster000_table1_refined_from_identity_medium,real_previous_registration,0.75
4,0.3802492767833056,0.09409888357256778,0.04604868572612784,0.15863492277038704,0.0060486857261278365,0.10590111642743223,0.11194980215356007,25,152,282,1422,0.14124293785310735,0.08143322475570032,0.10330578512396693,real_20260706_153654_table_fanuc_cluster000_table1_refined_from_identity_medium,real_previous_registration,0.75
5,0.34960938671221026,0.15098351940457203,0.048850984819681725,0.15870050545786502,0.008850984819681725,0.049016480595427986,0.05786746541510971,40,244,267,1330,0.14084507042253522,0.13029315960912052,0.1353637901861252,real_20260706_153654_table_fanuc_cluster000_table1_refined_from_identity_medium,real_previous_registration,0.75
6,0.34450468371844734,0.15895800106326421,0.04823022322229986,0.15830185940199398,0.00823022322229986,0.041041998936735796,0.04927222215903566,41,258,266,1316,0.13712374581939799,0.13355048859934854,0.1353135313531353,real_20260706_153654_table_fanuc_cluster000_table1_refined_from_identity_medium,real_previous_registration,0.75
7,0.3414592689506212,0.16267942583732056,0.04864795070216386,0.1581643191655558,0.008647950702163856,0.03732057416267945,0.045968524864843305,42,264,265,1310,0.13725490196078433,0.13680781758957655,0.1370309951060359,real_20260706_153654_table_fanuc_cluster000_table1_refined_from_identity_medium,real_previous_registration,0.75
8,0.34043597969286216,0.16427432216905902,0.04859565551246643,0.15808773659761352,0.008595655512466431,0.035725677830940994,0.044321333343407425,42,267,265,1307,0.13592233009708737,0.13680781758957655,0.13636363636363635,real_20260706_153654_table_fanuc_cluster000_table1_refined_from_identity_medium,real_previous_registration,0.75
9,0.3399323337749589,0.16480595427963848,0.048476759326775316,0.1581968522707766,0.008476759326775316,0.03519404572036153,0.04367080504713684,42,268,265,1306,0.13548387096774195,0.13680781758957655,0.1361426256077796,real_20260706_153654_table_fanuc_cluster000_table1_refined_from_identity_medium,real_previous_registration,0.75
10,0.33944970561998633,0.16533758639021798,0.04838174463098154,0.15816394135543188,0.008381744630981541,0.03466241360978203,0.043044158240763575,42,269,265,1305,0.13504823151125403,0.13680781758957655,0.13592233009708737,real_20260706_153654_table_fanuc_cluster000_table1_refined_from_identity_medium,real_previous_registration,0.75
11,0.33902391746279037,0.16533758639021798,0.04838174463098154,0.15816394135543188,0.008381744630981541,0.03466241360978203,0.043044158240763575,42,269,265,1305,0.13504823151125403,0.13680781758957655,0.13592233009708737,real_20260706_153654_table_fanuc_cluster000_table1_refined_from_identity_medium,real_previous_registration,0.75
0,0.5,0.0552423900789177,0.0793363204279456,0.10826400571770296,0.0393363204279456,0.1447576099210823,0.1840939303490279,26,23,65,773,0.5306122448979592,0.2857142857142857,0.37142857142857144,real_20260707_154904_ur10_choko_base_cluster016_base_refined_from_center_v2_medium,real_previous_registration,0.75
1,0.5047203769215125,0.048478015783540024,0.07831273746202418,0.10691436669895507,0.038312737462024175,0.15152198421646,0.18983472167848417,23,20,68,776,0.5348837209302325,0.25274725274725274,0.3432835820895522,real_20260707_154904_ur10_choko_base_cluster016_base_refined_from_center_v2_medium,real_previous_registration,0.75
2,0.5053687390333763,0.046223224351747465,0.07869356881063798,0.10693306807833111,0.03869356881063798,0.15377677564825254,0.19247034445889052,22,19,69,777,0.5365853658536586,0.24175824175824176,0.3333333333333333,real_20260707_154904_ur10_choko_base_cluster016_base_refined_from_center_v2_medium,real_previous_registration,0.75
3,0.5057428013812386,0.046223224351747465,0.07869356881063798,0.10693306807833111,0.03869356881063798,0.15377677564825254,0.19247034445889052,22,19,69,777,0.5365853658536586,0.24175824175824176,0.3333333333333333,real_20260707_154904_ur10_choko_base_cluster016_base_refined_from_center_v2_medium,real_previous_registration,0.75
0,0.5,0.27607361963190186,0.0630077451938042,0.09511887464576331,0.023007745193804198,0.0,0.023007745193804198,140,220,109,835,0.3888888888888889,0.5622489959839357,0.4597701149425287,wall_column_added_outliers_hard_mixed,added_outliers,0.75
1,0.5345116177907063,0.23236196319018404,0.06712326865938395,0.09130442613082083,0.02712326865938395,0.0,0.02712326865938395,130,173,119,882,0.429042904290429,0.5220883534136547,0.47101449275362317,wall_column_added_outliers_hard_mixed,added_outliers,0.75
2,0.5751965207797822,0.18404907975460122,0.07163730558168548,0.08717321394638189,0.031637305581685475,0.015950920245398792,0.04758822582708427,114,126,135,929,0.475,0.4578313253012048,0.46625766871165636,wall_column_added_outliers_hard_mixed,added_outliers,0.75
3,0.6166708840602859,0.13957055214723926,0.07533263559747318,0.08188475368774176,0.035332635597473176,0.06042944785276075,0.09576208345023393,95,87,154,968,0.521978021978022,0.3815261044176707,0.4408352668213458,wall_column_added_outliers_hard_mixed,added_outliers,0.75
4,0.6470087945117104,0.11503067484662577,0.07851345786862489,0.07796513572816456,0.03851345786862489,0.08496932515337424,0.12348278302199914,84,66,165,989,0.56,0.3373493975903614,0.42105263157894735,wall_column_added_outliers_hard_mixed,added_outliers,0.75
5,0.6729154843821324,0.09585889570552147,0.07972392271917621,0.07524110961668522,0.039723922719176206,0.10414110429447854,0.14386502701365475,72,53,177,1002,0.576,0.2891566265060241,0.3850267379679144,wall_column_added_outliers_hard_mixed,added_outliers,0.75
6,0.6934484543504673,0.0789877300613497,0.08231277922322336,0.07151416741466188,0.04231277922322336,0.12101226993865032,0.16332504916187368,63,40,186,1015,0.6116504854368932,0.25301204819277107,0.3579545454545454,wall_column_added_outliers_hard_mixed,added_outliers,0.75
7,0.7115380219583085,0.057515337423312884,0.0822517738166255,0.06808171814554595,0.0422517738166255,0.14248466257668713,0.18473643639331264,47,28,202,1027,0.6266666666666667,0.18875502008032127,0.2901234567901234,wall_column_added_outliers_hard_mixed,added_outliers,0.75
8,0.7214839342169891,0.05368098159509203,0.08362038635486743,0.06618184289541444,0.04362038635486743,0.146319018404908,0.18993940475977542,45,25,204,1030,0.6428571428571429,0.18072289156626506,0.28213166144200624,wall_column_added_outliers_hard_mixed,added_outliers,0.75
9,0.7320448818474498,0.04754601226993865,0.08451578645074989,0.06467979709822355,0.04451578645074989,0.15245398773006136,0.19696977418081124,41,21,208,1034,0.6612903225806451,0.1646586345381526,0.2636655948553055,wall_column_added_outliers_hard_mixed,added_outliers,0.75
10,0.7416483161248015,0.040644171779141106,0.08782225158157399,0.061153844377443894,0.04782225158157399,0.15935582822085892,0.2071780798024329,38,15,211,1040,0.7169811320754716,0.15261044176706828,0.25165562913907286,wall_column_added_outliers_hard_mixed,added_outliers,0.75
11,0.7536232579143404,0.029141104294478526,0.09139846171168056,0.0566381823752832,0.05139846171168056,0.17085889570552149,0.22225735741720204,29,9,220,1046,0.7631578947368421,0.11646586345381527,0.20209059233449478,wall_column_added_outliers_hard_mixed,added_outliers,0.75
12,0.7666488645922906,0.023006134969325152,0.09548423009598196,0.052976604794925476,0.05548423009598196,0.17699386503067485,0.23247809512665682,24,6,225,1049,0.8,0.0963855421686747,0.17204301075268819,wall_column_added_outliers_hard_mixed,added_outliers,0.75
13,0.7835025103497605,0.01303680981595092,0.0996010185039455,0.05239351864490675,0.059601018503945495,0.18696319018404908,0.24656420868799458,15,2,234,1053,0.8823529411764706,0.060240963855421686,0.11278195488721804,wall_column_added_outliers_hard_mixed,added_outliers,0.75
14,0.8027928417866603,0.007668711656441718,0.10061250753436057,0.04858885628590938,0.06061250753436057,0.19233128834355828,0.2529437958779189,9,1,240,1054,0.9,0.03614457831325301,0.0694980694980695,wall_column_added_outliers_hard_mixed,added_outliers,0.75
15,0.8215873699593669,0.004601226993865031,0.09284835697102517,0.051585017313223125,0.05284835697102517,0.19539877300613498,0.24824712997716014,5,1,244,1054,0.8333333333333334,0.020080321285140562,0.0392156862745098,wall_column_added_outliers_hard_mixed,added_outliers,0.75
16,0.8275853655386041,0.003067484662576687,0.10628715675670415,0.0583858726682688,0.06628715675670416,0.19693251533742331,0.26321967209412744,3,1,246,1054,0.75,0.012048192771084338,0.023715415019762848,wall_column_added_outliers_hard_mixed,added_outliers,0.75
17,0.8531664074221266,0.0,0.06118893212948919,0.12980079745391537,0.02118893212948919,0.2,0.2211889321294892,0,0,249,1055,0.0,0.0,0.0,wall_column_added_outliers_hard_mixed,added_outliers,0.75
18,0.8099498056163603,0.006134969325153374,0.0970818615852831,0.054122921500622284,0.057081861585283104,0.19386503067484664,0.25094689226012973,7,1,242,1054,0.875,0.028112449799196786,0.054474708171206226,wall_column_added_outliers_hard_mixed,added_outliers,0.75
19,0.8228732114912175,0.003067484662576687,0.10628715675670415,0.0583858726682688,0.06628715675670416,0.19693251533742331,0.26321967209412744,3,1,246,1054,0.75,0.012048192771084338,0.023715415019762848,wall_column_added_outliers_hard_mixed,added_outliers,0.75
0,0.5,0.4175217048145225,0.032277223847897656,0.04763975323660903,0.0,0.0,0.0,460,69,458,280,0.8695652173913043,0.5010893246187363,0.635798203178991,wall_column_added_outliers_medium_2,added_outliers,0.75
1,0.5,0.4175217048145225,0.032277223847897656,0.04763975323660903,0.0,0.0,0.0,460,69,458,280,0.8695652173913043,0.5010893246187363,0.635798203178991,wall_column_added_outliers_medium_2,added_outliers,0.75
0,0.5,0.35978004713275724,0.04086555935382588,0.05776274947153673,0.0008655593538258802,0.0,0.0008655593538258802,332,126,313,502,0.7248908296943232,0.5147286821705427,0.6019945602901179,wall_column_added_outliers_medium_3,added_outliers,0.75
1,0.5012983390307388,0.35742340926944227,0.04082680692723066,0.05773630357488089,0.0008268069272306597,0.0,0.0008268069272306597,330,125,315,503,0.7252747252747253,0.5116279069767442,0.6,wall_column_added_outliers_medium_3,added_outliers,0.75
0,0.5,0.32866666666666666,0.03556046173064999,0.06173514579670594,0.0,0.0,0.0,337,156,417,590,0.6835699797160243,0.4469496021220159,0.5404971932638332,wall_column_partial_overlap_hard_mixed,partial_overlap,0.75
1,0.5,0.32866666666666666,0.03556046173064999,0.06173514579670594,0.0,0.0,0.0,337,156,417,590,0.6835699797160243,0.4469496021220159,0.5404971932638332,wall_column_partial_overlap_hard_mixed,partial_overlap,0.75
0,0.5,0.30933333333333335,0.051792933794295684,0.07926578260492238,0.011792933794295683,0.0,0.011792933794295683,240,224,289,747,0.5172413793103449,0.45368620037807184,0.48338368580060426,wall_column_partial_overlap_medium_2,partial_overlap,0.75
1,0.5176894006914435,0.284,0.05260562052752252,0.07809790033942392,0.012605620527522517,0.0,0.012605620527522517,226,200,303,771,0.5305164319248826,0.42722117202268434,0.47329842931937177,wall_column_partial_overlap_medium_2,partial_overlap,0.75
2,0.5365978314827273,0.25866666666666666,0.05358167762673478,0.07620958348164988,0.013581677626734782,0.0,0.013581677626734782,213,175,316,796,0.5489690721649485,0.40264650283553877,0.46455834242093785,wall_column_partial_overlap_medium_2,partial_overlap,0.75
3,0.5569703479228295,0.23066666666666666,0.05457016980693694,0.07505697286593939,0.014570169806936942,0.0,0.014570169806936942,195,151,334,820,0.5635838150289018,0.3686200378071834,0.44571428571428573,wall_column_partial_overlap_medium_2,partial_overlap,0.75
4,0.5788256026332349,0.20066666666666666,0.055332939169578294,0.0729253683970864,0.015332939169578293,0.0,0.015332939169578293,176,125,353,846,0.584717607973422,0.332703213610586,0.4240963855421687,wall_column_partial_overlap_medium_2,partial_overlap,0.75
5,0.6018250113876024,0.172,0.05811209492511485,0.07141834432795179,0.018112094925114848,0.028000000000000025,0.04611209492511487,151,107,378,864,0.5852713178294574,0.28544423440453687,0.383735705209657,wall_column_partial_overlap_medium_2,partial_overlap,0.75
6,0.6184931537752746,0.15266666666666667,0.05965662894352951,0.06953519326102675,0.019656628943529507,0.04733333333333334,0.06698996227686285,140,89,389,882,0.611353711790393,0.2646502835538752,0.36939313984168864,wall_column_partial_overlap_medium_2,partial_overlap,0.75
7,0.6302280971905688,0.13933333333333334,0.06067881873752077,0.06852814951898326,0.02067881873752077,0.060666666666666674,0.08134548540418744,130,79,399,892,0.6220095693779905,0.24574669187145556,0.3523035230352303,wall_column_partial_overlap_medium_2,partial_overlap,0.75
8,0.63849632529685,0.12866666666666668,0.06206540113026541,0.06757363459169406,0.022065401130265408,0.07133333333333333,0.09339873446359874,121,72,408,899,0.6269430051813472,0.22873345935727787,0.33518005540166207,wall_column_partial_overlap_medium_2,partial_overlap,0.75
9,0.6448444269922481,0.122,0.06251680539740549,0.06746119048122536,0.02251680539740549,0.07800000000000001,0.10051680539740551,114,69,415,902,0.6229508196721312,0.21550094517958412,0.3202247191011236,wall_column_partial_overlap_medium_2,partial_overlap,0.75
10,0.6493696350883563,0.118,0.06271723316829084,0.06766002280821475,0.022717233168290836,0.08200000000000002,0.10471723316829085,110,67,419,904,0.6214689265536724,0.20793950850661624,0.3116147308781869,wall_column_partial_overlap_medium_2,partial_overlap,0.75
11,0.6526954848407925,0.11333333333333333,0.06299090168313089,0.06735213113411677,0.022990901683130886,0.08666666666666668,0.10965756834979756,107,63,422,908,0.6294117647058823,0.20226843100189035,0.3061516452074392,wall_column_partial_overlap_medium_2,partial_overlap,0.75
12,0.6546818373654889,0.11066666666666666,0.06375551092531025,0.06639574697938348,0.023755510925310246,0.08933333333333335,0.1130888442586436,106,60,423,911,0.6385542168674698,0.2003780718336484,0.30503597122302156,wall_column_partial_overlap_medium_2,partial_overlap,0.75
13,0.6568151037534543,0.10866666666666666,0.06379136710187669,0.06683214640413561,0.02379136710187669,0.09133333333333335,0.11512470043521003,104,59,425,912,0.6380368098159509,0.19659735349716445,0.30057803468208094,wall_column_partial_overlap_medium_2,partial_overlap,0.75
14,0.6582521544062694,0.108,0.0640955319770676,0.06638168477798485,0.024095531977067604,0.09200000000000001,0.11609553197706762,104,58,425,913,0.6419753086419753,0.19659735349716445,0.301013024602026,wall_column_partial_overlap_medium_2,partial_overlap,0.75
15,0.6598954523718707,0.10533333333333333,0.06397222244144252,0.06660502389106981,0.023972222441442516,0.09466666666666668,0.11863888910810919,100,58,429,913,0.6329113924050633,0.1890359168241966,0.29112081513828236,wall_column_partial_overlap_medium_2,partial_overlap,0.75
16,0.6603537860340345,0.10466666666666667,0.06408618344770936,0.06673598491732045,0.02408618344770936,0.09533333333333334,0.1194195167810427,99,58,430,913,0.6305732484076433,0.18714555765595464,0.2886297376093295,wall_column_partial_overlap_medium_2,partial_overlap,0.75
17,0.6607330612055985,0.10466666666666667,0.06408618344770936,0.06673598491732045,0.02408618344770936,0.09533333333333334,0.1194195167810427,99,58,430,913,0.6305732484076433,0.18714555765595464,0.2886297376093295,wall_column_partial_overlap_medium_2,partial_overlap,0.75
0,0.5,0.4633333333333333,0.03965708674582989,0.04349682766983897,0.0,0.0,0.0,591,104,524,281,0.8503597122302158,0.5300448430493273,0.6530386740331491,wall_column_partial_overlap_medium_3,partial_overlap,0.75
1,0.5,0.4633333333333333,0.03965708674582989,0.04349682766983897,0.0,0.0,0.0,591,104,524,281,0.8503597122302158,0.5300448430493273,0.6530386740331491,wall_column_partial_overlap_medium_3,partial_overlap,0.75
0,0.5,0.3890063424947146,0.03678082091493257,0.05117930785470453,0.0,0.0,0.0,433,119,387,480,0.7844202898550725,0.5280487804878049,0.631195335276968,wall_column_scene_change_hard_mixed,scene_change,0.75
1,0.5,0.3890063424947146,0.03678082091493257,0.05117930785470453,0.0,0.0,0.0,433,119,387,480,0.7844202898550725,0.5280487804878049,0.631195335276968,wall_column_scene_change_hard_mixed,scene_change,0.75
0,0.5,0.42217484008528783,0.03657336400373009,0.057470557297802934,0.0,0.0,0.0,438,156,383,430,0.7373737373737373,0.5334957369062119,0.6190812720848056,wall_column_scene_change_medium_2,scene_change,0.75
1,0.5,0.42217484008528783,0.03657336400373009,0.057470557297802934,0.0,0.0,0.0,438,156,383,430,0.7373737373737373,0.5334957369062119,0.6190812720848056,wall_column_scene_change_medium_2,scene_change,0.75
0,0.5,0.31236283833211415,0.06707360447920672,0.06970769373863217,0.027073604479206724,0.0,0.027073604479206724,268,159,234,706,0.6276346604215457,0.5338645418326693,0.5769644779332616,wall_column_scene_change_medium_3,scene_change,0.75
1,0.5406104067188101,0.26335040234089246,0.06708876632195365,0.06591333981020005,0.02708876632195365,0.0,0.02708876632195365,242,118,260,747,0.6722222222222223,0.4820717131474104,0.5614849187935035,wall_column_scene_change_medium_3,scene_change,0.75
0,0.5,0.3466666666666667,0.060022024773745686,0.07296233798611446,0.020022024773745685,0.0,0.020022024773745685,288,232,193,787,0.5538461538461539,0.5987525987525988,0.5754245754245754,wall_column_static_noise_hard_mixed,static_noise,0.75
1,0.5300330371606186,0.298,0.06233883202449421,0.07068627361434758,0.022338832024494208,0.0,0.022338832024494208,259,188,222,831,0.5794183445190156,0.5384615384615384,0.5581896551724137,wall_column_static_noise_hard_mixed,static_noise,0.75
2,0.5635412851973599,0.25,0.0645829262833191,0.06828500743737269,0.024582926283319102,0.0,0.024582926283319102,224,151,257,868,0.5973333333333334,0.4656964656964657,0.5233644859813085,wall_column_static_noise_hard_mixed,static_noise,0.75
3,0.6004156746223386,0.20266666666666666,0.065501663350304,0.06533925374805677,0.025501663350303995,0.0,0.025501663350303995,191,113,290,906,0.6282894736842105,0.3970893970893971,0.48662420382165605,wall_column_static_noise_hard_mixed,static_noise,0.75
4,0.6386681696477946,0.164,0.06710433493830231,0.0636035531451999,0.02710433493830231,0.036000000000000004,0.06310433493830231,160,86,321,933,0.6504065040650406,0.33264033264033266,0.4401650618982118,wall_column_static_noise_hard_mixed,static_noise,0.75
5,0.6658246720552481,0.13266666666666665,0.06880365865037175,0.06114310197366378,0.028803658650371745,0.06733333333333336,0.0961369919837051,133,66,348,953,0.6683417085427136,0.2765072765072765,0.3911764705882353,wall_column_static_noise_hard_mixed,static_noise,0.75
6,0.6837801600308057,0.112,0.06991635473523845,0.0587365655161314,0.029916354735238453,0.08800000000000001,0.11791635473523845,116,52,365,967,0.6904761904761905,0.24116424116424118,0.35747303543913717,wall_column_static_noise_hard_mixed,static_noise,0.75
7,0.6956546921336634,0.09333333333333334,0.0714723432456334,0.05797302329005501,0.031472343245633395,0.10666666666666667,0.13813900991230008,99,41,382,978,0.7071428571428572,0.20582120582120583,0.31884057971014496,wall_column_static_noise_hard_mixed,static_noise,0.75
8,0.7028632070021135,0.08333333333333333,0.07210520951248425,0.05658208688369453,0.03210520951248425,0.11666666666666668,0.14877187617915094,89,36,392,983,0.712,0.18503118503118504,0.2937293729372938,wall_column_static_noise_hard_mixed,static_noise,0.75
9,0.7072710212708399,0.08,0.07272615872206233,0.055779203151377126,0.032726158722062325,0.12000000000000001,0.15272615872206233,86,34,395,985,0.7166666666666667,0.1787941787941788,0.2861896838602329,wall_column_static_noise_hard_mixed,static_noise,0.75
10,0.7113602593539333,0.07466666666666667,0.07620590857217789,0.051299653929413824,0.03620590857217789,0.12533333333333335,0.16153924190551125,85,27,396,992,0.7589285714285714,0.17671517671517672,0.2866779089376055,wall_column_static_noise_hard_mixed,static_noise,0.75
11,0.7186691222122001,0.06533333333333333,0.07801823603363517,0.04941164309914236,0.03801823603363517,0.13466666666666668,0.17268490270030185,74,24,407,995,0.7551020408163265,0.15384615384615385,0.2556131260794473,wall_column_static_noise_hard_mixed,static_noise,0.75
12,0.7251964762626529,0.062,0.07896217249997607,0.048728087269664884,0.03896217249997607,0.138,0.1769621724999761,71,22,410,997,0.7634408602150538,0.14760914760914762,0.24738675958188153,wall_column_static_noise_hard_mixed,static_noise,0.75
13,0.731889735012617,0.059333333333333335,0.07986252221431399,0.04690003325572942,0.03986252221431399,0.14066666666666666,0.18052918888098066,69,20,412,999,0.7752808988764045,0.14345114345114346,0.2421052631578947,wall_column_static_noise_hard_mixed,static_noise,0.75
14,0.7389335183340879,0.051333333333333335,0.0830323284944526,0.043729713080017704,0.043032328494452605,0.14866666666666667,0.19169899516111927,61,16,420,1003,0.7922077922077922,0.12681912681912683,0.2186379928315412,wall_column_static_noise_hard_mixed,static_noise,0.75
15,0.7477320110757668,0.04533333333333334,0.08242317757073159,0.04282146779326057,0.042423177570731586,0.15466666666666667,0.19708984423739825,54,14,427,1005,0.7941176470588235,0.11226611226611227,0.19672131147540986,wall_column_static_noise_hard_mixed,static_noise,0.75
16,0.7533667774318642,0.04133333333333333,0.08410422841556973,0.04014774229461314,0.044104228415569734,0.15866666666666668,0.20277089508223642,51,11,430,1008,0.8225806451612904,0.10602910602910603,0.18784530386740333,wall_column_static_noise_hard_mixed,static_noise,0.75
17,0.7600231200552188,0.034,0.09016160025165405,0.035228514889319724,0.05016160025165405,0.166,0.21616160025165407,44,7,437,1012,0.8627450980392157,0.09147609147609148,0.16541353383458648,wall_column_static_noise_hard_mixed,static_noise,0.75
18,0.7730155204326998,0.028,0.09076441591011808,0.03233981081001029,0.05076441591011808,0.17200000000000001,0.22276441591011809,37,5,444,1014,0.8809523809523809,0.07692307692307693,0.14149139579349906,wall_column_static_noise_hard_mixed,static_noise,0.75
19,0.784662144297877,0.020666666666666667,0.09348064255210481,0.029299200523370636,0.05348064255210481,0.17933333333333334,0.23281397588543815,29,2,452,1017,0.9354838709677419,0.060291060291060294,0.11328125,wall_column_static_noise_hard_mixed,static_noise,0.75
0,0.5,0.324,0.04786748735409332,0.0885084886606152,0.007867487354093317,0.0,0.007867487354093317,210,276,213,801,0.43209876543209874,0.49645390070921985,0.46204620462046203,wall_column_static_noise_medium_2,static_noise,0.75
1,0.51180123103114,0.31066666666666665,0.047781700251299804,0.08877257041128357,0.007781700251299803,0.0,0.007781700251299803,196,270,227,807,0.4206008583690987,0.46335697399527187,0.4409448818897637,wall_column_static_noise_medium_2,static_noise,0.75
0,0.5,0.428,0.032147924561225935,0.05928296600916604,0.0,0.0,0.0,457,185,401,457,0.7118380062305296,0.5326340326340326,0.6093333333333334,wall_column_static_noise_medium_3,static_noise,0.75
1,0.5,0.428,0.032147924561225935,0.05928296600916604,0.0,0.0,0.0,457,185,401,457,0.7118380062305296,0.5326340326340326,0.6093333333333334,wall_column_static_noise_medium_3,static_noise,0.75
0,0.5,0.23466666666666666,0.06881461182856267,0.08104811826293493,0.028814611828562674,0.0,0.028814611828562674,180,172,231,917,0.5113636363636364,0.43795620437956206,0.47182175622542594,wall_column_strong_noise_hard_mixed,strong_noise,0.75
1,0.543221917742844,0.17333333333333334,0.0703236178371059,0.07866574180713475,0.030323617837105903,0.026666666666666672,0.056990284503772574,137,123,274,966,0.5269230769230769,0.3333333333333333,0.4083457526080476,wall_column_strong_noise_hard_mixed,strong_noise,0.75
2,0.5787073444985029,0.13533333333333333,0.0728489608239894,0.07647288731738838,0.032848960823989394,0.06466666666666668,0.09751562749065606,117,86,294,1003,0.5763546798029556,0.2846715328467153,0.3811074918566775,wall_column_strong_noise_hard_mixed,strong_noise,0.75
3,0.603730785734487,0.11666666666666667,0.07364734899392031,0.07471691479445021,0.03364734899392031,0.08333333333333334,0.11698068232725364,103,72,308,1017,0.5885714285714285,0.25060827250608275,0.3515358361774744,wall_column_strong_noise_hard_mixed,strong_noise,0.75
4,0.6229518092253675,0.1,0.07379531670464802,0.07371628610679934,0.03379531670464802,0.1,0.13379531670464803,91,59,320,1030,0.6066666666666667,0.22141119221411193,0.3244206773618538,wall_column_strong_noise_hard_mixed,strong_noise,0.75
5,0.6361447842823396,0.08533333333333333,0.07569647971061422,0.07045122521740932,0.035696479710614216,0.11466666666666668,0.1503631463772809,82,46,329,1043,0.640625,0.19951338199513383,0.3042671614100186,wall_column_strong_noise_hard_mixed,strong_noise,0.75
6,0.6466895038482608,0.08133333333333333,0.07578529385607487,0.07082953307606096,0.035785293856074867,0.11866666666666668,0.15445196052274154,77,45,334,1044,0.6311475409836066,0.1873479318734793,0.28893058161350843,wall_column_strong_noise_hard_mixed,strong_noise,0.75
7,0.6558674446323731,0.07133333333333333,0.07921411594719767,0.06871143931327453,0.03921411594719767,0.12866666666666668,0.16788078261386435,70,37,341,1052,0.6542056074766355,0.170316301703163,0.27027027027027023,wall_column_strong_noise_hard_mixed,strong_noise,0.75
8,0.6664386185531697,0.06133333333333333,0.08161320607214086,0.0677273349458627,0.041613206072140856,0.1386666666666667,0.18027987273880755,62,30,349,1059,0.6739130434782609,0.15085158150851583,0.24652087475149106,wall_column_strong_noise_hard_mixed,strong_noise,0.75
9,0.6768584276613809,0.050666666666666665,0.0844595923267448,0.06467067983363416,0.0444595923267448,0.14933333333333335,0.19379292566007814,55,21,356,1068,0.7236842105263158,0.13381995133819952,0.22587268993839837,wall_column_strong_noise_hard_mixed,strong_noise,0.75
10,0.6875478161514981,0.04533333333333334,0.08774110573921173,0.0655213943197555,0.04774110573921173,0.15466666666666667,0.2024077724058784,49,19,362,1070,0.7205882352941176,0.1192214111922141,0.20459290187891438,wall_column_strong_noise_hard_mixed,strong_noise,0.75
11,0.7011594747603157,0.036,0.08862102877346609,0.0652506683870228,0.048621028773466086,0.164,0.2126210287734661,39,15,372,1074,0.7222222222222222,0.0948905109489051,0.16774193548387095,wall_column_strong_noise_hard_mixed,strong_noise,0.75
12,0.7125910179205148,0.028666666666666667,0.08461934018260048,0.06626541771374375,0.04461934018260048,0.17133333333333334,0.2159526735159338,31,12,380,1077,0.7209302325581395,0.07542579075425791,0.13656387665198239,wall_column_strong_noise_hard_mixed,strong_noise,0.75
13,0.7152700281944155,0.027333333333333334,0.0826973351966663,0.06778381231790333,0.042697335196666304,0.1726666666666667,0.215364001863333,29,12,382,1077,0.7073170731707317,0.0705596107055961,0.12831858407079644,wall_column_strong_noise_hard_mixed,strong_noise,0.75
14,0.714566030989415,0.027333333333333334,0.0826973351966663,0.06778381231790333,0.042697335196666304,0.1726666666666667,0.215364001863333,29,12,382,1077,0.7073170731707317,0.0705596107055961,0.12831858407079644,wall_column_strong_noise_hard_mixed,strong_noise,0.75
0,0.5,0.30733333333333335,0.04352813661887001,0.06141702065709072,0.003528136618870012,0.0,0.003528136618870012,355,106,600,439,0.7700650759219089,0.3717277486910995,0.5014124293785311,wall_column_strong_noise_medium_2,strong_noise,0.75
1,0.5052922049283051,0.3006666666666667,0.0437671098627193,0.061321773237638696,0.0037671098627192964,0.0,0.0037671098627192964,347,104,608,441,0.7694013303769401,0.3633507853403141,0.49359886201991465,wall_column_strong_noise_medium_2,strong_noise,0.75
2,0.510942869722384,0.29133333333333333,0.043467968768950184,0.06094950860316582,0.003467968768950183,0.0,0.003467968768950183,339,98,616,447,0.7757437070938215,0.3549738219895288,0.48706896551724144,wall_column_strong_noise_medium_2,strong_noise,0.75
3,0.5161448228758093,0.2826666666666667,0.04341379659886253,0.061098876284612774,0.0034137965988625257,0.0,0.0034137965988625257,328,96,627,449,0.7735849056603774,0.34345549738219894,0.47570703408266857,wall_column_strong_noise_medium_2,strong_noise,0.75
0,0.5,0.25733333333333336,0.04720237163952166,0.07949629079003363,0.007202371639521657,0.0,0.007202371639521657,223,163,359,755,0.5777202072538861,0.38316151202749144,0.46074380165289264,wall_column_strong_noise_medium_3,strong_noise,0.75
1,0.5108035574592825,0.242,0.04703084061765135,0.07914952597744138,0.00703084061765135,0.0,0.00703084061765135,209,154,373,764,0.5757575757575758,0.359106529209622,0.44232804232804235,wall_column_strong_noise_medium_3,strong_noise,0.75
2,0.5213498183857596,0.22333333333333333,0.04707510122761231,0.07928557429662556,0.007075101227612311,0.0,0.007075101227612311,193,142,389,776,0.5761194029850746,0.3316151202749141,0.420937840785169,wall_column_strong_noise_medium_3,strong_noise,0.75
0,0.5,0.16505576208178438,0.07033423359842532,0.09780030826593014,0.03033423359842532,0.03494423791821563,0.06527847151664096,76,146,149,974,0.34234234234234234,0.3377777777777778,0.3400447427293065,box_sphere_added_outliers_hard_mixed,added_outliers,1.0
1,0.5431963482377429,0.1204460966542751,0.07039856732206343,0.09523620898617494,0.030398567322063426,0.07955390334572492,0.10995247066778835,59,103,166,1017,0.36419753086419754,0.26222222222222225,0.3049095607235143,box_sphere_added_outliers_hard_mixed,added_outliers,1.0
2,0.5642165312090073,0.10260223048327137,0.07286317964666883,0.09405863372744183,0.03286317964666883,0.09739776951672864,0.13026094916339748,53,85,172,1035,0.38405797101449274,0.23555555555555555,0.2920110192837465,box_sphere_added_outliers_hard_mixed,added_outliers,1.0
3,0.5812440057439806,0.09293680297397769,0.07338585934023557,0.09378883655978018,0.03338585934023557,0.10706319702602232,0.1404490563662579,48,77,177,1043,0.384,0.21333333333333335,0.2742857142857143,box_sphere_added_outliers_hard_mixed,added_outliers,1.0
4,0.5944841259114406,0.08698884758364313,0.07405926772895169,0.09389716163709591,0.03405926772895169,0.11301115241635688,0.14707042014530858,46,71,179,1049,0.39316239316239315,0.20444444444444446,0.26900584795321636,box_sphere_added_outliers_hard_mixed,added_outliers,1.0
5,0.6060970851611656,0.07657992565055761,0.07497855635351544,0.0924043577440081,0.03497855635351544,0.1234200743494424,0.15839863070295784,44,59,181,1061,0.42718446601941745,0.19555555555555557,0.2682926829268293,box_sphere_added_outliers_hard_mixed,added_outliers,1.0
6,0.6143441606934752,0.07360594795539034,0.07603872152194585,0.09316222053244724,0.03603872152194585,0.12639405204460968,0.16243277356655553,42,57,183,1063,0.42424242424242425,0.18666666666666668,0.2592592592592593,box_sphere_added_outliers_hard_mixed,added_outliers,1.0
7,0.623224577715062,0.0691449814126394,0.07522476979891077,0.09375054308120696,0.03522476979891077,0.1308550185873606,0.16607978838627135,39,54,186,1066,0.41935483870967744,0.17333333333333334,0.2452830188679245,box_sphere_added_outliers_hard_mixed,added_outliers,1.0
8,0.6282466080192033,0.06617100371747212,0.07636301370691158,0.0927344229589788,0.03636301370691158,0.1338289962825279,0.17019200998943948,38,51,187,1069,0.42696629213483145,0.1688888888888889,0.24203821656050953,box_sphere_added_outliers_hard_mixed,added_outliers,1.0
9,0.6340581372917625,0.06022304832713755,0.0782759196618917,0.09147388593690747,0.03827591966189169,0.13977695167286247,0.17805287133475417,36,45,189,1075,0.4444444444444444,0.16,0.23529411764705882,box_sphere_added_outliers_hard_mixed,added_outliers,1.0
10,0.6407215007791147,0.05724907063197026,0.07983281504442913,0.09126238104220362,0.03983281504442913,0.14275092936802974,0.18258374441245886,34,43,191,1077,0.44155844155844154,0.1511111111111111,0.2251655629139073,box_sphere_added_outliers_hard_mixed,added_outliers,1.0
11,0.6490116661839581,0.053531598513011154,0.0797999601386262,0.09094757127965698,0.039799960138626196,0.14646840148698886,0.18626836162561505,33,39,192,1081,0.4583333333333333,0.14666666666666667,0.22222222222222224,box_sphere_added_outliers_hard_mixed,added_outliers,1.0
12,0.6553773857177161,0.05055762081784387,0.08078246054046156,0.09156686544547533,0.040782460540461564,0.14944237918215614,0.1902248397226177,30,38,195,1082,0.4411764705882353,0.13333333333333333,0.20477815699658705,box_sphere_added_outliers_hard_mixed,added_outliers,1.0
13,0.6622211172075612,0.04312267657992565,0.08243750146544483,0.08941114588711974,0.04243750146544483,0.15687732342007438,0.19931482488551922,26,32,199,1088,0.4482758620689655,0.11555555555555555,0.18374558303886926,box_sphere_added_outliers_hard_mixed,added_outliers,1.0
14,0.6686574584284136,0.041635687732342004,0.08296194266945747,0.08867605925143132,0.04296194266945747,0.15836431226765801,0.20132625493711548,26,30,199,1090,0.4642857142857143,0.11555555555555555,0.18505338078291816,box_sphere_added_outliers_hard_mixed,added_outliers,1.0
15,0.6753991876334996,0.038661710037174724,0.08380617239515063,0.08847072775973777,0.04380617239515063,0.1613382899628253,0.20514446235797593,25,27,200,1093,0.4807692307692308,0.1111111111111111,0.18050541516245486,box_sphere_added_outliers_hard_mixed,added_outliers,1.0
16,0.6823423874423882,0.0379182156133829,0.08489315971597175,0.08883615298124782,0.04489315971597175,0.1620817843866171,0.20697494410258885,24,27,201,1093,0.47058823529411764,0.10666666666666667,0.1739130434782609,box_sphere_added_outliers_hard_mixed,added_outliers,1.0
17,0.6910878146810231,0.03420074349442379,0.08686883333285364,0.0876084651200451,0.04686883333285364,0.16579925650557623,0.21266808983842986,22,24,203,1096,0.4782608695652174,0.09777777777777778,0.16236162361623618,box_sphere_added_outliers_hard_mixed,added_outliers,1.0
18,0.7019258530939423,0.030483271375464683,0.09027163182921666,0.0856817615088498,0.05027163182921666,0.16951672862453532,0.21978836045375197,20,21,205,1099,0.4878048780487805,0.08888888888888889,0.15037593984962405,box_sphere_added_outliers_hard_mixed,added_outliers,1.0
19,0.717710752440108,0.026765799256505577,0.09562318019392183,0.07969316216448284,0.055623180193921824,0.17323420074349444,0.22885738093741625,19,17,206,1103,0.5277777777777778,0.08444444444444445,0.14559386973180077,box_sphere_added_outliers_hard_mixed,added_outliers,1.0
0,0.5,0.24307692307692308,0.05193778443095296,0.07140812589525608,0.01193778443095296,0.0,0.01193778443095296,203,113,351,633,0.6424050632911392,0.3664259927797834,0.4666666666666667,box_sphere_added_outliers_medium_2,added_outliers,1.0
1,0.5238755688619059,0.2053846153846154,0.05081613089696412,0.07077006579747953,0.010816130896964121,0.0,0.010816130896964121,175,92,379,654,0.6554307116104869,0.315884476534296,0.42630937880633374,box_sphere_added_outliers_medium_2,added_outliers,1.0
2,0.5455078306558341,0.18461538461538463,0.04988832005421185,0.07104503369696985,0.00988832005421185,0.015384615384615385,0.025272935438827235,159,81,395,665,0.6625,0.2870036101083033,0.40050377833753154,box_sphere_added_outliers_medium_2,added_outliers,1.0
3,0.55759216307195,0.1676923076923077,0.05000820025426919,0.07108736346332158,0.01000820025426919,0.032307692307692315,0.042315892561961506,140,78,414,668,0.6422018348623854,0.2527075812274368,0.3626943005181347,box_sphere_added_outliers_medium_2,added_outliers,1.0
4,0.5614547174266422,0.16307692307692306,0.049791450157060026,0.07105790037734726,0.009791450157060025,0.03692307692307695,0.04671452708013697,136,76,418,670,0.6415094339622641,0.24548736462093862,0.35509138381201044,box_sphere_added_outliers_medium_2,added_outliers,1.0
5,0.5625760792792238,0.16153846153846155,0.04998334960918862,0.07081105029880796,0.009983349609188619,0.038461538461538464,0.04844488807072708,136,74,418,672,0.6476190476190476,0.24548736462093862,0.35602094240837695,box_sphere_added_outliers_medium_2,added_outliers,1.0
6,0.5633120092668318,0.16,0.04999968164163951,0.07051037207283208,0.009999681641639509,0.04000000000000001,0.049999681641639517,136,72,418,674,0.6538461538461539,0.24548736462093862,0.3569553805774278,box_sphere_added_outliers_medium_2,added_outliers,1.0
7,0.5633113725501108,0.16,0.04999968164163951,0.07051037207283208,0.009999681641639509,0.04000000000000001,0.049999681641639517,136,72,418,674,0.6538461538461539,0.24548736462093862,0.3569553805774278,box_sphere_added_outliers_medium_2,added_outliers,1.0
0,0.5,0.17022900763358778,0.08370166715699716,0.10040799125719792,0.04370166715699716,0.02977099236641223,0.0734726595234094,64,159,82,1005,0.28699551569506726,0.4383561643835616,0.34688346883468835,box_sphere_added_outliers_medium_3,added_outliers,1.0
1,0.5725178381307882,0.10229007633587786,0.08877959244173958,0.09618191273762532,0.04877959244173958,0.09770992366412215,0.14648951610586172,45,89,101,1075,0.3358208955223881,0.3082191780821918,0.32142857142857145,box_sphere_added_outliers_medium_3,added_outliers,1.0
2,0.6212220611822062,0.07557251908396946,0.08860335293665182,0.09518957258419242,0.04860335293665182,0.12442748091603055,0.17303083385268236,34,65,112,1099,0.3434343434343434,0.2328767123287671,0.2775510204081632,box_sphere_added_outliers_medium_3,added_outliers,1.0
3,0.6562150265974946,0.05419847328244275,0.09336939715682131,0.09238426720611476,0.05336939715682131,0.14580152671755725,0.19917092387437857,24,47,122,1117,0.3380281690140845,0.1643835616438356,0.22119815668202764,box_sphere_added_outliers_medium_3,added_outliers,1.0
4,0.6900530575523587,0.04122137404580153,0.09407418266093674,0.09301492797194995,0.05407418266093674,0.15877862595419848,0.21285280861513522,18,36,128,1128,0.3333333333333333,0.1232876712328767,0.18,box_sphere_added_outliers_medium_3,added_outliers,1.0
5,0.718812109897133,0.02900763358778626,0.09878107713120288,0.09045622818584871,0.058781077131202876,0.17099236641221374,0.2297734435434166,14,24,132,1140,0.3684210526315789,0.0958904109589041,0.15217391304347827,box_sphere_added_outliers_medium_3,added_outliers,1.0
6,0.7508780809534319,0.019083969465648856,0.10378209424515489,0.08840711038476924,0.06378209424515488,0.18091603053435115,0.24469812477950603,11,14,135,1150,0.44,0.07534246575342465,0.1286549707602339,box_sphere_added_outliers_medium_3,added_outliers,1.0
7,0.787984254176566,0.0061068702290076335,0.10561083644918173,0.08203374811238949,0.06561083644918173,0.19389312977099238,0.25950396622017413,4,4,142,1160,0.5,0.0273972602739726,0.051948051948051945,box_sphere_added_outliers_medium_3,added_outliers,1.0
8,0.8222593621894333,0.0015267175572519084,0.10316850699809799,0.09458305263196425,0.06316850699809798,0.1984732824427481,0.26164178944084604,0,2,146,1162,0.0,0.0,0.0,box_sphere_added_outliers_medium_3,added_outliers,1.0
9,0.8493597349642552,0.0007633587786259542,0.1345991950009225,0.081834075709443,0.09459919500092248,0.19923664122137405,0.29383583622229653,0,1,146,1163,0.0,0.0,0.0,box_sphere_added_outliers_medium_3,added_outliers,1.0
10,0.9389398043554131,0.0,0.0818367598629786,0.14352048397885955,0.0418367598629786,0.2,0.24183675986297862,0,0,146,1164,0.0,0.0,0.0,box_sphere_added_outliers_medium_3,added_outliers,1.0
11,0.9226133240813703,0.0,0.0818367598629786,0.14352048397885955,0.0418367598629786,0.2,0.24183675986297862,0,0,146,1164,0.0,0.0,0.0,box_sphere_added_outliers_medium_3,added_outliers,1.0
0,0.5,0.228,0.076683649566835,0.0628236260602325,0.036683649566835,0.0,0.036683649566835,234,108,412,746,0.6842105263157895,0.3622291021671827,0.4736842105263158,box_sphere_partial_overlap_hard_mixed,partial_overlap,1.0
1,0.57336729913367,0.13933333333333334,0.07862422433296463,0.06033830547884729,0.038624224332964634,0.060666666666666674,0.09929089099963131,149,60,497,794,0.7129186602870813,0.2306501547987616,0.3485380116959064,box_sphere_partial_overlap_hard_mixed,partial_overlap,1.0
2,0.620282414466266,0.106,0.08091284483560851,0.059203416463638,0.04091284483560851,0.09400000000000001,0.13491284483560853,113,46,533,808,0.710691823899371,0.17492260061919504,0.28074534161490683,box_sphere_partial_overlap_hard_mixed,partial_overlap,1.0
3,0.655108104137483,0.07866666666666666,0.08496255916943567,0.05521576392360015,0.044962559169435666,0.12133333333333335,0.16629589250276902,87,31,559,823,0.7372881355932204,0.1346749226006192,0.22774869109947643,box_sphere_partial_overlap_hard_mixed,partial_overlap,1.0
4,0.6843665558096876,0.064,0.08800709096959429,0.05269624345392324,0.04800709096959429,0.136,0.1840070909695943,73,23,573,831,0.7604166666666666,0.1130030959752322,0.19676549865229112,box_sphere_partial_overlap_hard_mixed,partial_overlap,1.0
5,0.7123807377488762,0.04466666666666667,0.09521205459907857,0.044801297271007276,0.05521205459907857,0.15533333333333335,0.21054538793241193,55,12,591,842,0.8208955223880597,0.08513931888544891,0.15427769985974754,box_sphere_partial_overlap_hard_mixed,partial_overlap,1.0
6,0.7451381802803667,0.028666666666666667,0.10986599358613175,0.03546738902971962,0.06986599358613174,0.17133333333333334,0.24119932691946508,39,4,607,850,0.9069767441860465,0.06037151702786378,0.11320754716981132,box_sphere_partial_overlap_hard_mixed,partial_overlap,1.0
7,0.7992035007859635,0.018666666666666668,0.12582893365628497,0.02591177878461982,0.08582893365628497,0.18133333333333335,0.2671622669896183,27,1,619,853,0.9642857142857143,0.04179566563467492,0.0801186943620178,box_sphere_partial_overlap_hard_mixed,partial_overlap,1.0
8,0.8801947014318667,0.0,0.05718970093390641,0.0965338840447397,0.017189700933906406,0.2,0.2171897009339064,0,0,646,854,0.0,0.0,0.0,box_sphere_partial_overlap_hard_mixed,partial_overlap,1.0
9,0.8145741032996795,0.014666666666666666,0.12218415958521102,0.025981554459283407,0.08218415958521103,0.18533333333333335,0.2675174929185444,21,1,625,853,0.9545454545454546,0.032507739938080496,0.06287425149700598,box_sphere_partial_overlap_hard_mixed,partial_overlap,1.0
10,0.8862757558034349,0.0,0.05718970093390641,0.0965338840447397,0.017189700933906406,0.2,0.2171897009339064,0,0,646,854,0.0,0.0,0.0,box_sphere_partial_overlap_hard_mixed,partial_overlap,1.0
11,0.8206551576712476,0.013333333333333334,0.12459171912505881,0.026773175622876306,0.0845917191250588,0.18666666666666668,0.27125838579172545,19,1,627,853,0.95,0.029411764705882353,0.057057057057057055,box_sphere_partial_overlap_hard_mixed,partial_overlap,1.0
12,0.8965052625880319,0.0,0.05718970093390641,0.0965338840447397,0.017189700933906406,0.2,0.2171897009339064,0,0,646,854,0.0,0.0,0.0,box_sphere_partial_overlap_hard_mixed,partial_overlap,1.0
13,0.8308846644558446,0.009333333333333334,0.1224334323301191,0.024727732514395747,0.0824334323301191,0.19066666666666668,0.2731000989967858,13,1,633,853,0.9285714285714286,0.020123839009287926,0.03939393939393939,box_sphere_partial_overlap_hard_mixed,partial_overlap,1.0
14,0.9004181957827495,0.0,0.05718970093390641,0.0965338840447397,0.017189700933906406,0.2,0.2171897009339064,0,0,646,854,0.0,0.0,0.0,box_sphere_partial_overlap_hard_mixed,partial_overlap,1.0
15,0.8347975976505623,0.008,0.11552873171632733,0.0253924900697011,0.07552873171632732,0.192,0.2675287317163273,11,1,635,853,0.9166666666666666,0.017027863777089782,0.03343465045592705,box_sphere_partial_overlap_hard_mixed,partial_overlap,1.0
16,0.8898550610832169,0.0,0.05718970093390641,0.0965338840447397,0.017189700933906406,0.2,0.2171897009339064,0,0,646,854,0.0,0.0,0.0,box_sphere_partial_overlap_hard_mixed,partial_overlap,1.0
17,0.8242344629510296,0.011333333333333334,0.12612469642266647,0.027790807700455996,0.08612469642266646,0.18866666666666668,0.27479136308933316,16,1,630,853,0.9411764705882353,0.02476780185758514,0.04826546003016592,box_sphere_partial_overlap_hard_mixed,partial_overlap,1.0
18,0.9021505224630292,0.0,0.05718970093390641,0.0965338840447397,0.017189700933906406,0.2,0.2171897009339064,0,0,646,854,0.0,0.0,0.0,box_sphere_partial_overlap_hard_mixed,partial_overlap,1.0
19,0.836529924330842,0.008,0.11552873171632733,0.0253924900697011,0.07552873171632732,0.192,0.2675287317163273,11,1,635,853,0.9166666666666666,0.017027863777089782,0.03343465045592705,box_sphere_partial_overlap_hard_mixed,partial_overlap,1.0
0,0.5,0.19333333333333333,0.0677871272905244,0.07015240110619847,0.027787127290524398,0.006666666666666682,0.03445379395719108,197,93,440,770,0.6793103448275862,0.3092621664050236,0.42502696871628914,box_sphere_partial_overlap_medium_2,partial_overlap,1.0
1,0.5522409212477155,0.126,0.0706955042855042,0.06652516582711661,0.030695504285504195,0.07400000000000001,0.1046955042855042,140,49,497,814,0.7407407407407407,0.21978021978021978,0.3389830508474576,box_sphere_partial_overlap_medium_2,partial_overlap,1.0
2,0.5766319298187239,0.106,0.07141008522948693,0.06446574585231678,0.03141008522948693,0.09400000000000001,0.12541008522948693,122,37,515,826,0.7672955974842768,0.19152276295133439,0.3065326633165829,box_sphere_partial_overlap_medium_2,partial_overlap,1.0
3,0.5924521002776978,0.09,0.07072602982787422,0.06259720030934866,0.030726029827874222,0.11000000000000001,0.14072602982787424,104,31,533,832,0.7703703703703704,0.16326530612244897,0.26943005181347146,box_sphere_partial_overlap_medium_2,partial_overlap,1.0
4,0.5989041599334463,0.08266666666666667,0.07125410806288217,0.06177119461363163,0.03125410806288217,0.11733333333333335,0.14858744139621552,96,28,541,835,0.7741935483870968,0.15070643642072212,0.25229960578186594,box_sphere_partial_overlap_medium_2,partial_overlap,1.0
5,0.6027457093925439,0.08066666666666666,0.07136635150670473,0.06186331342902716,0.03136635150670473,0.11933333333333335,0.15069968484003807,93,28,544,835,0.768595041322314,0.14599686028257458,0.2453825857519789,box_sphere_partial_overlap_medium_2,partial_overlap,1.0
6,0.6058117457392866,0.07866666666666666,0.07129319652800982,0.06145151168223016,0.03129319652800982,0.12133333333333335,0.15262652986134317,92,26,545,837,0.7796610169491526,0.14442700156985872,0.2437086092715232,box_sphere_partial_overlap_medium_2,partial_overlap,1.0
7,0.6077314721286396,0.07733333333333334,0.0712928893336996,0.0612201709330312,0.03129288933369959,0.12266666666666667,0.15395955600036626,90,26,547,837,0.7758620689655172,0.141287284144427,0.23904382470119523,box_sphere_partial_overlap_medium_2,partial_overlap,1.0
8,0.6089839174627055,0.07533333333333334,0.07114585091696368,0.060830215352698835,0.03114585091696368,0.12466666666666668,0.15581251758363035,87,26,550,837,0.7699115044247787,0.13657770800627944,0.23199999999999998,box_sphere_partial_overlap_medium_2,partial_overlap,1.0
9,0.6089422859632996,0.07533333333333334,0.07114585091696368,0.060830215352698835,0.03114585091696368,0.12466666666666668,0.15581251758363035,87,26,550,837,0.7699115044247787,0.13657770800627944,0.23199999999999998,box_sphere_partial_overlap_medium_2,partial_overlap,1.0
0,0.5,0.14066666666666666,0.09464872760622227,0.09067905844050782,0.05464872760622227,0.05933333333333335,0.11398206093955562,73,138,197,1092,0.3459715639810427,0.27037037037037037,0.30353430353430355,box_sphere_partial_overlap_medium_3,partial_overlap,1.0
1,0.5796307885457779,0.05533333333333333,0.09892007500005415,0.08266923949980796,0.058920075000054146,0.14466666666666667,0.2035867416667208,30,53,240,1177,0.3614457831325301,0.1111111111111111,0.16997167138810199,box_sphere_partial_overlap_medium_3,partial_overlap,1.0
2,0.6251376052125528,0.042666666666666665,0.10114056588692572,0.08022789533456631,0.061140565886925714,0.15733333333333335,0.21847389922025906,25,39,245,1191,0.390625,0.09259259259259259,0.14970059880239522,box_sphere_partial_overlap_medium_3,partial_overlap,1.0
3,0.6687520703197376,0.030666666666666665,0.10396750711240083,0.07385940239424978,0.06396750711240082,0.16933333333333334,0.23330084044573415,22,24,248,1206,0.4782608695652174,0.08148148148148149,0.13924050632911394,box_sphere_partial_overlap_medium_3,partial_overlap,1.0
4,0.7120204178778726,0.024666666666666667,0.10691369866764554,0.07226094420003033,0.06691369866764554,0.17533333333333334,0.24224703200097888,16,21,254,1209,0.43243243243243246,0.05925925925925926,0.10423452768729642,box_sphere_partial_overlap_medium_3,partial_overlap,1.0
5,0.7581811485464971,0.016,0.10838122961695269,0.07057285995685558,0.0683812296169527,0.184,0.2523812296169527,10,14,260,1216,0.4166666666666667,0.037037037037037035,0.06802721088435373,box_sphere_partial_overlap_medium_3,partial_overlap,1.0
6,0.8029436077804025,0.007333333333333333,0.11591510522898173,0.059893307659047317,0.07591510522898173,0.19266666666666668,0.2685817718956484,6,5,264,1225,0.5454545454545454,0.022222222222222223,0.042704626334519574,box_sphere_partial_overlap_medium_3,partial_overlap,1.0
7,0.8584404849050327,0.0013333333333333333,0.10838697242377861,0.11307401983381705,0.06838697242377861,0.19866666666666669,0.2670536390904453,0,2,270,1228,0.0,0.0,0.0,box_sphere_partial_overlap_medium_3,partial_overlap,1.0
8,0.8958810964192565,0.0,0.07920612405746967,0.11295411495704372,0.03920612405746967,0.2,0.2392061240574697,0,0,270,1230,0.0,0.0,0.0,box_sphere_partial_overlap_medium_3,partial_overlap,1.0
9,0.8742933445341958,0.0006666666666666666,0.0904255201975308,0.1348799569492928,0.050425520197530806,0.19933333333333333,0.24975885353086413,0,1,270,1229,0.0,0.0,0.0,box_sphere_partial_overlap_medium_3,partial_overlap,1.0
10,0.8754777182625908,0.0,0.07920612405746967,0.11295411495704372,0.03920612405746967,0.2,0.2392061240574697,0,0,270,1230,0.0,0.0,0.0,box_sphere_partial_overlap_medium_3,partial_overlap,1.0
11,0.8538899663775301,0.002,0.11185288648839874,0.08777370888858123,0.07185288648839874,0.198,0.2698528864883988,1,2,269,1228,0.3333333333333333,0.003703703703703704,0.007326007326007326,box_sphere_partial_overlap_medium_3,partial_overlap,1.0
12,0.8985957393543276,0.0,0.07920612405746967,0.11295411495704372,0.03920612405746967,0.2,0.2392061240574697,0,0,270,1230,0.0,0.0,0.0,box_sphere_partial_overlap_medium_3,partial_overlap,1.0
13,0.8770079874692669,0.0,0.07920612405746967,0.11295411495704372,0.03920612405746967,0.2,0.2392061240574697,0,0,270,1230,0.0,0.0,0.0,box_sphere_partial_overlap_medium_3,partial_overlap,1.0
0,0.5,0.238,0.047220872270003614,0.058702080405221145,0.007220872270003613,0.0,0.007220872270003613,276,81,585,558,0.773109243697479,0.3205574912891986,0.45320197044334976,box_sphere_scene_change_hard_mixed,scene_change,1.0
1,0.5144417445400072,0.21133333333333335,0.04740865439135339,0.05829029128755267,0.007408654391353388,0.0,0.007408654391353388,246,71,615,568,0.7760252365930599,0.2857142857142857,0.41765704584040747,box_sphere_scene_change_hard_mixed,scene_change,1.0
2,0.5292590533227141,0.19266666666666668,0.04783473394251674,0.05799222683551288,0.007834733942516742,0.007333333333333331,0.015168067275850072,226,63,635,576,0.7820069204152249,0.26248548199767713,0.39304347826086955,box_sphere_scene_change_hard_mixed,scene_change,1.0
3,0.5412618545410809,0.178,0.04780433326542099,0.057815215712898105,0.007804333265420987,0.02200000000000002,0.029804333265421007,210,57,651,582,0.7865168539325843,0.24390243902439024,0.37234042553191493,box_sphere_scene_change_hard_mixed,scene_change,1.0
4,0.5458705210719228,0.17266666666666666,0.048067258964196655,0.057374307860086994,0.008067258964196654,0.02733333333333335,0.03540059229753,205,54,656,585,0.7915057915057915,0.23809523809523808,0.36607142857142855,box_sphere_scene_change_hard_mixed,scene_change,1.0
5,0.5483383723336495,0.17066666666666666,0.047974557068671056,0.057342942808517816,0.007974557068671055,0.02933333333333335,0.037307890402004405,202,54,659,585,0.7890625,0.2346109175377468,0.3616830796777081,box_sphere_scene_change_hard_mixed,scene_change,1.0
6,0.5496208198043249,0.17,0.047939662610977,0.057277318298879165,0.007939662610976998,0.03,0.037939662610977,201,54,660,585,0.788235294117647,0.23344947735191637,0.3602150537634409,box_sphere_scene_change_hard_mixed,scene_change,1.0
7,0.5505001450262789,0.17,0.047939662610977,0.057277318298879165,0.007939662610976998,0.03,0.037939662610977,201,54,660,585,0.788235294117647,0.23344947735191637,0.3602150537634409,box_sphere_scene_change_hard_mixed,scene_change,1.0
0,0.5,0.15466666666666667,0.07187675326250957,0.09719138733129885,0.03187675326250957,0.04533333333333334,0.07721008659584291,63,169,146,1122,0.27155172413793105,0.3014354066985646,0.28571428571428575,box_sphere_scene_change_medium_2,scene_change,1.0
1,0.5410868398583525,0.11266666666666666,0.07114308629595273,0.0956778068129882,0.031143086295952728,0.08733333333333335,0.11847641962928607,53,116,156,1175,0.3136094674556213,0.2535885167464115,0.28042328042328046,box_sphere_scene_change_medium_2,scene_change,1.0
2,0.5597063457835912,0.094,0.07072462056120535,0.09463881004439065,0.030724620561205347,0.10600000000000001,0.13672462056120535,47,94,162,1197,0.3333333333333333,0.22488038277511962,0.26857142857142857,box_sphere_scene_change_medium_2,scene_change,1.0
3,0.568155586906002,0.088,0.0709073135307869,0.09547659779328883,0.0309073135307869,0.11200000000000002,0.14290731353078692,43,89,166,1202,0.32575757575757575,0.20574162679425836,0.25219941348973607,box_sphere_scene_change_medium_2,scene_change,1.0
4,0.5739702139675757,0.08266666666666667,0.07134972962205438,0.09632947298851127,0.03134972962205438,0.11733333333333335,0.14868306295538772,38,86,171,1205,0.3064516129032258,0.18181818181818182,0.22822822822822822,box_sphere_scene_change_medium_2,scene_change,1.0
5,0.5780030065450178,0.082,0.0714697640647852,0.09637466532354459,0.031469764064785195,0.11800000000000001,0.1494697640647852,38,85,171,1206,0.3089430894308943,0.18181818181818182,0.22891566265060243,box_sphere_scene_change_medium_2,scene_change,1.0
6,0.5819425346745882,0.08,0.0711283062620662,0.09694844614679929,0.031128306262066203,0.12000000000000001,0.15112830626206622,36,84,173,1207,0.3,0.1722488038277512,0.2188449848024316,box_sphere_scene_change_medium_2,scene_change,1.0
7,0.5841991471987207,0.08,0.0711283062620662,0.09694844614679929,0.031128306262066203,0.12000000000000001,0.15112830626206622,36,84,173,1207,0.3,0.1722488038277512,0.2188449848024316,box_sphere_scene_change_medium_2,scene_change,1.0
0,0.5,0.23133333333333334,0.044786636822291184,0.06466642892107159,0.004786636822291183,0.0,0.004786636822291183,265,82,578,575,0.7636887608069164,0.3143534994068802,0.4453781512605042,box_sphere_scene_change_medium_3,scene_change,1.0
1,0.5095732736445824,0.21666666666666667,0.0447607405314905,0.06434514351271439,0.004760740531490497,0.0,0.004760740531490497,250,75,593,582,0.7692307692307693,0.29655990510083036,0.4280821917808219,box_sphere_scene_change_medium_3,scene_change,1.0
0,0.5,0.18866666666666668,0.07978265456336711,0.09599952048061365,0.03978265456336711,0.011333333333333334,0.051115987896700445,89,194,141,1076,0.31448763250883394,0.3869565217391304,0.3469785575048733,box_sphere_static_noise_hard_mixed,static_noise,1.0
1,0.5738986424600676,0.096,0.08599431943698296,0.08809558348560974,0.04599431943698296,0.10400000000000001,0.14999431943698296,61,83,169,1187,0.4236111111111111,0.26521739130434785,0.3262032085561497,box_sphere_static_noise_hard_mixed,static_noise,1.0
2,0.6138872813340335,0.06666666666666667,0.09020419398015138,0.0831590202914181,0.05020419398015138,0.13333333333333336,0.18353752731348474,47,53,183,1217,0.47,0.20434782608695654,0.28484848484848485,box_sphere_static_noise_hard_mixed,static_noise,1.0
3,0.6476290026276695,0.05,0.09274153511492786,0.08196749078888667,0.05274153511492786,0.15000000000000002,0.20274153511492787,36,39,194,1231,0.48,0.1565217391304348,0.2360655737704918,box_sphere_static_noise_hard_mixed,static_noise,1.0
4,0.6781120728575253,0.03866666666666667,0.09508610046258563,0.0743243125807468,0.05508610046258563,0.16133333333333333,0.21641943379591896,34,24,196,1246,0.5862068965517241,0.14782608695652175,0.23611111111111113,box_sphere_static_noise_hard_mixed,static_noise,1.0
5,0.7076176071160298,0.028,0.09912327732386636,0.07407671400359377,0.05912327732386636,0.17200000000000001,0.23112327732386637,23,19,207,1251,0.5476190476190477,0.1,0.16911764705882354,box_sphere_static_noise_hard_mixed,static_noise,1.0
6,0.7398641617637626,0.020666666666666667,0.10362966035365465,0.06587063025894781,0.06362966035365464,0.17933333333333334,0.24296299368698798,21,10,209,1260,0.6774193548387096,0.09130434782608696,0.16091954022988506,box_sphere_static_noise_hard_mixed,static_noise,1.0
7,0.7774568158044052,0.012,0.11204953991254946,0.05252442111371125,0.07204953991254945,0.188,0.2600495399125494,15,3,215,1267,0.8333333333333334,0.06521739130434782,0.12096774193548387,box_sphere_static_noise_hard_mixed,static_noise,1.0
8,0.827555895629504,0.0026666666666666666,0.12430532519056123,0.04338988241272877,0.08430532519056122,0.19733333333333333,0.2816386585238946,4,0,226,1270,1.0,0.017391304347826087,0.03418803418803419,box_sphere_static_noise_hard_mixed,static_noise,1.0
9,0.8974998793439598,0.0,0.06238161355014618,0.11584505187314025,0.02238161355014618,0.2,0.22238161355014618,0,0,230,1270,0.0,0.0,0.0,box_sphere_static_noise_hard_mixed,static_noise,1.0
10,0.8422631064442522,0.0006666666666666666,0.1309242450434102,0.0710322690144521,0.09092424504341018,0.19933333333333333,0.2902575783767435,1,0,229,1270,1.0,0.004347826086956522,0.008658008658008658,box_sphere_static_noise_hard_mixed,static_noise,1.0
11,0.9244449298644059,0.0,0.06238161355014618,0.11584505187314025,0.02238161355014618,0.2,0.22238161355014618,0,0,230,1270,0.0,0.0,0.0,box_sphere_static_noise_hard_mixed,static_noise,1.0
12,0.8692081569646982,0.0,0.06238161355014618,0.11584505187314025,0.02238161355014618,0.2,0.22238161355014618,0,0,230,1270,0.0,0.0,0.0,box_sphere_static_noise_hard_mixed,static_noise,1.0
0,0.5,0.2886666666666667,0.044509144899652464,0.0678436361374133,0.004509144899652463,0.0,0.004509144899652463,268,165,410,657,0.6189376443418014,0.3952802359882006,0.4824482448244824,box_sphere_static_noise_medium_2,static_noise,1.0
1,0.509018289799305,0.27266666666666667,0.04415527854841237,0.0673271022049433,0.004155278548412369,0.0,0.004155278548412369,254,155,424,667,0.6210268948655256,0.3746312684365782,0.4673413063477461,box_sphere_static_noise_medium_2,static_noise,1.0
2,0.5173288468961297,0.26066666666666666,0.04412608851307659,0.06664738510745224,0.004126088513076588,0.0,0.004126088513076588,245,146,433,676,0.6265984654731458,0.3613569321533923,0.4583723105706268,box_sphere_static_noise_medium_2,static_noise,1.0
0,0.5,0.22666666666666666,0.06834567465345613,0.08530250822169709,0.02834567465345613,0.0,0.02834567465345613,141,199,264,896,0.4147058823529412,0.34814814814814815,0.3785234899328859,box_sphere_static_noise_medium_3,static_noise,1.0
1,0.5566913493069122,0.14666666666666667,0.06697399895077556,0.08424895219538789,0.02697399895077556,0.053333333333333344,0.08030733228410891,97,123,308,972,0.4409090909090909,0.23950617283950618,0.3104,box_sphere_static_noise_medium_3,static_noise,1.0
2,0.5839726805417966,0.106,0.06709246302193855,0.08370699526247584,0.027092463021938552,0.09400000000000001,0.12109246302193857,68,91,337,1004,0.4276729559748428,0.16790123456790124,0.24113475177304966,box_sphere_static_noise_medium_3,static_noise,1.0
3,0.5911576065856737,0.096,0.0665906126314548,0.08378501918837163,0.026590612631454798,0.10400000000000001,0.1305906126314548,61,83,344,1012,0.4236111111111111,0.1506172839506173,0.22222222222222227,box_sphere_static_noise_medium_3,static_noise,1.0
4,0.5923388318485834,0.09533333333333334,0.06648173973421662,0.08368891185379534,0.026481739734216615,0.10466666666666667,0.1311484064008833,61,82,344,1013,0.42657342657342656,0.1506172839506173,0.22262773722627738,box_sphere_static_noise_medium_3,static_noise,1.0
5,0.5929689779836833,0.09466666666666666,0.06647526761341364,0.08370489514281815,0.026475267613413643,0.10533333333333335,0.13180860094674698,61,81,344,1014,0.4295774647887324,0.1506172839506173,0.22303473491773307,box_sphere_static_noise_medium_3,static_noise,1.0
6,0.5932528465438439,0.09333333333333334,0.06627746514185971,0.08411328909662169,0.02627746514185971,0.10666666666666667,0.13294413180852638,59,81,346,1014,0.42142857142857143,0.145679012345679,0.21651376146788992,box_sphere_static_noise_medium_3,static_noise,1.0
7,0.59247444349423,0.09533333333333334,0.06648173973421662,0.08368891185379534,0.026481739734216615,0.10466666666666667,0.1311484064008833,61,82,344,1013,0.42657342657342656,0.1506172839506173,0.22262773722627738,box_sphere_static_noise_medium_3,static_noise,1.0
8,0.5931045896293299,0.09333333333333334,0.06627746514185971,0.08411328909662169,0.02627746514185971,0.10666666666666667,0.13294413180852638,59,81,346,1014,0.42142857142857143,0.145679012345679,0.21651376146788992,box_sphere_static_noise_medium_3,static_noise,1.0
9,0.5923261865797159,0.09533333333333334,0.06648173973421662,0.08368891185379534,0.026481739734216615,0.10466666666666667,0.1311484064008833,61,82,344,1013,0.42657342657342656,0.1506172839506173,0.22262773722627738,box_sphere_static_noise_medium_3,static_noise,1.0
10,0.5929563327148158,0.09466666666666666,0.06647526761341364,0.08370489514281815,0.026475267613413643,0.10533333333333335,0.13180860094674698,61,81,344,1014,0.4295774647887324,0.1506172839506173,0.22303473491773307,box_sphere_static_noise_medium_3,static_noise,1.0
11,0.5932402012749765,0.09333333333333334,0.06627746514185971,0.08411328909662169,0.02627746514185971,0.10666666666666667,0.13294413180852638,59,81,346,1014,0.42142857142857143,0.145679012345679,0.21651376146788992,box_sphere_static_noise_medium_3,static_noise,1.0
12,0.5924617982253625,0.09533333333333334,0.06648173973421662,0.08368891185379534,0.026481739734216615,0.10466666666666667,0.1311484064008833,61,82,344,1013,0.42657342657342656,0.1506172839506173,0.22262773722627738,box_sphere_static_noise_medium_3,static_noise,1.0
13,0.5930919443604624,0.09333333333333334,0.06627746514185971,0.08411328909662169,0.02627746514185971,0.10666666666666667,0.13294413180852638,59,81,346,1014,0.42142857142857143,0.145679012345679,0.21651376146788992,box_sphere_static_noise_medium_3,static_noise,1.0
14,0.5923135413108485,0.09533333333333334,0.06648173973421662,0.08368891185379534,0.026481739734216615,0.10466666666666667,0.1311484064008833,61,82,344,1013,0.42657342657342656,0.1506172839506173,0.22262773722627738,box_sphere_static_noise_medium_3,static_noise,1.0
15,0.5929436874459484,0.09466666666666666,0.06647526761341364,0.08370489514281815,0.026475267613413643,0.10533333333333335,0.13180860094674698,61,81,344,1014,0.4295774647887324,0.1506172839506173,0.22303473491773307,box_sphere_static_noise_medium_3,static_noise,1.0
16,0.593227556006109,0.09333333333333334,0.06627746514185971,0.08411328909662169,0.02627746514185971,0.10666666666666667,0.13294413180852638,59,81,346,1014,0.42142857142857143,0.145679012345679,0.21651376146788992,box_sphere_static_noise_medium_3,static_noise,1.0
17,0.592449152956495,0.09533333333333334,0.06648173973421662,0.08368891185379534,0.026481739734216615,0.10466666666666667,0.1311484064008833,61,82,344,1013,0.42657342657342656,0.1506172839506173,0.22262773722627738,box_sphere_static_noise_medium_3,static_noise,1.0
18,0.593079299091595,0.094,0.066377899654393,0.08390477827348058,0.026377899654393,0.10600000000000001,0.132377899654393,60,81,345,1014,0.425531914893617,0.14814814814814814,0.21978021978021978,box_sphere_static_noise_medium_3,static_noise,1.0
19,0.592835098400381,0.09466666666666666,0.06647526761341364,0.08370489514281815,0.026475267613413643,0.10533333333333335,0.13180860094674698,61,81,344,1014,0.4295774647887324,0.1506172839506173,0.22303473491773307,box_sphere_static_noise_medium_3,static_noise,1.0
0,0.5,0.08066666666666666,0.06717585571655865,0.08458347820768271,0.02717585571655865,0.11933333333333335,0.146509189049892,50,71,314,1065,0.4132231404958678,0.13736263736263737,0.2061855670103093,box_sphere_strong_noise_hard_mixed,strong_noise,1.0
1,0.49468504476645064,0.08466666666666667,0.06659208235101462,0.0864731936555021,0.026592082351014616,0.11533333333333334,0.14192541568434797,50,77,314,1059,0.3937007874015748,0.13736263736263737,0.20366598778004075,box_sphere_strong_noise_hard_mixed,strong_noise,1.0
2,0.4902025428018132,0.09,0.0653468269189682,0.08739905820783246,0.025346826918968203,0.11000000000000001,0.1353468269189682,51,84,313,1052,0.37777777777777777,0.1401098901098901,0.20440881763527055,box_sphere_strong_noise_hard_mixed,strong_noise,1.0
3,0.4858961966397496,0.09333333333333334,0.06460533794921322,0.08751584001335178,0.02460533794921322,0.10666666666666667,0.1312720046158799,53,87,311,1049,0.37857142857142856,0.14560439560439561,0.21031746031746032,box_sphere_strong_noise_hard_mixed,strong_noise,1.0
4,0.48177353920484267,0.09866666666666667,0.06335682619387988,0.08726370685260468,0.023356826193879875,0.10133333333333334,0.12469015952721321,55,93,309,1043,0.3716216216216216,0.1510989010989011,0.21484375,box_sphere_strong_noise_hard_mixed,strong_noise,1.0
5,0.47782052492593574,0.10533333333333333,0.06348022032736868,0.08810519819963938,0.023480220327368677,0.09466666666666668,0.11814688699403536,57,101,307,1035,0.36075949367088606,0.1565934065934066,0.21839080459770113,box_sphere_strong_noise_hard_mixed,strong_noise,1.0
6,0.47744763224733977,0.10533333333333333,0.06348022032736868,0.08810519819963938,0.023480220327368677,0.09466666666666668,0.11814688699403536,57,101,307,1035,0.36075949367088606,0.1565934065934066,0.21839080459770113,box_sphere_strong_noise_hard_mixed,strong_noise,1.0
0,0.5,0.09666666666666666,0.04540710335179325,0.06785003685008062,0.005407103351793251,0.10333333333333335,0.10874043668512659,96,49,762,593,0.6620689655172414,0.11188811188811189,0.1914257228315055,box_sphere_strong_noise_medium_2,strong_noise,1.0
1,0.4591475400369198,0.15333333333333332,0.04175531065172243,0.06750180142019974,0.001755310651722429,0.04666666666666669,0.04842197731838912,157,73,701,569,0.6826086956521739,0.18298368298368298,0.28860294117647056,box_sphere_strong_noise_medium_2,strong_noise,1.0
2,0.4393248280070313,0.202,0.04066766591405185,0.06861564282150305,0.0006676659140518459,0.0,0.0006676659140518459,204,99,654,543,0.6732673267326733,0.23776223776223776,0.35142118863049093,box_sphere_strong_noise_medium_2,strong_noise,1.0
3,0.440660159835135,0.19933333333333333,0.04046904955992654,0.06857126997334484,0.0004690495599265418,0.0006666666666666765,0.0011357162265932183,201,98,657,544,0.6722408026755853,0.23426573426573427,0.3474503025064823,box_sphere_strong_noise_medium_2,strong_noise,1.0
4,0.44126492562165476,0.198,0.04032848606928405,0.0687196331851224,0.0003284860692840466,0.0020000000000000018,0.0023284860692840484,199,98,659,544,0.67003367003367,0.23193473193473194,0.3445887445887446,box_sphere_strong_noise_medium_2,strong_noise,1.0
5,0.44092189776022284,0.19866666666666666,0.04036089037381135,0.06865249384975668,0.00036089037381135253,0.001333333333333353,0.0016942237071447055,200,98,658,544,0.6711409395973155,0.2331002331002331,0.3460207612456747,box_sphere_strong_noise_medium_2,strong_noise,1.0
6,0.4409770118411789,0.19866666666666666,0.04036089037381135,0.06865249384975668,0.00036089037381135253,0.001333333333333353,0.0016942237071447055,200,98,658,544,0.6711409395973155,0.2331002331002331,0.3460207612456747,box_sphere_strong_noise_medium_2,strong_noise,1.0
0,0.5,0.08666666666666667,0.044300037361539035,0.08214631358378788,0.004300037361539034,0.11333333333333334,0.11763337069487237,65,65,488,882,0.5,0.11754068716094032,0.19033674963396777,box_sphere_strong_noise_medium_3,strong_noise,1.0
1,0.4519334080564114,0.16133333333333333,0.04202446019863023,0.08569848879380212,0.002024460198630229,0.03866666666666668,0.04069112686529691,106,136,447,811,0.4380165289256198,0.19168173598553345,0.26666666666666666,box_sphere_strong_noise_medium_3,strong_noise,1.0
2,0.4366489951203385,0.19333333333333333,0.042610479268675415,0.08631151234263734,0.002610479268675414,0.006666666666666682,0.009277145935342096,123,167,430,780,0.4241379310344828,0.2224231464737794,0.2918149466192171,box_sphere_strong_noise_medium_3,strong_noise,1.0
3,0.438536620324356,0.18666666666666668,0.04276616799250053,0.0863438260550984,0.002766167992500526,0.013333333333333336,0.016099501325833862,119,161,434,786,0.425,0.21518987341772153,0.28571428571428575,box_sphere_strong_noise_medium_3,strong_noise,1.0
4,0.43740228964269035,0.18933333333333333,0.042765801313308295,0.08642830890724126,0.0027658013133082943,0.010666666666666685,0.01343246797997498,120,164,433,783,0.4225352112676056,0.21699819168173598,0.2867383512544803,box_sphere_strong_noise_medium_3,strong_noise,1.0
5,0.4376005589359736,0.18933333333333333,0.042765801313308295,0.08642830890724126,0.0027658013133082943,0.010666666666666685,0.01343246797997498,120,164,433,783,0.4225352112676056,0.21699819168173598,0.2867383512544803,box_sphere_strong_noise_medium_3,strong_noise,1.0
0,0.5,0.328472755180353,0.0591244393679299,0.06994095109487393,0.019124439367929902,0.0,0.019124439367929902,288,140,174,701,0.6728971962616822,0.6233766233766234,0.6471910112359551,boxes_cylinder_added_outliers_hard_mixed,added_outliers,1.0
1,0.5382488787358598,0.2831926323867997,0.062370320497093776,0.06664094396813722,0.022370320497093775,0.0,0.022370320497093775,261,108,201,733,0.7073170731707317,0.564935064935065,0.628158844765343,boxes_cylinder_added_outliers_hard_mixed,added_outliers,1.0
2,0.5829895197300473,0.24405218726016883,0.06327510486901042,0.06344727481112296,0.023275104869010417,0.0,0.023275104869010417,236,82,226,759,0.7421383647798742,0.5108225108225108,0.6051282051282051,boxes_cylinder_added_outliers_hard_mixed,added_outliers,1.0
3,0.6295397294680681,0.2056792018419033,0.06401284755956903,0.06016745130744005,0.024012847559569027,0.0,0.024012847559569027,203,65,259,776,0.7574626865671642,0.4393939393939394,0.5561643835616439,boxes_cylinder_added_outliers_hard_mixed,added_outliers,1.0
4,0.6775654245872061,0.15732924021488873,0.07023249449040024,0.05653092022915164,0.03023249449040024,0.042670759785111284,0.07290325427551153,165,40,297,801,0.8048780487804879,0.35714285714285715,0.4947526236881559,boxes_cylinder_added_outliers_hard_mixed,added_outliers,1.0
5,0.716695033675451,0.10974673829623945,0.07672365753678925,0.05136946441452646,0.03672365753678925,0.09025326170376057,0.12697691924054982,123,20,339,821,0.8601398601398601,0.2662337662337662,0.4066115702479338,boxes_cylinder_added_outliers_hard_mixed,added_outliers,1.0
6,0.7450157178971492,0.07060629316960859,0.08689226362609022,0.04703250735399547,0.04689226362609022,0.12939370683039142,0.17628597045648164,81,11,381,830,0.8804347826086957,0.17532467532467533,0.29241877256317694,boxes_cylinder_added_outliers_hard_mixed,added_outliers,1.0
7,0.7741033917341339,0.04604758250191865,0.0914482071720171,0.04391090151945646,0.0514482071720171,0.15395241749808136,0.20540062467009845,53,7,409,834,0.8833333333333333,0.11471861471861472,0.20306513409961685,boxes_cylinder_added_outliers_hard_mixed,added_outliers,1.0
8,0.8000235973291274,0.02762854950115119,0.09623221653074765,0.03815691264945288,0.05623221653074765,0.17237145049884883,0.22860366702959647,34,2,428,839,0.9444444444444444,0.0735930735930736,0.13654618473895583,boxes_cylinder_added_outliers_hard_mixed,added_outliers,1.0
9,0.8263023051411983,0.012279355333844973,0.09869745109986854,0.034873891338075905,0.058697451099868535,0.18772064466615504,0.24641809576602358,16,0,446,841,1.0,0.03463203463203463,0.06694560669456068,boxes_cylinder_added_outliers_hard_mixed,added_outliers,1.0
10,0.8498368850078578,0.004604758250191865,0.11425119623934143,0.03823845221359443,0.07425119623934143,0.19539524174980816,0.26964643798914956,6,0,456,841,1.0,0.012987012987012988,0.025641025641025647,boxes_cylinder_added_outliers_hard_mixed,added_outliers,1.0
11,0.9006416566116366,0.0,0.07447023214909675,0.12851447536421123,0.034470232149096745,0.2,0.23447023214909676,0,0,462,841,0.0,0.0,0.0,boxes_cylinder_added_outliers_hard_mixed,added_outliers,1.0
12,0.8695821209098301,0.0,0.07447023214909675,0.12851447536421123,0.034470232149096745,0.2,0.23447023214909676,0,0,462,841,0.0,0.0,0.0,boxes_cylinder_added_outliers_hard_mixed,added_outliers,1.0
0,0.5,0.4792156862745098,0.03088904821779578,0.0455143080455005,0.0,0.0,0.0,529,82,391,273,0.8657937806873978,0.575,0.6910516002612672,boxes_cylinder_added_outliers_medium_2,added_outliers,1.0
1,0.5,0.4792156862745098,0.03088904821779578,0.0455143080455005,0.0,0.0,0.0,529,82,391,273,0.8657937806873978,0.575,0.6910516002612672,boxes_cylinder_added_outliers_medium_2,added_outliers,1.0
0,0.5,0.3682170542635659,0.04181594612168766,0.06498619342955253,0.0018159461216876588,0.0,0.0018159461216876588,313,162,270,545,0.6589473684210526,0.5368782161234992,0.5916824196597353,boxes_cylinder_added_outliers_medium_3,added_outliers,1.0
1,0.5036318922433753,0.35968992248062015,0.041823063947583665,0.06468859432022685,0.001823063947583664,0.0,0.001823063947583664,308,156,275,551,0.6637931034482759,0.5283018867924528,0.5883476599808978,boxes_cylinder_added_outliers_medium_3,added_outliers,1.0
0,0.5,0.188,0.08494030284745956,0.11620534302385671,0.044940302847459555,0.01200000000000001,0.056940302847459566,66,216,85,1133,0.23404255319148937,0.4370860927152318,0.30484988452655887,boxes_cylinder_partial_overlap_hard_mixed,partial_overlap,1.0
1,0.5838806056949191,0.09733333333333333,0.0873651594343669,0.1124885503749244,0.0473651594343669,0.10266666666666668,0.15003182610103358,39,107,112,1242,0.2671232876712329,0.2582781456953642,0.26262626262626265,boxes_cylinder_partial_overlap_hard_mixed,partial_overlap,1.0
2,0.6272775912303196,0.062,0.09126637584812128,0.10847711698178553,0.05126637584812128,0.138,0.18926637584812128,26,67,125,1282,0.27956989247311825,0.17218543046357615,0.21311475409836061,boxes_cylinder_partial_overlap_hard_mixed,partial_overlap,1.0
3,0.6608103429265622,0.048,0.09493447824154919,0.10309580604792391,0.054934478241549185,0.15200000000000002,0.2069344782415492,24,48,127,1301,0.3333333333333333,0.15894039735099338,0.21524663677130046,boxes_cylinder_partial_overlap_hard_mixed,partial_overlap,1.0
4,0.6946792994096606,0.028666666666666667,0.09852994969984338,0.09586523807957432,0.05852994969984338,0.17133333333333334,0.2298632830331767,18,25,133,1324,0.4186046511627907,0.11920529801324503,0.18556701030927836,boxes_cylinder_partial_overlap_hard_mixed,partial_overlap,1.0
5,0.7260725321426806,0.016,0.1094392001583137,0.07490493857879454,0.0694392001583137,0.184,0.25343920015831367,16,8,135,1341,0.6666666666666666,0.10596026490066225,0.18285714285714286,boxes_cylinder_partial_overlap_hard_mixed,partial_overlap,1.0
6,0.772950932459308,0.01,0.1266947187009193,0.05677275901943671,0.0866947187009193,0.19,0.27669471870091933,12,3,139,1346,0.8,0.07947019867549669,0.14457831325301204,boxes_cylinder_partial_overlap_hard_mixed,partial_overlap,1.0
7,0.8513403698611466,0.002,0.1394195905956831,0.03274868495669617,0.09941959059568309,0.198,0.2974195905956831,3,0,148,1349,1.0,0.019867549668874173,0.03896103896103896,boxes_cylinder_partial_overlap_hard_mixed,partial_overlap,1.0
8,0.95,0.0,0.06287582517316165,0.13901577972332085,0.022875825173161647,0.2,0.22287582517316165,0,0,151,1349,0.0,0.0,0.0,boxes_cylinder_partial_overlap_hard_mixed,partial_overlap,1.0
9,0.8957516503463232,0.0,0.06287582517316165,0.13901577972332085,0.022875825173161647,0.2,0.22287582517316165,0,0,151,1349,0.0,0.0,0.0,boxes_cylinder_partial_overlap_hard_mixed,partial_overlap,1.0
0,0.5,0.316,0.06579120782106966,0.07679638509133503,0.02579120782106966,0.0,0.02579120782106966,245,229,164,862,0.5168776371308017,0.5990220048899756,0.5549263873159684,boxes_cylinder_partial_overlap_medium_2,partial_overlap,1.0
1,0.5515824156421393,0.244,0.06779211932857289,0.0727566645366948,0.027792119328572888,0.0,0.027792119328572888,206,160,203,931,0.5628415300546448,0.5036674816625917,0.5316129032258065,boxes_cylinder_partial_overlap_medium_2,partial_overlap,1.0
2,0.6071666542992851,0.18933333333333333,0.06795552310782495,0.06993615760919367,0.027955523107824946,0.010666666666666685,0.03862218977449163,165,119,244,972,0.5809859154929577,0.4034229828850856,0.4761904761904762,boxes_cylinder_partial_overlap_medium_2,partial_overlap,1.0
3,0.6577443671816017,0.13733333333333334,0.06890219462771205,0.06439009680519989,0.028902194627712048,0.06266666666666668,0.09156886129437872,133,73,276,1018,0.6456310679611651,0.3251833740831296,0.43252032520325207,boxes_cylinder_partial_overlap_medium_2,partial_overlap,1.0
4,0.6842154231036924,0.11133333333333334,0.07163350871899661,0.06197093002296333,0.03163350871899661,0.08866666666666667,0.12030017538566329,111,56,298,1035,0.6646706586826348,0.2713936430317848,0.3854166666666667,boxes_cylinder_partial_overlap_medium_2,partial_overlap,1.0
5,0.7031491072083523,0.09866666666666667,0.07335758357800774,0.05872685480467656,0.03335758357800774,0.10133333333333334,0.13469091691134108,103,45,306,1046,0.6959459459459459,0.25183374083129584,0.36983842010771995,boxes_cylinder_partial_overlap_medium_2,partial_overlap,1.0
6,0.7191976076977011,0.08,0.07653029188798974,0.0538053162643562,0.03653029188798974,0.12000000000000001,0.15653029188798975,91,29,318,1062,0.7583333333333333,0.22249388753056235,0.3440453686200378,boxes_cylinder_partial_overlap_medium_2,partial_overlap,1.0
7,0.7322581914736807,0.068,0.077199248470553,0.053168497812880196,0.037199248470553,0.132,0.169199248470553,80,22,329,1069,0.7843137254901961,0.19559902200489,0.31311154598825836,boxes_cylinder_partial_overlap_medium_2,partial_overlap,1.0
8,0.7406566884147866,0.05733333333333333,0.07989998001132594,0.05098425421816759,0.039899980011325935,0.14266666666666666,0.1825666466779926,69,17,340,1074,0.8023255813953488,0.1687041564792176,0.27878787878787875,boxes_cylinder_partial_overlap_medium_2,partial_overlap,1.0
9,0.7491233151041051,0.051333333333333335,0.08217567669380739,0.04888858968075435,0.04217567669380739,0.14866666666666667,0.19084234336047406,63,14,346,1077,0.8181818181818182,0.15403422982885084,0.25925925925925924,boxes_cylinder_partial_overlap_medium_2,partial_overlap,1.0
10,0.7591413351583866,0.04,0.08496115302887873,0.04743186724352731,0.04496115302887873,0.16,0.20496115302887874,50,10,359,1081,0.8333333333333334,0.12224938875305623,0.21321961620469082,boxes_cylinder_partial_overlap_medium_2,partial_overlap,1.0
11,0.769063641216144,0.03266666666666666,0.0856174589009117,0.046803040497304424,0.0456174589009117,0.16733333333333333,0.21295079223424504,40,9,369,1082,0.8163265306122449,0.097799511002445,0.17467248908296945,boxes_cylinder_partial_overlap_medium_2,partial_overlap,1.0
12,0.7766318923513007,0.029333333333333333,0.08980757528502464,0.04338010989213173,0.04980757528502464,0.1706666666666667,0.22047424195169132,37,7,372,1084,0.8409090909090909,0.09046454767726161,0.16335540838852097,boxes_cylinder_partial_overlap_medium_2,partial_overlap,1.0
13,0.7909137095880167,0.021333333333333333,0.09127680718758616,0.04231010596313914,0.051276807187586156,0.17866666666666667,0.22994347385425282,27,5,382,1086,0.84375,0.06601466992665037,0.12244897959183673,boxes_cylinder_partial_overlap_medium_2,partial_overlap,1.0
14,0.8041339906298557,0.014666666666666666,0.0892605816463778,0.03959439271604177,0.0492605816463778,0.18533333333333335,0.23459391497971116,19,3,390,1088,0.8636363636363636,0.04645476772616137,0.08816705336426912,boxes_cylinder_partial_overlap_medium_2,partial_overlap,1.0
15,0.8099884872559446,0.01,0.09215978522591849,0.03906302616226513,0.052159785225918485,0.19,0.2421597852259185,13,2,396,1089,0.8666666666666667,0.03178484107579462,0.06132075471698114,boxes_cylinder_partial_overlap_medium_2,partial_overlap,1.0
16,0.8193080577077816,0.009333333333333334,0.09126007435813446,0.037515699396571546,0.05126007435813446,0.19066666666666668,0.24192674102480113,12,2,397,1089,0.8571428571428571,0.029339853300733496,0.05673758865248227,boxes_cylinder_partial_overlap_medium_2,partial_overlap,1.0
17,0.8264948730907171,0.006,0.08840116085507405,0.03695616650386091,0.048401160855074045,0.194,0.24240116085507404,8,1,401,1090,0.8888888888888888,0.019559902200488997,0.03827751196172249,boxes_cylinder_partial_overlap_medium_2,partial_overlap,1.0
18,0.8262971948008652,0.006,0.08840116085507405,0.03695616650386091,0.048401160855074045,0.194,0.24240116085507404,8,1,401,1090,0.8888888888888888,0.019559902200488997,0.03827751196172249,boxes_cylinder_partial_overlap_medium_2,partial_overlap,1.0
0,0.5,0.44666666666666666,0.03606104671052348,0.05336290580842016,0.0,0.0,0.0,574,96,418,412,0.8567164179104477,0.5786290322580645,0.690734055354994,boxes_cylinder_partial_overlap_medium_3,partial_overlap,1.0
1,0.5,0.44666666666666666,0.03606104671052348,0.05336290580842016,0.0,0.0,0.0,574,96,418,412,0.8567164179104477,0.5786290322580645,0.690734055354994,boxes_cylinder_partial_overlap_medium_3,partial_overlap,1.0
0,0.5,0.2929014472777395,0.04539212029986732,0.06619519576255674,0.005392120299867319,0.0,0.005392120299867319,303,122,323,703,0.7129411764705882,0.4840255591054313,0.576593720266413,boxes_cylinder_scene_change_hard_mixed,scene_change,1.0
1,0.5107842405997346,0.2742935906271537,0.04549535772686658,0.06539522017893641,0.00549535772686658,0.0,0.00549535772686658,288,110,338,715,0.7236180904522613,0.46006389776357826,0.5625,boxes_cylinder_scene_change_hard_mixed,scene_change,1.0
2,0.5217749560534678,0.2556857339765679,0.045325812538190506,0.06436766104050975,0.005325812538190505,0.0,0.005325812538190505,273,98,353,727,0.7358490566037735,0.43610223642172524,0.5476429287863591,boxes_cylinder_scene_change_hard_mixed,scene_change,1.0
3,0.5324265811298488,0.2370778773259821,0.04483023086045174,0.06399028160031048,0.0048302308604517424,0.0,0.0048302308604517424,257,87,369,738,0.747093023255814,0.41054313099041534,0.529896907216495,boxes_cylinder_scene_change_hard_mixed,scene_change,1.0
4,0.5420870428507523,0.22260509993108202,0.04455201104061919,0.06370305233601566,0.00455201104061919,0.0,0.00455201104061919,242,81,384,744,0.7492260061919505,0.3865814696485623,0.5100105374077977,boxes_cylinder_scene_change_hard_mixed,scene_change,1.0
5,0.5511910649319907,0.20813232253618194,0.04468536773653799,0.06310687551532679,0.004685367736537986,0.0,0.004685367736537986,226,76,400,749,0.7483443708609272,0.3610223642172524,0.4870689655172414,boxes_cylinder_scene_change_hard_mixed,scene_change,1.0
6,0.5605618004050666,0.19848380427291523,0.04475118496104023,0.062335928754799416,0.004751184961040232,0.0015161957270847792,0.006267380688125011,219,69,407,756,0.7604166666666666,0.3498402555910543,0.47921225382932164,boxes_cylinder_scene_change_hard_mixed,scene_change,1.0
7,0.5693060724636048,0.18332184700206755,0.04503965980111739,0.061597459143885744,0.00503965980111739,0.01667815299793246,0.02171781279904985,206,60,420,765,0.7744360902255639,0.329073482428115,0.4618834080717488,boxes_cylinder_scene_change_hard_mixed,scene_change,1.0
8,0.5710463155668734,0.18125430737422468,0.0451941191284097,0.061468682473192926,0.005194119128409697,0.01874569262577533,0.023939811754185025,204,59,422,766,0.7756653992395437,0.3258785942492013,0.45894263217097864,boxes_cylinder_scene_change_hard_mixed,scene_change,1.0
9,0.5720617075108051,0.17918676774638181,0.044872341082768996,0.061381652349452545,0.004872341082768995,0.020813232253618197,0.025685573336387192,202,58,424,767,0.7769230769230769,0.3226837060702875,0.455981941309255,boxes_cylinder_scene_change_hard_mixed,scene_change,1.0
10,0.571399773549534,0.17987594762232942,0.044800048740825604,0.06134029358613603,0.0048000487408256035,0.020124052377670593,0.024924101118496196,203,58,423,767,0.7777777777777778,0.3242811501597444,0.45772266065388956,boxes_cylinder_scene_change_hard_mixed,scene_change,1.0
11,0.5709378448423499,0.18125430737422468,0.0451941191284097,0.061468682473192926,0.005194119128409697,0.01874569262577533,0.023939811754185025,204,59,422,766,0.7756653992395437,0.3258785942492013,0.45894263217097864,boxes_cylinder_scene_change_hard_mixed,scene_change,1.0
12,0.5719532367862816,0.17987594762232942,0.044800048740825604,0.06134029358613603,0.0048000487408256035,0.020124052377670593,0.024924101118496196,203,58,423,767,0.7777777777777778,0.3242811501597444,0.45772266065388956,boxes_cylinder_scene_change_hard_mixed,scene_change,1.0
13,0.5714913080790975,0.17987594762232942,0.044800048740825604,0.06134029358613603,0.0048000487408256035,0.020124052377670593,0.024924101118496196,203,58,423,767,0.7777777777777778,0.3242811501597444,0.45772266065388956,boxes_cylinder_scene_change_hard_mixed,scene_change,1.0
0,0.5,0.2980364656381487,0.05360037265390008,0.065167699001513,0.01360037265390008,0.0,0.01360037265390008,273,152,259,742,0.6423529411764706,0.5131578947368421,0.5705329153605015,boxes_cylinder_scene_change_medium_2,scene_change,1.0
1,0.5272007453078001,0.26718092566619916,0.054974026118295986,0.06400529630379798,0.014974026118295986,0.0,0.014974026118295986,246,135,286,759,0.6456692913385826,0.462406015037594,0.538882803943045,boxes_cylinder_scene_change_medium_2,scene_change,1.0
2,0.5571487975443921,0.23071528751753156,0.05637001712223781,0.062119428800310454,0.01637001712223781,0.0,0.01637001712223781,221,108,311,786,0.6717325227963525,0.41541353383458646,0.5133565621370499,boxes_cylinder_scene_change_medium_2,scene_change,1.0
3,0.5898888317888676,0.1935483870967742,0.05758842080325997,0.06076056253351447,0.017588420803259966,0.006451612903225823,0.02404003370648579,189,87,343,807,0.6847826086956522,0.35526315789473684,0.4678217821782178,boxes_cylinder_scene_change_medium_2,scene_change,1.0
4,0.6218398669437747,0.1640953716690042,0.05877990060458487,0.05875665071082776,0.01877990060458487,0.03590462833099581,0.05468452893558068,163,71,369,823,0.6965811965811965,0.30639097744360905,0.4255874673629243,boxes_cylinder_scene_change_medium_2,scene_change,1.0
5,0.6414473539874466,0.14656381486676018,0.05875391980480862,0.057525141344096656,0.018753919804808616,0.05343618513323983,0.07219010493804845,150,59,382,835,0.7177033492822966,0.2819548872180451,0.40485829959514175,boxes_cylinder_scene_change_medium_2,scene_change,1.0
6,0.6522371010304439,0.13253856942496495,0.05991811227743058,0.05564503615986886,0.01991811227743058,0.06746143057503506,0.08737954285246564,140,49,392,845,0.7407407407407407,0.2631578947368421,0.3883495145631068,boxes_cylinder_scene_change_medium_2,scene_change,1.0
7,0.6583426102977875,0.12692847124824685,0.05989719346320164,0.055597791444704614,0.019897193463201637,0.07307152875175316,0.0929687222149548,134,47,398,847,0.7403314917127072,0.2518796992481203,0.3758765778401122,boxes_cylinder_scene_change_medium_2,scene_change,1.0
8,0.6616012328483142,0.12342215988779803,0.06025302174699705,0.05467734470768291,0.02025302174699705,0.07657784011220198,0.09683086185919904,132,44,400,850,0.75,0.24812030075187969,0.37288135593220334,boxes_cylinder_scene_change_medium_2,scene_change,1.0
9,0.6638183562862073,0.1185133239831697,0.06081007299527846,0.054905304187425376,0.020810072995278456,0.08148667601683031,0.10229674901210876,126,43,406,851,0.7455621301775148,0.23684210526315788,0.3594864479315264,boxes_cylinder_scene_change_medium_2,scene_change,1.0
10,0.6646951642683491,0.11781206171107994,0.06070245414004362,0.05486267522427654,0.020702454140043618,0.08218793828892007,0.1028903924289637,125,43,407,851,0.7440476190476191,0.2349624060150376,0.35714285714285715,boxes_cylinder_scene_change_medium_2,scene_change,1.0
11,0.6650061034039763,0.11781206171107994,0.06070245414004362,0.05486267522427654,0.020702454140043618,0.08218793828892007,0.1028903924289637,125,43,407,851,0.7440476190476191,0.2349624060150376,0.35714285714285715,boxes_cylinder_scene_change_medium_2,scene_change,1.0
0,0.5,0.46787709497206703,0.024113540462280005,0.04116364609149197,0.0,0.0,0.0,614,56,492,270,0.9164179104477612,0.5551537070524413,0.6914414414414415,boxes_cylinder_scene_change_medium_3,scene_change,1.0
1,0.5,0.46787709497206703,0.024113540462280005,0.04116364609149197,0.0,0.0,0.0,614,56,492,270,0.9164179104477612,0.5551537070524413,0.6914414414414415,boxes_cylinder_scene_change_medium_3,scene_change,1.0
0,0.5,0.414,0.046967980914869534,0.0693356129360616,0.006967980914869533,0.0,0.006967980914869533,379,242,273,606,0.6103059581320451,0.5812883435582822,0.5954438334642577,boxes_cylinder_static_noise_hard_mixed,static_noise,1.0
1,0.5139359618297391,0.38866666666666666,0.04741467181747475,0.06849669768173777,0.007414671817474752,0.0,0.007414671817474752,364,219,288,629,0.6243567753001715,0.558282208588957,0.5894736842105263,boxes_cylinder_static_noise_hard_mixed,static_noise,1.0
2,0.5287653054646886,0.36533333333333334,0.04791949364940611,0.06777918390286376,0.007919493649406112,0.0,0.007919493649406112,352,196,300,652,0.6423357664233577,0.5398773006134969,0.5866666666666666,boxes_cylinder_static_noise_hard_mixed,static_noise,1.0
3,0.5446042927635009,0.3373333333333333,0.04771493349683512,0.0667752297967211,0.007714933496835122,0.0,0.007714933496835122,330,176,322,672,0.6521739130434783,0.5061349693251533,0.5699481865284974,boxes_cylinder_static_noise_hard_mixed,static_noise,1.0
4,0.5600341597571711,0.3253333333333333,0.04778852368162485,0.0664573681264314,0.007788523681624852,0.0,0.007788523681624852,319,169,333,679,0.6536885245901639,0.4892638036809816,0.5596491228070175,boxes_cylinder_static_noise_hard_mixed,static_noise,1.0
0,0.5,0.39,0.04938230378597167,0.0760999073720285,0.009382303785971671,0.0,0.009382303785971671,327,258,210,705,0.558974358974359,0.6089385474860335,0.5828877005347594,boxes_cylinder_static_noise_medium_2,static_noise,1.0
1,0.5187646075719433,0.362,0.04960660197319715,0.07551597481846717,0.009606601973197147,0.0,0.009606601973197147,307,236,230,727,0.565377532228361,0.5716945996275605,0.5685185185185185,boxes_cylinder_static_noise_medium_2,static_noise,1.0
2,0.5379778115183376,0.3273333333333333,0.05047195665715888,0.07468017142246829,0.01047195665715888,0.0,0.01047195665715888,285,206,252,757,0.5804480651731161,0.5307262569832403,0.5544747081712063,boxes_cylinder_static_noise_medium_2,static_noise,1.0
3,0.5589217248326553,0.2886666666666667,0.05063223802032983,0.07367709675793244,0.01063223802032983,0.0,0.01063223802032983,258,175,279,788,0.5958429561200924,0.48044692737430167,0.5319587628865979,boxes_cylinder_static_noise_medium_2,static_noise,1.0
4,0.580186200873315,0.254,0.05115814297492815,0.07247513632742636,0.011158142974928148,0.0,0.011158142974928148,234,147,303,816,0.6141732283464567,0.43575418994413406,0.5098039215686274,boxes_cylinder_static_noise_medium_2,static_noise,1.0
5,0.6025024868231712,0.22333333333333333,0.05162845563612455,0.07203599768735429,0.011628455636124552,0.0,0.011628455636124552,209,126,328,837,0.6238805970149254,0.3891992551210428,0.4793577981651375,boxes_cylinder_static_noise_medium_2,static_noise,1.0
6,0.6257593980954204,0.19533333333333333,0.05312527155882083,0.07013734720906377,0.01312527155882083,0.00466666666666668,0.01779193822548751,192,101,345,862,0.6552901023890785,0.3575418994413408,0.4626506024096385,boxes_cylinder_static_noise_medium_2,static_noise,1.0
7,0.6496766078797287,0.15866666666666668,0.05429219047964539,0.06862017321465193,0.01429219047964539,0.04133333333333333,0.05562552381297872,157,81,380,882,0.6596638655462185,0.29236499068901306,0.4051612903225807,boxes_cylinder_static_noise_medium_2,static_noise,1.0
8,0.6575943221723528,0.15066666666666667,0.054143113171287095,0.06875092633155093,0.014143113171287094,0.04933333333333334,0.06347644650462043,147,79,390,884,0.6504424778761062,0.2737430167597765,0.38532110091743116,boxes_cylinder_static_noise_medium_2,static_noise,1.0
9,0.6612138818482604,0.14333333333333334,0.05433189231115844,0.068054424695685,0.014331892311158438,0.05666666666666667,0.07099855897782512,142,73,395,890,0.6604651162790698,0.2644320297951583,0.3776595744680851,boxes_cylinder_static_noise_medium_2,static_noise,1.0
10,0.6615443331372439,0.14333333333333334,0.05433189231115844,0.068054424695685,0.014331892311158438,0.05666666666666667,0.07099855897782512,142,73,395,890,0.6604651162790698,0.2644320297951583,0.3776595744680851,boxes_cylinder_static_noise_medium_2,static_noise,1.0
0,0.5,0.4013333333333333,0.049621784734043405,0.07565921239846025,0.009621784734043404,0.0,0.009621784734043404,339,263,200,698,0.5631229235880398,0.6289424860853432,0.5942156003505696,boxes_cylinder_static_noise_medium_3,static_noise,1.0
1,0.5192435694680868,0.37666666666666665,0.04937754493164062,0.07488490850759492,0.00937754493164062,0.0,0.00937754493164062,323,242,216,719,0.5716814159292035,0.5992578849721707,0.5851449275362319,boxes_cylinder_static_noise_medium_3,static_noise,1.0
2,0.537998659331368,0.34933333333333333,0.0492460551960056,0.07425481631421345,0.009246055196005597,0.0,0.009246055196005597,302,222,237,739,0.5763358778625954,0.5602968460111317,0.5682031984948259,boxes_cylinder_static_noise_medium_3,static_noise,1.0
3,0.5564907697233792,0.32466666666666666,0.049295793690373825,0.07361664890925677,0.009295793690373824,0.0,0.009295793690373824,284,203,255,758,0.5831622176591376,0.5269016697588126,0.5536062378167642,boxes_cylinder_static_noise_medium_3,static_noise,1.0
0,0.5,0.142,0.07618254222481048,0.10159408133121327,0.03618254222481048,0.058000000000000024,0.09418254222481051,60,153,138,1149,0.28169014084507044,0.30303030303030304,0.29197080291970806,boxes_cylinder_strong_noise_hard_mixed,strong_noise,1.0
1,0.543365084449621,0.09666666666666666,0.07805925928658809,0.10015534723082503,0.03805925928658809,0.10333333333333335,0.14139259261992143,40,105,158,1197,0.27586206896551724,0.20202020202020202,0.23323615160349856,boxes_cylinder_strong_noise_hard_mixed,strong_noise,1.0
2,0.5678169363561305,0.082,0.07854794390893968,0.09973042837122473,0.03854794390893968,0.11800000000000001,0.1565479439089397,33,90,165,1212,0.2682926829268293,0.16666666666666666,0.20560747663551404,boxes_cylinder_strong_noise_hard_mixed,strong_noise,1.0
3,0.5859128241740099,0.074,0.07951557074282466,0.10016577794819914,0.039515570742824656,0.126,0.16551557074282466,29,82,169,1220,0.26126126126126126,0.14646464646464646,0.1877022653721683,boxes_cylinder_strong_noise_hard_mixed,strong_noise,1.0
4,0.6019439656596592,0.06733333333333333,0.07942292338535699,0.09921564047118715,0.03942292338535699,0.13266666666666668,0.17208959005202368,27,74,171,1228,0.26732673267326734,0.13636363636363635,0.18060200668896323,boxes_cylinder_strong_noise_hard_mixed,strong_noise,1.0
5,0.6144564790970399,0.059333333333333335,0.08091181433005945,0.09939417739838884,0.04091181433005945,0.14066666666666666,0.1815784809967261,23,66,175,1236,0.25842696629213485,0.11616161616161616,0.1602787456445993,boxes_cylinder_strong_noise_hard_mixed,strong_noise,1.0
6,0.6259467744238255,0.056666666666666664,0.0827345454855063,0.09819899586233324,0.042734545485506294,0.14333333333333334,0.18606787881883963,23,62,175,1240,0.27058823529411763,0.11616161616161616,0.1625441696113074,boxes_cylinder_strong_noise_hard_mixed,strong_noise,1.0
7,0.6397491987281714,0.048,0.0857509730710832,0.1001085725745495,0.0457509730710832,0.15200000000000002,0.19775097307108322,18,54,180,1248,0.25,0.09090909090909091,0.13333333333333333,boxes_cylinder_strong_noise_hard_mixed,strong_noise,1.0
8,0.6552511448703378,0.044,0.08593466422675504,0.10089486195103586,0.04593466422675504,0.15600000000000003,0.20193466422675507,16,50,182,1252,0.24242424242424243,0.08080808080808081,0.12121212121212122,boxes_cylinder_strong_noise_hard_mixed,strong_noise,1.0
9,0.6691204733238478,0.04,0.08652541992393352,0.10035237483981621,0.04652541992393352,0.16,0.20652541992393353,13,47,185,1255,0.21666666666666667,0.06565656565656566,0.10077519379844964,boxes_cylinder_strong_noise_hard_mixed,strong_noise,1.0
10,0.6821713131717149,0.037333333333333336,0.08773384646257786,0.09895612020583436,0.047733846462577854,0.16266666666666668,0.21040051312924454,13,43,185,1259,0.23214285714285715,0.06565656565656566,0.10236220472440945,boxes_cylinder_strong_noise_hard_mixed,strong_noise,1.0
11,0.6963056727635373,0.030666666666666665,0.0882148633402044,0.09900822132821277,0.048214863340204396,0.16933333333333334,0.21754819667353772,11,35,187,1267,0.2391304347826087,0.05555555555555555,0.09016393442622951,boxes_cylinder_strong_noise_hard_mixed,strong_noise,1.0
12,0.7080687327772794,0.028,0.0884747217756228,0.09759696017326182,0.048474721775622794,0.17200000000000001,0.2204747217756228,10,32,188,1270,0.23809523809523808,0.050505050505050504,0.08333333333333333,boxes_cylinder_strong_noise_hard_mixed,strong_noise,1.0
13,0.719018176328525,0.023333333333333334,0.09029067401108552,0.09330007759464362,0.05029067401108552,0.17666666666666667,0.2269573406777522,9,26,189,1276,0.2571428571428571,0.045454545454545456,0.07725321888412016,boxes_cylinder_strong_noise_hard_mixed,strong_noise,1.0
14,0.7312661910173628,0.019333333333333334,0.09201149931830392,0.09423144118900037,0.05201149931830392,0.18066666666666667,0.2326781659849706,7,22,191,1280,0.2413793103448276,0.03535353535353535,0.06167400881057269,boxes_cylinder_strong_noise_hard_mixed,strong_noise,1.0
15,0.7449558563206373,0.014666666666666666,0.0903111536186153,0.09693588001347381,0.0503111536186153,0.18533333333333335,0.23564448695194865,4,18,194,1284,0.18181818181818182,0.020202020202020204,0.03636363636363637,boxes_cylinder_strong_noise_hard_mixed,strong_noise,1.0
16,0.7529114968912013,0.013333333333333334,0.091782666397804,0.09279714984876909,0.051782666397803996,0.18666666666666668,0.23844933306447066,4,16,194,1286,0.2,0.020202020202020204,0.03669724770642203,boxes_cylinder_strong_noise_hard_mixed,strong_noise,1.0
17,0.763143496353476,0.009333333333333334,0.08827088445454719,0.08947974994583416,0.048270884454547185,0.19066666666666668,0.23893755112121387,4,10,194,1292,0.2857142857142857,0.020202020202020204,0.03773584905660377,boxes_cylinder_strong_noise_hard_mixed,strong_noise,1.0
18,0.764351931929237,0.009333333333333334,0.08827088445454719,0.08947974994583416,0.048270884454547185,0.19066666666666668,0.23893755112121387,4,10,194,1292,0.2857142857142857,0.020202020202020204,0.03773584905660377,boxes_cylinder_strong_noise_hard_mixed,strong_noise,1.0
0,0.5,0.17333333333333334,0.05194794944671326,0.08276431195538274,0.011947949446713256,0.026666666666666672,0.03861461611337993,116,144,320,920,0.4461538461538462,0.26605504587155965,0.3333333333333333,boxes_cylinder_strong_noise_medium_2,strong_noise,1.0
1,0.5105625655600932,0.15933333333333333,0.05185697230144886,0.08240948689293608,0.01185697230144886,0.040666666666666684,0.052523638968115544,109,130,327,934,0.4560669456066946,0.25,0.32296296296296295,boxes_cylinder_strong_noise_medium_2,strong_noise,1.0
2,0.5139431768296575,0.15466666666666667,0.051709788447048585,0.08229521309358581,0.011709788447048584,0.04533333333333334,0.05704312178038192,106,126,330,938,0.45689655172413796,0.24311926605504589,0.31736526946107785,boxes_cylinder_strong_noise_medium_2,strong_noise,1.0
3,0.514696087057088,0.15466666666666667,0.051709788447048585,0.08229521309358581,0.011709788447048584,0.04533333333333334,0.05704312178038192,106,126,330,938,0.45689655172413796,0.24311926605504589,0.31736526946107785,boxes_cylinder_strong_noise_medium_2,strong_noise,1.0
0,0.5,0.14133333333333334,0.07954207757103963,0.0974294737982193,0.039542077571039634,0.05866666666666667,0.09820874423770631,73,139,152,1136,0.3443396226415094,0.3244444444444444,0.3340961098398169,boxes_cylinder_strong_noise_medium_3,strong_noise,1.0
1,0.5497508218087459,0.07666666666666666,0.0764512003963815,0.0908928172095911,0.03645120039638149,0.12333333333333335,0.15978453372971485,49,66,176,1209,0.4260869565217391,0.21777777777777776,0.2882352941176471,boxes_cylinder_strong_noise_medium_3,strong_noise,1.0
2,0.5609865559348423,0.07066666666666667,0.07707592091612547,0.08905923535384601,0.03707592091612547,0.12933333333333336,0.16640925424945882,48,58,177,1217,0.4528301886792453,0.21333333333333335,0.29003021148036257,boxes_cylinder_strong_noise_medium_3,strong_noise,1.0
3,0.5704717311004265,0.066,0.07758279110929879,0.0881642752455457,0.03758279110929879,0.134,0.1715827911092988,48,51,177,1224,0.48484848484848486,0.21333333333333335,0.29629629629629634,boxes_cylinder_strong_noise_medium_3,strong_noise,1.0
4,0.578637313319024,0.06266666666666666,0.07741362645092985,0.08835827233615287,0.03741362645092985,0.13733333333333336,0.17474695978426322,45,49,180,1226,0.4787234042553192,0.2,0.2821316614420063,boxes_cylinder_strong_noise_medium_3,strong_noise,1.0
5,0.584797899554217,0.05733333333333333,0.07746734164373663,0.08861196200213337,0.03746734164373663,0.14266666666666666,0.1801340083104033,41,45,184,1230,0.47674418604651164,0.18222222222222223,0.26366559485530544,boxes_cylinder_strong_noise_medium_3,strong_noise,1.0
6,0.588399249508357,0.054,0.07730347301966288,0.08675035187167847,0.03730347301966288,0.14600000000000002,0.1833034730196629,41,40,184,1235,0.5061728395061729,0.18222222222222223,0.2679738562091503,boxes_cylinder_strong_noise_medium_3,strong_noise,1.0
7,0.5900061955476827,0.054,0.07730347301966288,0.08675035187167847,0.03730347301966288,0.14600000000000002,0.1833034730196629,41,40,184,1235,0.5061728395061729,0.18222222222222223,0.2679738562091503,boxes_cylinder_strong_noise_medium_3,strong_noise,1.0
0,0.5,0.20622568093385213,0.07774392595067851,0.1044606576533437,0.03774392595067851,0.0,0.03774392595067851,54,211,82,938,0.2037735849056604,0.39705882352941174,0.26932668329177056,l_shape_added_outliers_hard_mixed,added_outliers,1.0
1,0.575487851901357,0.12996108949416343,0.0820143498700988,0.09954220973396971,0.0420143498700988,0.07003891050583658,0.11205326037593538,43,124,93,1025,0.25748502994011974,0.3161764705882353,0.2838283828382838,l_shape_added_outliers_hard_mixed,added_outliers,1.0
2,0.6244970963886363,0.08560311284046693,0.08676453467881026,0.09869168172819028,0.04676453467881026,0.11439688715953308,0.16116142183834334,29,81,107,1068,0.2636363636363636,0.21323529411764705,0.23577235772357721,l_shape_added_outliers_hard_mixed,added_outliers,1.0
3,0.6608277221664902,0.05992217898832685,0.08844189640726063,0.09855151314220979,0.04844189640726063,0.14007782101167315,0.18851971741893378,20,57,116,1092,0.2597402597402597,0.14705882352941177,0.18779342723004694,l_shape_added_outliers_hard_mixed,added_outliers,1.0
4,0.6876726044751749,0.0443579766536965,0.08861482942378829,0.09571872390047469,0.04861482942378829,0.1556420233463035,0.20425685277009178,16,41,120,1108,0.2807017543859649,0.11764705882352941,0.16580310880829013,l_shape_added_outliers_hard_mixed,added_outliers,1.0
5,0.7070812516495997,0.036575875486381325,0.0897396339895311,0.09611107111569027,0.049739633989531094,0.16342412451361868,0.21316375850314978,14,33,122,1116,0.2978723404255319,0.10294117647058823,0.15300546448087432,l_shape_added_outliers_hard_mixed,added_outliers,1.0
6,0.7248484573718526,0.026459143968871595,0.09127858905183926,0.09366865154383773,0.05127858905183926,0.17354085603112843,0.2248194450829677,9,25,127,1124,0.2647058823529412,0.0661764705882353,0.10588235294117648,l_shape_added_outliers_hard_mixed,added_outliers,1.0
7,0.7406352074599669,0.019455252918287938,0.09084614897871185,0.09001944868616381,0.05084614897871185,0.1805447470817121,0.23139089606042393,8,17,128,1132,0.32,0.058823529411764705,0.09937888198757765,l_shape_added_outliers_hard_mixed,added_outliers,1.0
8,0.7520551318765346,0.01867704280155642,0.08996016500445288,0.09165203131084605,0.049960165004452876,0.1813229571984436,0.23128312220289649,7,17,129,1132,0.2916666666666667,0.051470588235294115,0.08750000000000001,l_shape_added_outliers_hard_mixed,added_outliers,1.0
9,0.7613139832862186,0.017120622568093387,0.08895745229215322,0.09288085259299277,0.048957452292153224,0.18287937743190663,0.23183682972405986,6,16,130,1133,0.2727272727272727,0.04411764705882353,0.0759493670886076,l_shape_added_outliers_hard_mixed,added_outliers,1.0
10,0.7677891991545717,0.013229571984435798,0.08524176003911518,0.0982506592968328,0.04524176003911518,0.1867704280155642,0.23201218805467938,4,13,132,1136,0.23529411764705882,0.029411764705882353,0.05228758169934641,l_shape_added_outliers_hard_mixed,added_outliers,1.0
11,0.7648875052250199,0.01556420233463035,0.08735391866862918,0.09305847807432993,0.04735391866862918,0.18443579766536966,0.23178971633399884,6,14,130,1135,0.3,0.04411764705882353,0.07692307692307693,l_shape_added_outliers_hard_mixed,added_outliers,1.0
12,0.7673774437295935,0.013229571984435798,0.08524176003911518,0.0982506592968328,0.04524176003911518,0.1867704280155642,0.23201218805467938,4,13,132,1136,0.23529411764705882,0.029411764705882353,0.05228758169934641,l_shape_added_outliers_hard_mixed,added_outliers,1.0
13,0.7644757498000417,0.01556420233463035,0.08735391866862918,0.09305847807432993,0.04735391866862918,0.18443579766536966,0.23178971633399884,6,14,130,1135,0.3,0.04411764705882353,0.07692307692307693,l_shape_added_outliers_hard_mixed,added_outliers,1.0
14,0.7669656883046153,0.013229571984435798,0.08524176003911518,0.0982506592968328,0.04524176003911518,0.1867704280155642,0.23201218805467938,4,13,132,1136,0.23529411764705882,0.029411764705882353,0.05228758169934641,l_shape_added_outliers_hard_mixed,added_outliers,1.0
15,0.7640639943750636,0.01556420233463035,0.08735391866862918,0.09305847807432993,0.04735391866862918,0.18443579766536966,0.23178971633399884,6,14,130,1135,0.3,0.04411764705882353,0.07692307692307693,l_shape_added_outliers_hard_mixed,added_outliers,1.0
16,0.7665539328796371,0.013229571984435798,0.08524176003911518,0.0982506592968328,0.04524176003911518,0.1867704280155642,0.23201218805467938,4,13,132,1136,0.23529411764705882,0.029411764705882353,0.05228758169934641,l_shape_added_outliers_hard_mixed,added_outliers,1.0
17,0.7636522389500854,0.01556420233463035,0.08735391866862918,0.09305847807432993,0.04735391866862918,0.18443579766536966,0.23178971633399884,6,14,130,1135,0.3,0.04411764705882353,0.07692307692307693,l_shape_added_outliers_hard_mixed,added_outliers,1.0
18,0.766142177454659,0.013229571984435798,0.08524176003911518,0.0982506592968328,0.04524176003911518,0.1867704280155642,0.23201218805467938,4,13,132,1136,0.23529411764705882,0.029411764705882353,0.05228758169934641,l_shape_added_outliers_hard_mixed,added_outliers,1.0
19,0.7632404835251072,0.01556420233463035,0.08735391866862918,0.09305847807432993,0.04735391866862918,0.18443579766536966,0.23178971633399884,6,14,130,1135,0.3,0.04411764705882353,0.07692307692307693,l_shape_added_outliers_hard_mixed,added_outliers,1.0
0,0.5,0.3573667711598746,0.04310305479389819,0.05819290441991777,0.003103054793898191,0.0,0.003103054793898191,329,127,319,501,0.7214912280701754,0.5077160493827161,0.5960144927536233,l_shape_added_outliers_medium_2,added_outliers,1.0
1,0.5062061095877963,0.34717868338557994,0.0430005240298729,0.05818135967338768,0.0030005240298729002,0.0,0.0030005240298729002,320,123,328,505,0.7223476297968398,0.49382716049382713,0.5866177818515124,l_shape_added_outliers_medium_2,added_outliers,1.0
2,0.5122071576475421,0.3401253918495298,0.04291069784260016,0.05798214087326036,0.00291069784260016,0.0,0.00291069784260016,316,118,332,510,0.728110599078341,0.4876543209876543,0.5841035120147875,l_shape_added_outliers_medium_2,added_outliers,1.0
0,0.5,0.25446082234290146,0.07075611550840774,0.08228853606069338,0.03075611550840774,0.0,0.03075611550840774,150,178,178,783,0.4573170731707317,0.4573170731707317,0.4573170731707317,l_shape_added_outliers_medium_3,added_outliers,1.0
1,0.5615122310168155,0.18231186966640806,0.07447587027766514,0.07912545806321937,0.03447587027766514,0.017688130333591956,0.052164000611257096,118,117,210,844,0.502127659574468,0.3597560975609756,0.41918294849023086,l_shape_added_outliers_medium_3,added_outliers,1.0
2,0.6216199064053498,0.12179984484096198,0.07605359893974908,0.07594461921436411,0.03605359893974908,0.07820015515903803,0.1142537540987871,86,71,242,890,0.5477707006369427,0.2621951219512195,0.354639175257732,l_shape_added_outliers_medium_3,added_outliers,1.0
3,0.6546270267053289,0.09154383242823895,0.0773665884350749,0.07297087158923066,0.037366588435074906,0.10845616757176106,0.14582275600683597,69,49,259,912,0.5847457627118644,0.21036585365853658,0.3094170403587444,l_shape_added_outliers_medium_3,added_outliers,1.0
4,0.6751321197895982,0.07525213343677269,0.07952456238127566,0.07028097053430082,0.039524562381275656,0.12474786656322732,0.16427242894450297,61,36,267,925,0.6288659793814433,0.18597560975609756,0.28705882352941176,l_shape_added_outliers_medium_3,added_outliers,1.0
5,0.6918073112705359,0.06749418153607448,0.08095571823956456,0.07000979015058077,0.04095571823956456,0.13250581846392553,0.1734615367034901,54,33,274,928,0.6206896551724138,0.16463414634146342,0.26024096385542167,l_shape_added_outliers_medium_3,added_outliers,1.0
6,0.7074658385177022,0.05663304887509697,0.08286276707315819,0.06802796122918028,0.04286276707315819,0.14336695112490305,0.18622971819806125,49,24,279,937,0.6712328767123288,0.14939024390243902,0.2443890274314214,l_shape_added_outliers_medium_3,added_outliers,1.0
7,0.721507897101567,0.051978277734678044,0.0821300890971752,0.0687434565754992,0.0421300890971752,0.14802172226532195,0.19015181136249715,45,22,283,939,0.6716417910447762,0.13719512195121952,0.2278481012658228,l_shape_added_outliers_medium_3,added_outliers,1.0
8,0.7317572141632565,0.047323506594259115,0.08336834519619676,0.06925872721646774,0.04336834519619676,0.1526764934057409,0.19604483860193767,41,20,287,941,0.6721311475409836,0.125,0.21079691516709512,l_shape_added_outliers_medium_3,added_outliers,1.0
9,0.7421556578527795,0.03801396431342126,0.08334763711339636,0.06555110004637948,0.04334763711339636,0.16198603568657877,0.20533367279997514,35,14,293,947,0.7142857142857143,0.10670731707317073,0.1856763925729443,l_shape_added_outliers_medium_3,added_outliers,1.0
10,0.7478579142362828,0.035686578743211794,0.08363392809835835,0.06493858694646085,0.043633928098358345,0.16431342125678822,0.20794734935514655,33,13,295,948,0.717391304347826,0.10060975609756098,0.17647058823529413,l_shape_added_outliers_medium_3,added_outliers,1.0
11,0.7529690598046054,0.032583397982932506,0.08374024196601386,0.06348592883718049,0.04374024196601386,0.1674166020170675,0.21115684398308138,32,10,296,951,0.7619047619047619,0.0975609756097561,0.17297297297297298,l_shape_added_outliers_medium_3,added_outliers,1.0
12,0.7567412427280993,0.030256012412723042,0.0834518748563185,0.06371039496797264,0.0434518748563185,0.16974398758727696,0.21319586244359545,29,10,299,951,0.7435897435897436,0.08841463414634146,0.15803814713896458,l_shape_added_outliers_medium_3,added_outliers,1.0
13,0.7587729986470978,0.027928626842513578,0.08319063422459888,0.06263800333414273,0.04319063422459888,0.17207137315748644,0.2152620073820853,27,9,301,952,0.75,0.08231707317073171,0.14835164835164835,l_shape_added_outliers_medium_3,added_outliers,1.0
14,0.7591185805175523,0.027152831652443754,0.08289764988813111,0.06264331619087289,0.04289764988813111,0.17284716834755626,0.21574481823568736,26,9,302,952,0.7428571428571429,0.07926829268292683,0.14325068870523416,l_shape_added_outliers_medium_3,added_outliers,1.0
15,0.7584902961200364,0.027928626842513578,0.08319063422459888,0.06263800333414273,0.04319063422459888,0.17207137315748644,0.2152620073820853,27,9,301,952,0.75,0.08231707317073171,0.14835164835164835,l_shape_added_outliers_medium_3,added_outliers,1.0
16,0.7588358779904909,0.027928626842513578,0.08319063422459888,0.06263800333414273,0.04319063422459888,0.17207137315748644,0.2152620073820853,27,9,301,952,0.75,0.08231707317073171,0.14835164835164835,l_shape_added_outliers_medium_3,added_outliers,1.0
0,0.5,0.262,0.0725442051048272,0.09269152807308383,0.0325442051048272,0.0,0.0325442051048272,124,269,149,958,0.3155216284987277,0.4542124542124542,0.37237237237237236,l_shape_partial_overlap_hard_mixed,partial_overlap,1.0
1,0.5650884102096544,0.14333333333333334,0.07258760278676617,0.08832678978761528,0.032587602786766166,0.05666666666666667,0.08925426945343284,77,138,196,1089,0.3581395348837209,0.28205128205128205,0.31557377049180324,l_shape_partial_overlap_hard_mixed,partial_overlap,1.0
2,0.6019302824498534,0.1,0.07311412711312214,0.0834606593822798,0.03311412711312214,0.1,0.13311412711312215,63,87,210,1140,0.42,0.23076923076923078,0.29787234042553196,l_shape_partial_overlap_hard_mixed,partial_overlap,1.0
3,0.6181585366760977,0.08533333333333333,0.07602922893789577,0.08154732746524795,0.036029228937895764,0.11466666666666668,0.15069589560456245,56,72,217,1155,0.4375,0.20512820512820512,0.27930174563591026,l_shape_partial_overlap_hard_mixed,partial_overlap,1.0
4,0.6328836612185559,0.074,0.07818645893893704,0.0789765836130003,0.03818645893893704,0.126,0.16418645893893705,50,61,223,1166,0.45045045045045046,0.18315018315018314,0.26041666666666663,l_shape_partial_overlap_hard_mixed,partial_overlap,1.0
5,0.64625657909643,0.068,0.08095400466395901,0.07635396745661935,0.04095400466395901,0.132,0.17295400466395902,49,53,224,1174,0.4803921568627451,0.1794871794871795,0.26133333333333336,l_shape_partial_overlap_hard_mixed,partial_overlap,1.0
6,0.662164588424348,0.056666666666666664,0.08273685251430059,0.07499883844508981,0.04273685251430059,0.14333333333333334,0.18607018584763393,41,44,232,1183,0.4823529411764706,0.15018315018315018,0.22905027932960892,l_shape_partial_overlap_hard_mixed,partial_overlap,1.0
7,0.6759716267862825,0.048666666666666664,0.08537771442969595,0.07335361089058962,0.04537771442969595,0.15133333333333335,0.1967110477630293,36,37,237,1190,0.4931506849315068,0.13186813186813187,0.20809248554913298,l_shape_partial_overlap_hard_mixed,partial_overlap,1.0
8,0.6910603889790078,0.04066666666666666,0.08490882973027436,0.07094662034200486,0.04490882973027436,0.15933333333333335,0.2042421630636077,30,31,243,1196,0.4918032786885246,0.10989010989010989,0.17964071856287425,l_shape_partial_overlap_hard_mixed,partial_overlap,1.0
9,0.7012113817728898,0.034,0.08533376638406588,0.06918438236064188,0.04533376638406588,0.166,0.2113337663840659,27,24,246,1203,0.5294117647058824,0.0989010989010989,0.16666666666666669,l_shape_partial_overlap_hard_mixed,partial_overlap,1.0
10,0.7088789145410215,0.030666666666666665,0.08683575506546569,0.07031361862502944,0.04683575506546569,0.16933333333333334,0.21616908839879903,23,23,250,1204,0.5,0.08424908424908426,0.14420062695924765,l_shape_partial_overlap_hard_mixed,partial_overlap,1.0
11,0.7178837580052861,0.028666666666666667,0.08789122170033871,0.06819572261933328,0.04789122170033871,0.17133333333333334,0.21922455503367205,23,20,250,1207,0.5348837209302325,0.08424908424908426,0.14556962025316456,l_shape_partial_overlap_hard_mixed,partial_overlap,1.0
12,0.7279995347392969,0.024666666666666667,0.09076776841657792,0.06691147030245942,0.05076776841657792,0.17533333333333334,0.22610110174991127,21,16,252,1211,0.5675675675675675,0.07692307692307693,0.13548387096774195,l_shape_partial_overlap_hard_mixed,partial_overlap,1.0
13,0.7418684049057861,0.02,0.09393010021841039,0.061174019156912104,0.05393010021841039,0.18000000000000002,0.2339301002184104,19,11,254,1216,0.6333333333333333,0.0695970695970696,0.12541254125412543,l_shape_partial_overlap_hard_mixed,partial_overlap,1.0
14,0.7597286053426069,0.012666666666666666,0.09674588823073109,0.05756187777167156,0.05674588823073109,0.18733333333333335,0.24407922156406445,13,6,260,1221,0.6842105263157895,0.047619047619047616,0.08904109589041095,l_shape_partial_overlap_hard_mixed,partial_overlap,1.0
15,0.7795537151374023,0.008,0.10212352702482169,0.05209832027539302,0.06212352702482169,0.192,0.2541235270248217,10,2,263,1225,0.8333333333333334,0.03663003663003663,0.07017543859649124,l_shape_partial_overlap_hard_mixed,partial_overlap,1.0
16,0.8078007691870457,0.0026666666666666666,0.1028156798808593,0.053888827362903104,0.06281567988085929,0.19733333333333333,0.2601490132141926,4,0,269,1227,1.0,0.014652014652014652,0.02888086642599278,l_shape_partial_overlap_hard_mixed,partial_overlap,1.0
17,0.8347654622820976,0.0,0.06020277201377108,0.10896575366204017,0.020202772013771082,0.2,0.2202027720137711,0,0,273,1227,0.0,0.0,0.0,l_shape_partial_overlap_hard_mixed,partial_overlap,1.0
18,0.7751710063096398,0.008666666666666666,0.10133716011167092,0.05675378937886098,0.06133716011167092,0.19133333333333336,0.25267049344500425,10,3,263,1224,0.7692307692307693,0.03663003663003663,0.06993006993006994,l_shape_partial_overlap_hard_mixed,partial_overlap,1.0
19,0.8021786598663149,0.004,0.10274909615709599,0.04080337116230435,0.06274909615709598,0.196,0.25874909615709596,6,0,267,1227,1.0,0.02197802197802198,0.043010752688172046,l_shape_partial_overlap_hard_mixed,partial_overlap,1.0
0,0.5,0.2846666666666667,0.06919121977848744,0.08807788936988686,0.02919121977848744,0.0,0.02919121977848744,165,262,200,873,0.3864168618266979,0.4520547945205479,0.41666666666666663,l_shape_partial_overlap_medium_2,partial_overlap,1.0
1,0.5583824395569749,0.18866666666666668,0.0726987216981571,0.08504272224389178,0.032698721698157095,0.011333333333333334,0.04403205503149043,120,163,245,972,0.42402826855123676,0.3287671232876712,0.37037037037037035,l_shape_partial_overlap_medium_2,partial_overlap,1.0
2,0.6181132162866224,0.10866666666666666,0.07715194280935952,0.08017151236891579,0.037151942809359524,0.09133333333333335,0.12848527614269287,76,87,289,1048,0.4662576687116564,0.20821917808219179,0.28787878787878785,l_shape_partial_overlap_medium_2,partial_overlap,1.0
3,0.6467504352386748,0.08333333333333333,0.07780733398091921,0.07914298342062667,0.03780733398091921,0.11666666666666668,0.1544740006475859,61,64,304,1071,0.488,0.16712328767123288,0.2489795918367347,l_shape_partial_overlap_medium_2,partial_overlap,1.0
4,0.6640317698671799,0.06466666666666666,0.08047410051079074,0.07678962940240809,0.040474100510790735,0.13533333333333336,0.1758074338441241,52,45,313,1090,0.5360824742268041,0.14246575342465753,0.2251082251082251,l_shape_partial_overlap_medium_2,partial_overlap,1.0
5,0.6773133042220947,0.05533333333333333,0.08261045008688679,0.07500978357805294,0.04261045008688679,0.14466666666666667,0.18727711675355346,48,35,317,1100,0.5783132530120482,0.13150684931506848,0.21428571428571427,l_shape_partial_overlap_medium_2,partial_overlap,1.0
6,0.6902008710625349,0.04933333333333333,0.08357732311946721,0.07454795685718292,0.04357732311946721,0.15066666666666667,0.19424398978613389,43,31,322,1104,0.581081081081081,0.1178082191780822,0.1958997722095672,l_shape_partial_overlap_medium_2,partial_overlap,1.0
7,0.702022183968136,0.04133333333333333,0.0875768125081753,0.07287636719933036,0.0475768125081753,0.15866666666666668,0.20624347917484198,38,24,327,1111,0.6129032258064516,0.10410958904109589,0.17798594847775176,l_shape_partial_overlap_medium_2,partial_overlap,1.0
8,0.7178424756511532,0.034,0.09155122067606833,0.0675514036754667,0.05155122067606833,0.166,0.21755122067606833,34,17,331,1118,0.6666666666666666,0.09315068493150686,0.1634615384615385,l_shape_partial_overlap_medium_2,partial_overlap,1.0
9,0.7379449170032899,0.028,0.09359879186800935,0.06566212473220166,0.053598791868009345,0.17200000000000001,0.22559879186800935,29,13,336,1122,0.6904761904761905,0.07945205479452055,0.14250614250614252,l_shape_partial_overlap_medium_2,partial_overlap,1.0
10,0.7591425007393086,0.024,0.0944918630515697,0.06461665320981108,0.0544918630515697,0.17600000000000002,0.2304918630515697,25,11,340,1124,0.6944444444444444,0.0684931506849315,0.12468827930174563,l_shape_partial_overlap_medium_2,partial_overlap,1.0
11,0.7801262268424479,0.016,0.09732549889273678,0.05960490956220016,0.05732549889273678,0.184,0.24132549889273677,18,6,347,1129,0.75,0.049315068493150684,0.09254498714652956,l_shape_partial_overlap_medium_2,partial_overlap,1.0
12,0.8027772246279214,0.010666666666666666,0.09494012451114675,0.05432637900281293,0.05494012451114675,0.18933333333333335,0.2442734578444801,13,3,352,1132,0.8125,0.03561643835616438,0.06824146981627296,l_shape_partial_overlap_medium_2,partial_overlap,1.0
13,0.8179908069835483,0.004666666666666667,0.09001312992411949,0.044445255834005645,0.050013129924119486,0.19533333333333333,0.24534646325745282,7,0,358,1135,1.0,0.019178082191780823,0.03763440860215054,l_shape_partial_overlap_medium_2,partial_overlap,1.0
14,0.8203504001651206,0.004,0.08671537126439353,0.04958857794956572,0.04671537126439353,0.196,0.24271537126439355,6,0,359,1135,1.0,0.01643835616438356,0.03234501347708895,l_shape_partial_overlap_medium_2,partial_overlap,1.0
15,0.8157811426939077,0.007333333333333333,0.09161792434709758,0.05708549651896761,0.051617924347097575,0.19266666666666668,0.24428459101376426,9,2,356,1133,0.8181818181818182,0.024657534246575342,0.04787234042553191,l_shape_partial_overlap_medium_2,partial_overlap,1.0
16,0.8226836580547695,0.004,0.08671537126439353,0.04958857794956572,0.04671537126439353,0.196,0.24271537126439355,6,0,359,1135,1.0,0.01643835616438356,0.03234501347708895,l_shape_partial_overlap_medium_2,partial_overlap,1.0
17,0.8181144005835566,0.004666666666666667,0.09001312992411949,0.044445255834005645,0.050013129924119486,0.19533333333333333,0.24534646325745282,7,0,358,1135,1.0,0.019178082191780823,0.03763440860215054,l_shape_partial_overlap_medium_2,partial_overlap,1.0
18,0.8204739937651289,0.004,0.08671537126439353,0.04958857794956572,0.04671537126439353,0.196,0.24271537126439355,6,0,359,1135,1.0,0.01643835616438356,0.03234501347708895,l_shape_partial_overlap_medium_2,partial_overlap,1.0
19,0.8159047362939159,0.007333333333333333,0.09161792434709758,0.05708549651896761,0.051617924347097575,0.19266666666666668,0.24428459101376426,9,2,356,1133,0.8181818181818182,0.024657534246575342,0.04787234042553191,l_shape_partial_overlap_medium_2,partial_overlap,1.0
0,0.5,0.4126666666666667,0.05343167549688968,0.05845653263848127,0.01343167549688968,0.0,0.01343167549688968,453,166,382,499,0.7318255250403877,0.5425149700598803,0.6231086657496561,l_shape_partial_overlap_medium_3,partial_overlap,1.0
1,0.5268633509937793,0.37,0.05465180005743073,0.057006008658185316,0.014651800057430726,0.0,0.014651800057430726,413,142,422,523,0.7441441441441441,0.4946107784431138,0.5942446043165468,l_shape_partial_overlap_medium_3,partial_overlap,1.0
2,0.5561669511086408,0.30533333333333335,0.056509092574081356,0.05381688332742506,0.016509092574081355,0.0,0.016509092574081355,357,101,478,564,0.7794759825327511,0.4275449101796407,0.5522041763341067,l_shape_partial_overlap_medium_3,partial_overlap,1.0
3,0.5891851362568035,0.254,0.05858610153514766,0.050881449938341455,0.018586101535147656,0.0,0.018586101535147656,307,74,528,591,0.8057742782152231,0.36766467065868264,0.5049342105263158,l_shape_partial_overlap_medium_3,partial_overlap,1.0
4,0.6263573393270988,0.20466666666666666,0.05989111925856912,0.04816424994753433,0.019891119258569116,0.0,0.019891119258569116,258,49,577,616,0.8403908794788274,0.3089820359281437,0.45183887915936954,l_shape_partial_overlap_medium_3,partial_overlap,1.0
5,0.666139577844237,0.144,0.062319646429896305,0.044935545891645924,0.022319646429896305,0.05600000000000002,0.07831964642989633,190,26,645,639,0.8796296296296297,0.2275449101796407,0.3615604186489058,l_shape_partial_overlap_medium_3,partial_overlap,1.0
6,0.6827788707040297,0.12933333333333333,0.0645016532053998,0.041501860626075096,0.0245016532053998,0.07066666666666668,0.09516831987206648,177,17,658,648,0.9123711340206185,0.2119760479041916,0.34402332361516036,l_shape_partial_overlap_medium_3,partial_overlap,1.0
7,0.696448843781496,0.116,0.06420457806328225,0.04055812756667939,0.024204578063282252,0.084,0.10820457806328226,160,14,675,651,0.9195402298850575,0.19161676646706588,0.3171456888007929,l_shape_partial_overlap_medium_3,partial_overlap,1.0
8,0.7028579999080604,0.112,0.0642912965315989,0.03966894888462059,0.0242912965315989,0.08800000000000001,0.11229129653159892,157,11,678,654,0.9345238095238095,0.18802395209580838,0.3130608175473579,l_shape_partial_overlap_medium_3,partial_overlap,1.0
9,0.7074405929712582,0.106,0.06471539113447512,0.0394977265469279,0.024715391134475122,0.09400000000000001,0.11871539113447513,148,11,687,654,0.9308176100628931,0.17724550898203592,0.2977867203219316,l_shape_partial_overlap_medium_3,partial_overlap,1.0
10,0.7098713752402084,0.10333333333333333,0.06500260107928618,0.039461823458024875,0.02500260107928618,0.09666666666666668,0.12166926774595285,144,11,691,654,0.9290322580645162,0.1724550898203593,0.29090909090909095,l_shape_partial_overlap_medium_3,partial_overlap,1.0
11,0.7115432440654474,0.1,0.06455009471546597,0.039562103241870566,0.024550094715465966,0.1,0.12455009471546596,139,11,696,654,0.9266666666666666,0.1664670658682635,0.28223350253807106,l_shape_partial_overlap_medium_3,partial_overlap,1.0
12,0.7106434334963794,0.10133333333333333,0.06474651249290285,0.039512720618906795,0.02474651249290285,0.09866666666666668,0.12341317915956954,141,11,694,654,0.9276315789473685,0.1688622754491018,0.2857142857142857,l_shape_partial_overlap_medium_3,partial_overlap,1.0
13,0.7108031251488517,0.10066666666666667,0.06464811819056628,0.03941756038367871,0.024648118190566275,0.09933333333333334,0.12398145152389961,140,11,695,654,0.9271523178807947,0.16766467065868262,0.283975659229209,l_shape_partial_overlap_medium_3,partial_overlap,1.0
14,0.7104326948633176,0.102,0.0649664840719233,0.03950288692248104,0.024966484071923305,0.09800000000000002,0.12296648407192332,142,11,693,654,0.9281045751633987,0.17005988023952096,0.2874493927125506,l_shape_partial_overlap_medium_3,partial_overlap,1.0
15,0.7113656630071642,0.1,0.06455009471546597,0.039562103241870566,0.024550094715465966,0.1,0.12455009471546596,139,11,696,654,0.9266666666666666,0.1664670658682635,0.28223350253807106,l_shape_partial_overlap_medium_3,partial_overlap,1.0
16,0.7104658524380961,0.102,0.0649664840719233,0.03950288692248104,0.024966484071923305,0.09800000000000002,0.12296648407192332,142,11,693,654,0.9281045751633987,0.17005988023952096,0.2874493927125506,l_shape_partial_overlap_medium_3,partial_overlap,1.0
17,0.7113988205819427,0.1,0.06455009471546597,0.039562103241870566,0.024550094715465966,0.1,0.12455009471546596,139,11,696,654,0.9266666666666666,0.1664670658682635,0.28223350253807106,l_shape_partial_overlap_medium_3,partial_overlap,1.0
18,0.7104990100128746,0.102,0.0649664840719233,0.03950288692248104,0.024966484071923305,0.09800000000000002,0.12296648407192332,142,11,693,654,0.9281045751633987,0.17005988023952096,0.2874493927125506,l_shape_partial_overlap_medium_3,partial_overlap,1.0
19,0.7114319781567212,0.1,0.06455009471546597,0.039562103241870566,0.024550094715465966,0.1,0.12455009471546596,139,11,696,654,0.9266666666666666,0.1664670658682635,0.28223350253807106,l_shape_partial_overlap_medium_3,partial_overlap,1.0
0,0.5,0.23866666666666667,0.05653952416400763,0.08372200153482498,0.016539524164007627,0.0,0.016539524164007627,180,178,208,934,0.5027932960893855,0.4639175257731959,0.482573726541555,l_shape_scene_change_hard_mixed,scene_change,1.0
1,0.5330790483280152,0.19066666666666668,0.056099811208112686,0.08212719574137015,0.016099811208112685,0.009333333333333332,0.025433144541446018,151,135,237,977,0.527972027972028,0.38917525773195877,0.4480712166172107,l_shape_scene_change_hard_mixed,scene_change,1.0
2,0.5606120040775739,0.15666666666666668,0.054826223816404736,0.08094338818284436,0.014826223816404735,0.043333333333333335,0.05815955714973807,128,107,260,1005,0.5446808510638298,0.32989690721649484,0.4109149277688603,l_shape_scene_change_hard_mixed,scene_change,1.0
3,0.5685977850437167,0.14666666666666667,0.05555567528883051,0.08018834227022961,0.015555675288830506,0.053333333333333344,0.06888900862216385,123,97,265,1015,0.5590909090909091,0.3170103092783505,0.4046052631578947,l_shape_scene_change_hard_mixed,scene_change,1.0
4,0.5730424689547111,0.14266666666666666,0.05566084999052885,0.08000299800731357,0.01566084999052885,0.05733333333333335,0.0729941833238622,121,93,267,1019,0.5654205607476636,0.3118556701030928,0.4019933554817276,l_shape_scene_change_hard_mixed,scene_change,1.0
5,0.5756975022691021,0.13733333333333334,0.05534925460351584,0.07947774389636224,0.015349254603515841,0.06266666666666668,0.07801592127018252,118,88,270,1024,0.5728155339805825,0.30412371134020616,0.3973063973063973,l_shape_scene_change_hard_mixed,scene_change,1.0
6,0.5750626781428004,0.13933333333333334,0.05562272796536757,0.07986393184476394,0.015622727965367567,0.060666666666666674,0.07628939463203424,118,91,270,1021,0.5645933014354066,0.30412371134020616,0.3953098827470687,l_shape_scene_change_hard_mixed,scene_change,1.0
7,0.5759748007402022,0.13733333333333334,0.05534925460351584,0.07947774389636224,0.015349254603515841,0.06266666666666668,0.07801592127018252,118,88,270,1024,0.5728155339805825,0.30412371134020616,0.3973063973063973,l_shape_scene_change_hard_mixed,scene_change,1.0
8,0.5753399766139006,0.13866666666666666,0.055711936496051176,0.07980500705270147,0.015711936496051175,0.06133333333333335,0.07704526982938453,118,90,270,1022,0.5673076923076923,0.30412371134020616,0.39597315436241604,l_shape_scene_change_hard_mixed,scene_change,1.0
9,0.5760971829393362,0.13733333333333334,0.05534925460351584,0.07947774389636224,0.015349254603515841,0.06266666666666668,0.07801592127018252,118,88,270,1024,0.5728155339805825,0.30412371134020616,0.3973063973063973,l_shape_scene_change_hard_mixed,scene_change,1.0
10,0.5754623588130345,0.13866666666666666,0.055711936496051176,0.07980500705270147,0.015711936496051175,0.06133333333333335,0.07704526982938453,118,90,270,1022,0.5673076923076923,0.30412371134020616,0.39597315436241604,l_shape_scene_change_hard_mixed,scene_change,1.0
11,0.5762195651384702,0.13733333333333334,0.05534925460351584,0.07947774389636224,0.015349254603515841,0.06266666666666668,0.07801592127018252,118,88,270,1024,0.5728155339805825,0.30412371134020616,0.3973063973063973,l_shape_scene_change_hard_mixed,scene_change,1.0
12,0.5755847410121685,0.13866666666666666,0.055711936496051176,0.07980500705270147,0.015711936496051175,0.06133333333333335,0.07704526982938453,118,90,270,1022,0.5673076923076923,0.30412371134020616,0.39597315436241604,l_shape_scene_change_hard_mixed,scene_change,1.0
13,0.5763419473376041,0.13666666666666666,0.05517902604558786,0.07938723316362227,0.015179026045587858,0.06333333333333335,0.0785123593789212,118,87,270,1025,0.5756097560975609,0.30412371134020616,0.3979763912310287,l_shape_scene_change_hard_mixed,scene_change,1.0
14,0.5750333327621132,0.13933333333333334,0.05562272796536757,0.07986393184476394,0.015622727965367567,0.060666666666666674,0.07628939463203424,118,91,270,1021,0.5645933014354066,0.30412371134020616,0.3953098827470687,l_shape_scene_change_hard_mixed,scene_change,1.0
15,0.575945455359515,0.13733333333333334,0.05534925460351584,0.07947774389636224,0.015349254603515841,0.06266666666666668,0.07801592127018252,118,88,270,1024,0.5728155339805825,0.30412371134020616,0.3973063973063973,l_shape_scene_change_hard_mixed,scene_change,1.0
16,0.5753106312332134,0.13866666666666666,0.055711936496051176,0.07980500705270147,0.015711936496051175,0.06133333333333335,0.07704526982938453,118,90,270,1022,0.5673076923076923,0.30412371134020616,0.39597315436241604,l_shape_scene_change_hard_mixed,scene_change,1.0
17,0.576067837558649,0.13733333333333334,0.05534925460351584,0.07947774389636224,0.015349254603515841,0.06266666666666668,0.07801592127018252,118,88,270,1024,0.5728155339805825,0.30412371134020616,0.3973063973063973,l_shape_scene_change_hard_mixed,scene_change,1.0
18,0.5754330134323473,0.13866666666666666,0.055711936496051176,0.07980500705270147,0.015711936496051175,0.06133333333333335,0.07704526982938453,118,90,270,1022,0.5673076923076923,0.30412371134020616,0.39597315436241604,l_shape_scene_change_hard_mixed,scene_change,1.0
19,0.576190219757783,0.13733333333333334,0.05534925460351584,0.07947774389636224,0.015349254603515841,0.06266666666666668,0.07801592127018252,118,88,270,1024,0.5728155339805825,0.30412371134020616,0.3973063973063973,l_shape_scene_change_hard_mixed,scene_change,1.0
0,0.5,0.4495476687543493,0.02136028048409517,0.037699597571327126,0.0,0.0,0.0,637,9,649,142,0.9860681114551083,0.4953343701399689,0.6594202898550724,l_shape_scene_change_medium_2,scene_change,1.0
1,0.5,0.4495476687543493,0.02136028048409517,0.037699597571327126,0.0,0.0,0.0,637,9,649,142,0.9860681114551083,0.4953343701399689,0.6594202898550724,l_shape_scene_change_medium_2,scene_change,1.0
0,0.5,0.49230769230769234,0.01383705594672286,0.024860792640249478,0.0,0.0,0.0,734,2,572,187,0.9972826086956522,0.5620214395099541,0.7189030362389816,l_shape_scene_change_medium_3,scene_change,1.0
1,0.5,0.49230769230769234,0.01383705594672286,0.024860792640249478,0.0,0.0,0.0,734,2,572,187,0.9972826086956522,0.5620214395099541,0.7189030362389816,l_shape_scene_change_medium_3,scene_change,1.0
0,0.5,0.40066666666666667,0.05251610953971882,0.06946175764422421,0.012516109539718816,0.0,0.012516109539718816,334,267,206,693,0.5557404326123128,0.6185185185185185,0.5854513584574934,l_shape_static_noise_hard_mixed,static_noise,1.0
1,0.5250322190794376,0.3506666666666667,0.05409574653243386,0.06717088861246391,0.01409574653243386,0.0,0.01409574653243386,304,222,236,738,0.5779467680608364,0.562962962962963,0.5703564727954972,l_shape_static_noise_hard_mixed,static_noise,1.0
2,0.5532237121443053,0.2946666666666667,0.055451181004631506,0.0654330943729723,0.015451181004631505,0.0,0.015451181004631505,266,176,274,784,0.6018099547511312,0.4925925925925926,0.5417515274949083,l_shape_static_noise_hard_mixed,static_noise,1.0
3,0.5841260741535683,0.23933333333333334,0.05696471740785292,0.0639593518739945,0.016964717407852922,0.0,0.016964717407852922,224,135,316,825,0.6239554317548747,0.4148148148148148,0.4983314794215795,l_shape_static_noise_hard_mixed,static_noise,1.0
4,0.6180555089692742,0.188,0.05887515776213292,0.06181841228666557,0.018875157762132916,0.01200000000000001,0.030875157762132927,185,97,355,863,0.6560283687943262,0.3425925925925926,0.4501216545012166,l_shape_static_noise_hard_mixed,static_noise,1.0
5,0.6498058244935401,0.14133333333333334,0.06079803240455093,0.05976390765059051,0.02079803240455093,0.05866666666666667,0.0794646990712176,143,69,397,891,0.6745283018867925,0.26481481481481484,0.3803191489361702,l_shape_static_noise_hard_mixed,static_noise,1.0
6,0.6620685559693086,0.132,0.061169882503526396,0.058481765200741664,0.021169882503526395,0.068,0.0891698825035264,136,62,404,898,0.6868686868686869,0.2518518518518518,0.3685636856368564,l_shape_static_noise_hard_mixed,static_noise,1.0
7,0.6704083209763614,0.11933333333333333,0.06257050645078964,0.05560626901613451,0.02257050645078964,0.08066666666666668,0.10323717311745631,127,52,413,908,0.7094972067039106,0.2351851851851852,0.3532684283727399,l_shape_static_noise_hard_mixed,static_noise,1.0
8,0.6752160005446073,0.112,0.06285598485294942,0.05537221882521697,0.022855984852949422,0.08800000000000001,0.11085598485294942,120,48,420,912,0.7142857142857143,0.2222222222222222,0.3389830508474576,l_shape_static_noise_hard_mixed,static_noise,1.0
9,0.6769279702505061,0.11066666666666666,0.06322683315528643,0.05490361886247905,0.023226833155286432,0.08933333333333335,0.11256016648861977,119,47,421,913,0.7168674698795181,0.22037037037037038,0.33711048158640233,l_shape_static_noise_hard_mixed,static_noise,1.0
10,0.6787149698944123,0.10733333333333334,0.06364889783614537,0.05464262825924471,0.02364889783614537,0.09266666666666667,0.11631556450281205,116,45,424,915,0.7204968944099379,0.21481481481481482,0.3309557774607704,l_shape_static_noise_hard_mixed,static_noise,1.0
11,0.6796794322333697,0.10666666666666667,0.0635784964925661,0.05481735811577067,0.023578496492566096,0.09333333333333334,0.11691182982589943,115,45,425,915,0.71875,0.21296296296296297,0.3285714285714285,l_shape_static_noise_hard_mixed,static_noise,1.0
12,0.6801697585518353,0.10666666666666667,0.0635784964925661,0.05481735811577067,0.023578496492566096,0.09333333333333334,0.11691182982589943,115,45,425,915,0.71875,0.21296296296296297,0.3285714285714285,l_shape_static_noise_hard_mixed,static_noise,1.0
0,0.5,0.4066666666666667,0.052013681118572186,0.0706637864031076,0.012013681118572185,0.0,0.012013681118572185,410,200,352,538,0.6721311475409836,0.5380577427821522,0.597667638483965,l_shape_static_noise_medium_2,static_noise,1.0
1,0.5240273622371444,0.35,0.05193642179389311,0.07041459239625603,0.011936421793893107,0.0,0.011936421793893107,353,172,409,566,0.6723809523809524,0.463254593175853,0.5485625485625486,l_shape_static_noise_medium_2,static_noise,1.0
0,0.5,0.30666666666666664,0.06901436104454907,0.09166593814802504,0.029014361044549068,0.0,0.029014361044549068,151,309,122,918,0.3282608695652174,0.5531135531135531,0.41200545702592084,l_shape_static_noise_medium_3,static_noise,1.0
1,0.5580287220890982,0.19533333333333333,0.06911434046669593,0.08983893857657575,0.029114340466695927,0.00466666666666668,0.03378100713336261,103,190,170,1037,0.3515358361774744,0.3772893772893773,0.3639575971731449,l_shape_static_noise_medium_3,static_noise,1.0
2,0.6139240696891567,0.122,0.07206703819698786,0.08724797418985976,0.032067038196987856,0.07800000000000001,0.11006703819698788,72,111,201,1116,0.39344262295081966,0.26373626373626374,0.31578947368421056,l_shape_static_noise_medium_3,static_noise,1.0
3,0.6390581460831324,0.092,0.07536734900944311,0.08460720256716019,0.03536734900944311,0.10800000000000001,0.14336734900944312,60,78,213,1149,0.43478260869565216,0.21978021978021978,0.291970802919708,l_shape_static_noise_medium_3,static_noise,1.0
4,0.6557928441020187,0.08,0.07657594893283948,0.0837321288508066,0.036575948932839476,0.12000000000000001,0.1565759489328395,56,64,217,1163,0.4666666666666667,0.20512820512820512,0.2849872773536895,l_shape_static_noise_medium_3,static_noise,1.0
5,0.6689447419676976,0.072,0.07724702863373491,0.0823378843161106,0.037247028633734906,0.128,0.16524702863373492,53,55,220,1172,0.49074074074074076,0.19413919413919414,0.2782152230971129,l_shape_static_noise_medium_3,static_noise,1.0
6,0.6794387992351674,0.06066666666666667,0.07753360901661956,0.08142521479550059,0.037533609016619555,0.13933333333333334,0.1768669423499529,45,46,228,1181,0.4945054945054945,0.16483516483516483,0.24725274725274726,l_shape_static_noise_medium_3,static_noise,1.0
7,0.6848393506017398,0.05266666666666667,0.08163753280493065,0.0781131262744314,0.04163753280493065,0.14733333333333334,0.188970866138264,42,37,231,1190,0.5316455696202531,0.15384615384615385,0.23863636363636365,l_shape_static_noise_medium_3,static_noise,1.0
8,0.6944477495449345,0.04733333333333333,0.08236871293389081,0.07734030503656918,0.04236871293389081,0.15266666666666667,0.19503537960055747,38,33,235,1194,0.5352112676056338,0.1391941391941392,0.22093023255813957,l_shape_static_noise_medium_3,static_noise,1.0
9,0.7028518420793828,0.043333333333333335,0.0839896620180007,0.07678726001931942,0.043989662018000704,0.15666666666666668,0.20065632868466737,36,29,237,1198,0.5538461538461539,0.13186813186813187,0.21301775147928997,l_shape_static_noise_medium_3,static_noise,1.0
10,0.7124978327820508,0.03866666666666667,0.08550411773055626,0.07534353585783933,0.04550411773055626,0.16133333333333333,0.2068374510638896,33,25,240,1202,0.5689655172413793,0.12087912087912088,0.19939577039274925,l_shape_static_noise_medium_3,static_noise,1.0
11,0.7228394015764966,0.03133333333333333,0.08761390695269727,0.07327409820624481,0.04761390695269727,0.1686666666666667,0.21628057361936395,28,19,245,1208,0.5957446808510638,0.10256410256410256,0.175,l_shape_static_noise_medium_3,static_noise,1.0
12,0.7337338821485578,0.02666666666666667,0.08898430561777389,0.07249076162027333,0.048984305617773886,0.17333333333333334,0.22231763895110723,24,16,249,1211,0.6,0.08791208791208792,0.15335463258785942,l_shape_static_noise_medium_3,static_noise,1.0
13,0.745035826717439,0.023333333333333334,0.08887511559130694,0.0713893614485089,0.04887511559130694,0.17666666666666667,0.2255417822579736,22,13,251,1214,0.6285714285714286,0.08058608058608059,0.14285714285714285,l_shape_static_noise_medium_3,static_noise,1.0
14,0.7544527245667195,0.02,0.08984590598999453,0.07019953150090694,0.049845905989994534,0.18000000000000002,0.22984590598999455,19,11,254,1216,0.6333333333333333,0.0695970695970696,0.12541254125412543,l_shape_static_noise_medium_3,static_noise,1.0
15,0.7641445365467086,0.017333333333333333,0.08799694604753255,0.07172892310013888,0.04799694604753255,0.18266666666666667,0.23066361271419922,15,11,258,1216,0.5769230769230769,0.054945054945054944,0.1003344481605351,l_shape_static_noise_medium_3,static_noise,1.0
16,0.7688050953084403,0.014666666666666666,0.09135622143407912,0.06862704450573226,0.05135622143407912,0.18533333333333335,0.23668955476741246,13,9,260,1218,0.5909090909090909,0.047619047619047616,0.088135593220339,l_shape_static_noise_medium_3,static_noise,1.0
17,0.7788508715099319,0.013333333333333334,0.09178403312516528,0.06734017658537841,0.05178403312516528,0.18666666666666668,0.23845069979183195,12,8,261,1219,0.6,0.04395604395604396,0.08191126279863482,l_shape_static_noise_medium_3,static_noise,1.0
18,0.7890856044269292,0.009333333333333334,0.09962453347668213,0.05987928155529213,0.059624533476682125,0.19066666666666668,0.2502912001433488,10,4,263,1223,0.7142857142857143,0.03663003663003663,0.06968641114982578,l_shape_static_noise_medium_3,static_noise,1.0
19,0.8130013380469601,0.006666666666666667,0.10290207548929313,0.054797515441012176,0.06290207548929314,0.19333333333333336,0.2562354088226265,8,2,265,1225,0.8,0.029304029304029304,0.05653710247349823,l_shape_static_noise_medium_3,static_noise,1.0
0,0.5,0.148,0.06680947856295487,0.06967183589897706,0.026809478562954868,0.05200000000000002,0.0788094785629549,142,80,406,872,0.6396396396396397,0.2591240875912409,0.36883116883116884,l_shape_strong_noise_hard_mixed,strong_noise,1.0
1,0.5276189571259098,0.11466666666666667,0.06677595015537303,0.06813593662033379,0.026775950155373034,0.08533333333333334,0.11210928348870638,113,59,435,893,0.6569767441860465,0.2062043795620438,0.3138888888888889,l_shape_strong_noise_hard_mixed,strong_noise,1.0
2,0.5385041907699892,0.104,0.06657890474750092,0.06692771714266094,0.026578904747500916,0.09600000000000002,0.12257890474750094,104,52,444,900,0.6666666666666666,0.1897810218978102,0.2954545454545454,l_shape_strong_noise_hard_mixed,strong_noise,1.0
3,0.543662000264991,0.10266666666666667,0.06658124540731315,0.06699710956161122,0.026581245407313152,0.09733333333333334,0.12391457874064649,103,51,445,901,0.6688311688311688,0.18795620437956204,0.2934472934472934,l_shape_strong_noise_hard_mixed,strong_noise,1.0
4,0.5481578244129507,0.098,0.0657032597365413,0.066424991615733,0.0257032597365413,0.10200000000000001,0.1277032597365413,98,49,450,903,0.6666666666666666,0.17883211678832117,0.2820143884892086,l_shape_strong_noise_hard_mixed,strong_noise,1.0
5,0.5485643438860333,0.098,0.0657032597365413,0.066424991615733,0.0257032597365413,0.10200000000000001,0.1277032597365413,98,49,450,903,0.6666666666666666,0.17883211678832117,0.2820143884892086,l_shape_strong_noise_hard_mixed,strong_noise,1.0
0,0.5,0.14733333333333334,0.06216762314034194,0.0734172074364627,0.022167623140341937,0.05266666666666667,0.0748342898070086,132,89,387,892,0.5972850678733032,0.2543352601156069,0.3567567567567567,l_shape_strong_noise_medium_2,strong_noise,1.0
1,0.5180019129473505,0.12866666666666668,0.06300985760610292,0.0719687541675569,0.02300985760610292,0.07133333333333333,0.09434319093943624,120,73,399,908,0.6217616580310881,0.23121387283236994,0.33707865168539325,l_shape_strong_noise_medium_2,strong_noise,1.0
2,0.5283549614928897,0.116,0.063317955802383,0.07151373884707879,0.023317955802383,0.084,0.10731795580238301,108,66,411,915,0.6206896551724138,0.20809248554913296,0.31168831168831174,l_shape_strong_noise_medium_2,strong_noise,1.0
3,0.5329908730976557,0.10933333333333334,0.0623875191158142,0.07198585917545373,0.0223875191158142,0.09066666666666667,0.11305418578248087,101,63,418,918,0.6158536585365854,0.19460500963391136,0.2957540263543192,l_shape_strong_noise_medium_2,strong_noise,1.0
4,0.5324325779959508,0.11,0.06263512739125898,0.07183229138871773,0.02263512739125898,0.09000000000000001,0.112635127391259,102,63,417,918,0.6181818181818182,0.19653179190751446,0.2982456140350877,l_shape_strong_noise_medium_2,strong_noise,1.0
5,0.5327028327784687,0.10933333333333334,0.0623875191158142,0.07198585917545373,0.0223875191158142,0.09066666666666667,0.11305418578248087,101,63,418,918,0.6158536585365854,0.19460500963391136,0.2957540263543192,l_shape_strong_noise_medium_2,strong_noise,1.0
6,0.5321445376767638,0.11,0.06263512739125898,0.07183229138871773,0.02263512739125898,0.09000000000000001,0.112635127391259,102,63,417,918,0.6181818181818182,0.19653179190751446,0.2982456140350877,l_shape_strong_noise_medium_2,strong_noise,1.0
7,0.5324147924592818,0.11,0.06263512739125898,0.07183229138871773,0.02263512739125898,0.09000000000000001,0.112635127391259,102,63,417,918,0.6181818181818182,0.19653179190751446,0.2982456140350877,l_shape_strong_noise_medium_2,strong_noise,1.0
0,0.5,0.16,0.060630310902321,0.07843724498868629,0.020630310902321,0.04000000000000001,0.06063031090232101,129,111,411,849,0.5375,0.2388888888888889,0.33076923076923076,l_shape_strong_noise_medium_3,strong_noise,1.0
1,0.521260621804642,0.128,0.06309771729421633,0.07379664483382334,0.02309771729421633,0.07200000000000001,0.09509771729421634,114,78,426,882,0.59375,0.2111111111111111,0.3114754098360656,l_shape_strong_noise_medium_3,strong_noise,1.0
2,0.5314560563930747,0.11666666666666667,0.06366474286060907,0.07427618525220064,0.023664742860609066,0.08333333333333334,0.10699807619394242,103,72,437,888,0.5885714285714285,0.19074074074074074,0.2881118881118881,l_shape_strong_noise_medium_3,strong_noise,1.0
3,0.5371188754476262,0.11133333333333334,0.06439768014308073,0.07393349112601008,0.024397680143080726,0.08866666666666667,0.11306434680974739,98,69,442,891,0.5868263473053892,0.1814814814814815,0.27722772277227725,l_shape_strong_noise_medium_3,strong_noise,1.0
4,0.5415809024004543,0.10733333333333334,0.06482909767192215,0.07346886742538383,0.024829097671922144,0.09266666666666667,0.11749576433858883,96,65,444,895,0.5962732919254659,0.17777777777777778,0.2738944365192582,l_shape_strong_noise_medium_3,strong_noise,1.0
5,0.5449057644109653,0.10266666666666667,0.06462713289864082,0.07310877098802278,0.024627132898640818,0.09733333333333334,0.12196046623197415,94,60,446,900,0.6103896103896104,0.17407407407407408,0.2708933717579251,l_shape_strong_noise_medium_3,strong_noise,1.0
6,0.5454933635415803,0.10133333333333333,0.06442639217549162,0.0726539547078986,0.02442639217549162,0.09866666666666668,0.12309305884215829,94,58,446,902,0.618421052631579,0.17407407407407408,0.2716763005780347,l_shape_strong_noise_medium_3,strong_noise,1.0
7,0.5450128145592302,0.102,0.06481844413037634,0.072813409340695,0.024818444130376337,0.09800000000000002,0.12281844413037635,94,59,446,901,0.6143790849673203,0.17407407407407408,0.2712842712842713,l_shape_strong_noise_medium_3,strong_noise,1.0
8,0.5456497028199829,0.10133333333333333,0.06442639217549162,0.0726539547078986,0.02442639217549162,0.09866666666666668,0.12309305884215829,94,58,446,902,0.618421052631579,0.17407407407407408,0.2716763005780347,l_shape_strong_noise_medium_3,strong_noise,1.0
9,0.5451691538376329,0.102,0.06481844413037634,0.072813409340695,0.024818444130376337,0.09800000000000002,0.12281844413037635,94,59,446,901,0.6143790849673203,0.17407407407407408,0.2712842712842713,l_shape_strong_noise_medium_3,strong_noise,1.0
10,0.5458060420983856,0.10133333333333333,0.06442639217549162,0.0726539547078986,0.02442639217549162,0.09866666666666668,0.12309305884215829,94,58,446,902,0.618421052631579,0.17407407407407408,0.2716763005780347,l_shape_strong_noise_medium_3,strong_noise,1.0
11,0.5453254931160355,0.10133333333333333,0.06442639217549162,0.0726539547078986,0.02442639217549162,0.09866666666666668,0.12309305884215829,94,58,446,902,0.618421052631579,0.17407407407407408,0.2716763005780347,l_shape_strong_noise_medium_3,strong_noise,1.0
0,0.5,0.0205,0.047100719452770626,0.14132211728023236,0.007100719452770625,0.17950000000000002,0.18660071945277065,18,23,224,1735,0.43902439024390244,0.0743801652892562,0.127208480565371,real_20260626_143302_palletizer_005_part_2_refined_from_voxel005_easy,real_previous_registration,1.0
1,0.42445143890554127,0.043,0.04796949174651673,0.13964896951720993,0.007969491746516733,0.15700000000000003,0.16496949174651676,31,55,211,1703,0.36046511627906974,0.128099173553719,0.1890243902439024,real_20260626_143302_palletizer_005_part_2_refined_from_voxel005_easy,real_previous_registration,1.0
2,0.3618904223985747,0.0885,0.05555029737112064,0.15105445898142097,0.015550297371120639,0.11150000000000002,0.12705029737112067,50,127,192,1631,0.2824858757062147,0.2066115702479339,0.2386634844868735,real_20260626_143302_palletizer_005_part_2_refined_from_voxel005_easy,real_previous_registration,1.0
3,0.337241017140816,0.113,0.057298523786172416,0.15222488627050051,0.017298523786172415,0.08700000000000001,0.10429852378617242,66,160,176,1598,0.2920353982300885,0.2727272727272727,0.28205128205128205,real_20260626_143302_palletizer_005_part_2_refined_from_voxel005_easy,real_previous_registration,1.0
4,0.32833806471316085,0.1245,0.058241224248498716,0.1516329115420322,0.018241224248498715,0.07550000000000001,0.09374122424849873,73,176,169,1582,0.2931726907630522,0.30165289256198347,0.2973523421588595,real_20260626_143302_palletizer_005_part_2_refined_from_voxel005_easy,real_previous_registration,1.0
5,0.3270705132101583,0.128,0.05909851459570526,0.15152648233012792,0.01909851459570526,0.07200000000000001,0.09109851459570527,76,180,166,1578,0.296875,0.3140495867768595,0.3052208835341365,real_20260626_143302_palletizer_005_part_2_refined_from_voxel005_easy,real_previous_registration,1.0
6,0.3292675424015688,0.1235,0.0583333838758028,0.15199082867524097,0.0183333838758028,0.07650000000000001,0.09483338387580281,72,175,170,1583,0.291497975708502,0.2975206611570248,0.29447852760736193,real_20260626_143302_palletizer_005_part_2_refined_from_voxel005_easy,real_previous_registration,1.0
7,0.3276843101531744,0.1255,0.058667860495644215,0.15162235711109515,0.018667860495644215,0.07450000000000001,0.09316786049564423,74,177,168,1581,0.2948207171314741,0.30578512396694213,0.30020283975659223,real_20260626_143302_palletizer_005_part_2_refined_from_voxel005_easy,real_previous_registration,1.0
8,0.3277700311444628,0.1255,0.058667860495644215,0.15162235711109515,0.018667860495644215,0.07450000000000001,0.09316786049564423,74,177,168,1581,0.2948207171314741,0.30578512396694213,0.30020283975659223,real_20260626_143302_palletizer_005_part_2_refined_from_voxel005_easy,real_previous_registration,1.0
0,0.5,0.014042867701404288,0.01843475899745938,0.13411971926073812,0.0,0.18595713229859573,0.18595713229859573,3,16,255,1079,0.15789473684210525,0.011627906976744186,0.021660649819494584,real_20260626_144015_pallet_rack_05_part1_refined_from_voxel005_easy,real_previous_registration,1.0
1,0.4070214338507021,0.06282335550628233,0.023216352526585316,0.12488768898270201,0.0,0.1371766444937177,0.1371766444937177,17,68,241,1027,0.2,0.06589147286821706,0.09912536443148688,real_20260626_144015_pallet_rack_05_part1_refined_from_voxel005_easy,real_previous_registration,1.0
2,0.33843311160384326,0.23503325942350334,0.027579015297207025,0.1331344354313477,0.0,0.0,0.0,54,264,204,831,0.16981132075471697,0.20930232558139536,0.18749999999999997,real_20260626_144015_pallet_rack_05_part1_refined_from_voxel005_easy,real_previous_registration,1.0
3,0.33843311160384326,0.23503325942350334,0.027579015297207025,0.1331344354313477,0.0,0.0,0.0,54,264,204,831,0.16981132075471697,0.20930232558139536,0.18749999999999997,real_20260626_144015_pallet_rack_05_part1_refined_from_voxel005_easy,real_previous_registration,1.0
0,0.5,0.004434589800443459,0.08095039126446128,0.11427410758301666,0.04095039126446128,0.19556541019955656,0.23651580146401785,2,4,442,905,0.3333333333333333,0.0045045045045045045,0.008888888888888889,real_20260626_161831_pallet_rack_cluster021_part1_ransac_icp_voxel005_easy,real_previous_registration,1.0
1,0.48411807742914426,0.005912786400591279,0.0781914519591548,0.1162515308276901,0.038191451959154805,0.19408721359940873,0.23227866555856352,3,5,441,904,0.375,0.006756756756756757,0.013274336283185842,real_20260626_161831_pallet_rack_cluster021_part1_ransac_icp_voxel005_easy,real_previous_registration,1.0
2,0.4634573745477495,0.008869179600886918,0.07205112764485862,0.11098975355234335,0.03205112764485862,0.19113082039911308,0.2231819480439717,5,7,439,902,0.4166666666666667,0.01126126126126126,0.021929824561403508,real_20260626_161831_pallet_rack_cluster021_part1_ransac_icp_voxel005_easy,real_previous_registration,1.0
3,0.4319942196379102,0.016260162601626018,0.05977980256486744,0.11042255912652758,0.019779802564867437,0.183739837398374,0.20351963996324143,9,13,435,896,0.4090909090909091,0.02027027027027027,0.03862660944206009,real_20260626_161831_pallet_rack_cluster021_part1_ransac_icp_voxel005_easy,real_previous_registration,1.0
4,0.37968390606845803,0.06208425720620843,0.05825545713662951,0.11458209118967118,0.01825545713662951,0.1379157427937916,0.1561711999304211,31,53,413,856,0.36904761904761907,0.06981981981981981,0.11742424242424242,real_20260626_161831_pallet_rack_cluster021_part1_ransac_icp_voxel005_easy,real_previous_registration,1.0
5,0.34723694894482127,0.12342941611234294,0.057190718422449376,0.11084608585252181,0.017190718422449375,0.07657058388765707,0.09376130231010645,64,103,380,806,0.38323353293413176,0.14414414414414414,0.20949263502454993,real_20260626_161831_pallet_rack_cluster021_part1_ransac_icp_voxel005_easy,real_previous_registration,1.0
6,0.3433330938458915,0.1337767923133777,0.05787785044824074,0.10897730824736006,0.017877850448240737,0.06622320768662232,0.08410105813486306,74,107,370,802,0.4088397790055249,0.16666666666666666,0.23679999999999995,real_20260626_161831_pallet_rack_cluster021_part1_ransac_icp_voxel005_easy,real_previous_registration,1.0
7,0.3459771908990618,0.12490761271249076,0.05782790901795836,0.11015466703600887,0.01782790901795836,0.07509238728750925,0.09292029630546761,66,103,378,806,0.3905325443786982,0.14864864864864866,0.21533442088091354,real_20260626_161831_pallet_rack_cluster021_part1_ransac_icp_voxel005_easy,real_previous_registration,1.0
8,0.3440868152912239,0.1286031042128603,0.05842289890009626,0.10890399981877394,0.01842289890009626,0.0713968957871397,0.08981979468723597,71,103,373,806,0.40804597701149425,0.15990990990990991,0.2297734627831715,real_20260626_161831_pallet_rack_cluster021_part1_ransac_icp_voxel005_easy,real_previous_registration,1.0
9,0.3452341651978466,0.1271249076127125,0.05820877143589979,0.10940659579842217,0.018208771435899787,0.07287509238728751,0.0910838638231873,69,103,375,806,0.4011627906976744,0.1554054054054054,0.22402597402597402,real_20260626_161831_pallet_rack_cluster021_part1_ransac_icp_voxel005_easy,real_previous_registration,1.0
10,0.3452141618760024,0.1271249076127125,0.05820877143589979,0.10940659579842217,0.018208771435899787,0.07287509238728751,0.0910838638231873,69,103,375,806,0.4011627906976744,0.1554054054054054,0.22402597402597402,real_20260626_161831_pallet_rack_cluster021_part1_ransac_icp_voxel005_easy,real_previous_registration,1.0
0,0.5,0.007390983000739098,0.01583592821949135,0.13187238440481514,0.0,0.19260901699926092,0.19260901699926092,0,10,363,980,0.0,0.0,0.0,real_20260626_161831_pallet_rack_cluster021_part1_ransac_icp_voxel005_hard,real_previous_registration,1.0
1,0.40369549150036954,0.028824833702882482,0.027905681553406884,0.12347396738151722,0.0,0.17117516629711754,0.17117516629711754,7,32,356,958,0.1794871794871795,0.01928374655647383,0.03482587064676617,real_20260626_161831_pallet_rack_cluster021_part1_ransac_icp_voxel005_hard,real_previous_registration,1.0
2,0.3181079083518108,0.21655580192165558,0.029097751141571798,0.12027754650990112,0.0,0.0,0.0,82,211,281,779,0.27986348122866894,0.22589531680440772,0.25,real_20260626_161831_pallet_rack_cluster021_part1_ransac_icp_voxel005_hard,real_previous_registration,1.0
3,0.3181079083518108,0.21655580192165558,0.029097751141571798,0.12027754650990112,0.0,0.0,0.0,82,211,281,779,0.27986348122866894,0.22589531680440772,0.25,real_20260626_161831_pallet_rack_cluster021_part1_ransac_icp_voxel005_hard,real_previous_registration,1.0
0,0.5,0.0029651593773165306,0.15844615720845923,0.13718422207284242,0.11844615720845922,0.19703484062268348,0.3154809978311427,0,4,203,1142,0.0,0.0,0.0,real_20260626_161911_pallet_rack_cluster021_part1_refined_from_voxel005_easy,real_previous_registration,1.0
1,0.6383748941055767,0.0,0.1191944288853074,0.21191185106026034,0.0791944288853074,0.2,0.27919442888530743,0,0,203,1146,0.0,0.0,0.0,real_20260626_161911_pallet_rack_cluster021_part1_refined_from_voxel005_easy,real_previous_registration,1.0
2,0.6967637518761914,0.0,0.1191944288853074,0.21191185106026034,0.0791944288853074,0.2,0.27919442888530743,0,0,203,1146,0.0,0.0,0.0,real_20260626_161911_pallet_rack_cluster021_part1_refined_from_voxel005_easy,real_previous_registration,1.0
0,0.5,0.0,0.15315000925446864,0.1708294156247957,0.11315000925446864,0.2,0.3131500092544687,0,0,375,976,0.0,0.0,0.0,real_20260626_161911_pallet_rack_cluster021_part1_refined_from_voxel005_medium,real_previous_registration,1.0
1,0.6263000185089372,0.0,0.15315000925446864,0.1708294156247957,0.11315000925446864,0.2,0.3131500092544687,0,0,375,976,0.0,0.0,0.0,real_20260626_161911_pallet_rack_cluster021_part1_refined_from_voxel005_medium,real_previous_registration,1.0
0,0.5,0.0,0.11897978707866294,0.18963641773073536,0.07897978707866293,0.2,0.27897978707866294,0,0,291,764,0.0,0.0,0.0,real_20260626_163327_pallet_rack_cluster022_part1_ransac_icp_voxel005_easy,real_previous_registration,1.0
1,0.5579595741573259,0.0,0.11897978707866294,0.18963641773073536,0.07897978707866293,0.2,0.27897978707866294,0,0,291,764,0.0,0.0,0.0,real_20260626_163327_pallet_rack_cluster022_part1_ransac_icp_voxel005_easy,real_previous_registration,1.0
0,0.5,0.0,0.30060915499049434,0.32615352305957535,0.26060915499049436,0.2,0.4606091549904944,0,0,60,788,0.0,0.0,0.0,real_20260626_163327_pallet_rack_cluster022_part1_ransac_icp_voxel005_hard,real_previous_registration,1.0
1,0.9212183099809887,0.0,0.30060915499049434,0.32615352305957535,0.26060915499049436,0.2,0.4606091549904944,0,0,60,788,0.0,0.0,0.0,real_20260626_163327_pallet_rack_cluster022_part1_ransac_icp_voxel005_hard,real_previous_registration,1.0
0,0.5,0.0007680491551459293,0.0074875723509491,0.0851633327960113,0.0,0.1992319508448541,0.1992319508448541,1,0,241,1060,1.0,0.004132231404958678,0.008230452674897118,real_20260626_163327_pallet_rack_cluster022_part1_ransac_icp_voxel005_medium,real_previous_registration,1.0
1,0.40038402457757294,0.009216589861751152,0.11960581241691874,0.2039383754712486,0.07960581241691875,0.19078341013824887,0.2703892225551676,3,9,239,1051,0.25,0.012396694214876033,0.023622047244094488,real_20260626_163327_pallet_rack_cluster022_part1_ransac_icp_voxel005_medium,real_previous_registration,1.0
2,0.464203944342286,0.0007680491551459293,0.0074875723509491,0.0851633327960113,0.0,0.1992319508448541,0.1992319508448541,1,0,241,1060,1.0,0.004132231404958678,0.008230452674897118,real_20260626_163327_pallet_rack_cluster022_part1_ransac_icp_voxel005_medium,real_previous_registration,1.0
3,0.36458796891985895,0.047619047619047616,0.1324871903937259,0.1947017700242952,0.09248719039372588,0.1523809523809524,0.24486814277467828,26,36,216,1024,0.41935483870967744,0.10743801652892562,0.17105263157894735,real_20260626_163327_pallet_rack_cluster022_part1_ransac_icp_voxel005_medium,real_previous_registration,1.0
4,0.4733718735168345,0.0007680491551459293,0.0074875723509491,0.0851633327960113,0.0,0.1992319508448541,0.1992319508448541,1,0,241,1060,1.0,0.004132231404958678,0.008230452674897118,real_20260626_163327_pallet_rack_cluster022_part1_ransac_icp_voxel005_medium,real_previous_registration,1.0
5,0.37375589809440746,0.03379416282642089,0.13951517186910886,0.2119755893597584,0.09951517186910885,0.16620583717357912,0.265721009042688,15,29,227,1031,0.3409090909090909,0.06198347107438017,0.1048951048951049,real_20260626_163327_pallet_rack_cluster022_part1_ransac_icp_voxel005_medium,real_previous_registration,1.0
6,0.48968332324583563,0.0007680491551459293,0.0074875723509491,0.0851633327960113,0.0,0.1992319508448541,0.1992319508448541,1,0,241,1060,1.0,0.004132231404958678,0.008230452674897118,real_20260626_163327_pallet_rack_cluster022_part1_ransac_icp_voxel005_medium,real_previous_registration,1.0
7,0.3900673478234086,0.017665130568356373,0.12321217827533139,0.19311349316487447,0.0832121782753314,0.18233486943164365,0.265547047706975,9,14,233,1046,0.391304347826087,0.0371900826446281,0.0679245283018868,real_20260626_163327_pallet_rack_cluster022_part1_ransac_icp_voxel005_medium,real_previous_registration,1.0
8,0.4653242696582495,0.0007680491551459293,0.0074875723509491,0.0851633327960113,0.0,0.1992319508448541,0.1992319508448541,1,0,241,1060,1.0,0.004132231404958678,0.008230452674897118,real_20260626_163327_pallet_rack_cluster022_part1_ransac_icp_voxel005_medium,real_previous_registration,1.0
9,0.36570829423582246,0.0445468509984639,0.13282051034896047,0.19555246181861996,0.09282051034896047,0.15545314900153612,0.24827365935049658,24,34,218,1026,0.41379310344827586,0.09917355371900827,0.16,real_20260626_163327_pallet_rack_cluster022_part1_ransac_icp_voxel005_medium,real_previous_registration,1.0
10,0.47362274043297536,0.0007680491551459293,0.0074875723509491,0.0851633327960113,0.0,0.1992319508448541,0.1992319508448541,1,0,241,1060,1.0,0.004132231404958678,0.008230452674897118,real_20260626_163327_pallet_rack_cluster022_part1_ransac_icp_voxel005_medium,real_previous_registration,1.0
11,0.3740067650105483,0.03379416282642089,0.13951517186910886,0.2119755893597584,0.09951517186910885,0.16620583717357912,0.265721009042688,15,29,227,1031,0.3409090909090909,0.06198347107438017,0.1048951048951049,real_20260626_163327_pallet_rack_cluster022_part1_ransac_icp_voxel005_medium,real_previous_registration,1.0
12,0.4899341901619765,0.0007680491551459293,0.0074875723509491,0.0851633327960113,0.0,0.1992319508448541,0.1992319508448541,1,0,241,1060,1.0,0.004132231404958678,0.008230452674897118,real_20260626_163327_pallet_rack_cluster022_part1_ransac_icp_voxel005_medium,real_previous_registration,1.0
13,0.3903182147395494,0.017665130568356373,0.12321217827533139,0.19311349316487447,0.0832121782753314,0.18233486943164365,0.265547047706975,9,14,233,1046,0.391304347826087,0.0371900826446281,0.0679245283018868,real_20260626_163327_pallet_rack_cluster022_part1_ransac_icp_voxel005_medium,real_previous_registration,1.0
14,0.46557513657439037,0.0007680491551459293,0.0074875723509491,0.0851633327960113,0.0,0.1992319508448541,0.1992319508448541,1,0,241,1060,1.0,0.004132231404958678,0.008230452674897118,real_20260626_163327_pallet_rack_cluster022_part1_ransac_icp_voxel005_medium,real_previous_registration,1.0
15,0.3659591611519633,0.0445468509984639,0.13282051034896047,0.19555246181861996,0.09282051034896047,0.15545314900153612,0.24827365935049658,24,34,218,1026,0.41379310344827586,0.09917355371900827,0.16,real_20260626_163327_pallet_rack_cluster022_part1_ransac_icp_voxel005_medium,real_previous_registration,1.0
16,0.4738736073491162,0.0007680491551459293,0.0074875723509491,0.0851633327960113,0.0,0.1992319508448541,0.1992319508448541,1,0,241,1060,1.0,0.004132231404958678,0.008230452674897118,real_20260626_163327_pallet_rack_cluster022_part1_ransac_icp_voxel005_medium,real_previous_registration,1.0
17,0.37425763192668915,0.03379416282642089,0.13951517186910886,0.2119755893597584,0.09951517186910885,0.16620583717357912,0.265721009042688,15,29,227,1031,0.3409090909090909,0.06198347107438017,0.1048951048951049,real_20260626_163327_pallet_rack_cluster022_part1_ransac_icp_voxel005_medium,real_previous_registration,1.0
18,0.4901850570781173,0.0007680491551459293,0.0074875723509491,0.0851633327960113,0.0,0.1992319508448541,0.1992319508448541,1,0,241,1060,1.0,0.004132231404958678,0.008230452674897118,real_20260626_163327_pallet_rack_cluster022_part1_ransac_icp_voxel005_medium,real_previous_registration,1.0
19,0.39056908165569026,0.017665130568356373,0.12321217827533139,0.19311349316487447,0.0832121782753314,0.18233486943164365,0.265547047706975,9,14,233,1046,0.391304347826087,0.0371900826446281,0.0679245283018868,real_20260626_163327_pallet_rack_cluster022_part1_ransac_icp_voxel005_medium,real_previous_registration,1.0
0,0.5,0.0,0.09154252768159964,0.15262279010991983,0.051542527681599636,0.2,0.2515425276815996,0,0,168,648,0.0,0.0,0.0,real_20260703_131528_rm00_0260_02_cluster022_part1_ransac_icp_voxel005_easy,real_previous_registration,1.0
1,0.5030850553631993,0.0,0.09154252768159964,0.15262279010991983,0.051542527681599636,0.2,0.2515425276815996,0,0,168,648,0.0,0.0,0.0,real_20260703_131528_rm00_0260_02_cluster022_part1_ransac_icp_voxel005_easy,real_previous_registration,1.0
0,0.5,0.0,0.11396984304866493,0.19849881410323333,0.07396984304866494,0.2,0.27396984304866495,0,0,77,796,0.0,0.0,0.0,real_20260703_131528_rm00_0260_02_cluster022_part1_ransac_icp_voxel005_hard,real_previous_registration,1.0
1,0.5479396860973299,0.0,0.11396984304866493,0.19849881410323333,0.07396984304866494,0.2,0.27396984304866495,0,0,77,796,0.0,0.0,0.0,real_20260703_131528_rm00_0260_02_cluster022_part1_ransac_icp_voxel005_hard,real_previous_registration,1.0
0,0.5,0.0,0.07279196134578034,0.1478134199839435,0.032791961345780336,0.2,0.23279196134578034,0,0,303,578,0.0,0.0,0.0,real_20260703_131528_rm00_0260_02_cluster022_part1_ransac_icp_voxel005_medium,real_previous_registration,1.0
1,0.4655839226915607,0.0,0.07279196134578034,0.1478134199839435,0.032791961345780336,0.2,0.23279196134578034,0,0,303,578,0.0,0.0,0.0,real_20260703_131528_rm00_0260_02_cluster022_part1_ransac_icp_voxel005_medium,real_previous_registration,1.0
0,0.5,0.0045351473922902496,0.057704018731147576,0.05745489581028853,0.017704018731147575,0.19546485260770977,0.21316887133885734,4,0,594,284,1.0,0.006688963210702341,0.013289036544850499,real_20260703_135250_rm00_0260_02_cluster029_full_refined_from_voxel005_easy,real_previous_registration,1.0
1,0.4376756111584403,0.018140589569160998,0.049909093054743496,0.06451878899243477,0.009909093054743495,0.181859410430839,0.1917685034855825,15,1,583,283,0.9375,0.02508361204013378,0.048859934853420196,real_20260703_135250_rm00_0260_02_cluster029_full_refined_from_voxel005_easy,real_previous_registration,1.0
2,0.3665640920525078,0.10430839002267574,0.02680760837758112,0.07023890127447906,0.0,0.09569160997732427,0.09569160997732427,86,6,512,278,0.9347826086956522,0.14381270903010032,0.24927536231884057,real_20260703_135250_rm00_0260_02_cluster029_full_refined_from_voxel005_easy,real_previous_registration,1.0
3,0.31871828706384564,0.24263038548752835,0.02620691064161568,0.07166288163675874,0.0,0.0,0.0,194,20,404,264,0.9065420560747663,0.32441471571906355,0.47783251231527096,real_20260703_135250_rm00_0260_02_cluster029_full_refined_from_voxel005_easy,real_previous_registration,1.0
4,0.31871828706384564,0.24263038548752835,0.02620691064161568,0.07166288163675874,0.0,0.0,0.0,194,20,404,264,0.9065420560747663,0.32441471571906355,0.47783251231527096,real_20260703_135250_rm00_0260_02_cluster029_full_refined_from_voxel005_easy,real_previous_registration,1.0
0,0.5,0.003401360544217687,0.03892978237921007,0.11206199309332564,0.0,0.19659863945578232,0.19659863945578232,1,2,284,595,0.3333333333333333,0.0035087719298245615,0.006944444444444445,real_20260703_135250_rm00_0260_02_cluster029_full_refined_from_voxel005_medium,real_previous_registration,1.0
1,0.4017006802721088,0.07482993197278912,0.06081749567562193,0.09007878740534377,0.020817495675621932,0.1251700680272109,0.14598756370283283,38,28,247,569,0.5757575757575758,0.13333333333333333,0.21652421652421655,real_20260703_135250_rm00_0260_02_cluster029_full_refined_from_voxel005_medium,real_previous_registration,1.0
2,0.38075063760974726,0.12018140589569161,0.046845270383223656,0.09580879370827808,0.006845270383223655,0.0798185941043084,0.08666386448753205,54,52,231,545,0.5094339622641509,0.18947368421052632,0.2762148337595908,real_20260703_135250_rm00_0260_02_cluster029_full_refined_from_voxel005_medium,real_previous_registration,1.0
3,0.35453188132404034,0.17006802721088435,0.04159292567907806,0.0967487492477982,0.0015929256790780597,0.029931972789115663,0.03152489846819372,73,77,212,520,0.4866666666666667,0.256140350877193,0.335632183908046,real_20260703_135250_rm00_0260_02_cluster029_full_refined_from_voxel005_medium,real_previous_registration,1.0
4,0.3427517462876386,0.19501133786848074,0.04015087632457447,0.09728021012249245,0.0001508763245744657,0.0049886621315192725,0.005139538456093738,83,89,202,508,0.48255813953488375,0.2912280701754386,0.363238512035011,real_20260703_135250_rm00_0260_02_cluster029_full_refined_from_voxel005_medium,real_previous_registration,1.0
5,0.3405591678710279,0.20068027210884354,0.039452553950357634,0.09700654216355242,0.0,0.0,0.0,87,90,198,507,0.4915254237288136,0.30526315789473685,0.37662337662337664,real_20260703_135250_rm00_0260_02_cluster029_full_refined_from_voxel005_medium,real_previous_registration,1.0
6,0.3405591678710279,0.20068027210884354,0.039452553950357634,0.09700654216355242,0.0,0.0,0.0,87,90,198,507,0.4915254237288136,0.30526315789473685,0.37662337662337664,real_20260703_135250_rm00_0260_02_cluster029_full_refined_from_voxel005_medium,real_previous_registration,1.0
0,0.5,0.0,0.08961609481341516,0.1288646217265496,0.04961609481341516,0.2,0.24961609481341518,0,0,230,467,0.0,0.0,0.0,real_20260706_130424_table_cluster004_table1_refined_from_identity_scale1_hard,real_previous_registration,1.0
1,0.4992321896268303,0.0,0.08961609481341516,0.1288646217265496,0.04961609481341516,0.2,0.24961609481341518,0,0,230,467,0.0,0.0,0.0,real_20260706_130424_table_cluster004_table1_refined_from_identity_scale1_hard,real_previous_registration,1.0
0,0.5,0.0,0.14429884766797277,0.2103770941401623,0.10429884766797276,0.2,0.30429884766797277,0,0,55,642,0.0,0.0,0.0,real_20260706_130424_table_cluster004_table1_refined_from_identity_scale1_medium,real_previous_registration,1.0
1,0.6085976953359455,0.0,0.14429884766797277,0.2103770941401623,0.10429884766797276,0.2,0.30429884766797277,0,0,55,642,0.0,0.0,0.0,real_20260706_130424_table_cluster004_table1_refined_from_identity_scale1_medium,real_previous_registration,1.0
0,0.5,0.08571428571428572,0.14056529537651669,0.09374669390712674,0.10056529537651668,0.1142857142857143,0.21485100966223097,55,35,388,572,0.6111111111111112,0.12415349887133183,0.2063789868667917,real_20260706_145031_table2_cluster004_table2_refined_from_identity_easy,real_previous_registration,1.0
1,0.6439877336101762,0.004761904761904762,0.139375481427951,0.08712924046469481,0.099375481427951,0.19523809523809524,0.29461357666604626,3,2,440,605,0.6,0.006772009029345372,0.013392857142857142,real_20260706_145031_table2_cluster004_table2_refined_from_identity_easy,real_previous_registration,1.0
2,0.7451196488470306,0.0,0.12220895029570031,0.11120523474800566,0.0822089502957003,0.2,0.2822089502957003,0,0,443,607,0.0,0.0,0.0,real_20260706_145031_table2_cluster004_table2_refined_from_identity_easy,real_previous_registration,1.0
3,0.8095375494384313,0.0,0.12220895029570031,0.11120523474800566,0.0822089502957003,0.2,0.2822089502957003,0,0,443,607,0.0,0.0,0.0,real_20260706_145031_table2_cluster004_table2_refined_from_identity_easy,real_previous_registration,1.0
0,0.5,0.049523809523809526,0.09495849784242621,0.12550265123008011,0.054958497842426214,0.15047619047619049,0.2054346883186167,10,42,162,836,0.19230769230769232,0.05813953488372093,0.08928571428571427,real_20260706_145031_table2_cluster004_table2_refined_from_identity_hard,real_previous_registration,1.0
1,0.5346789004467571,0.029523809523809525,0.09752175275963682,0.12490595618378884,0.057521752759636814,0.17047619047619048,0.22799794323582728,5,26,167,852,0.16129032258064516,0.029069767441860465,0.04926108374384237,real_20260706_145031_table2_cluster004_table2_refined_from_identity_hard,real_previous_registration,1.0
2,0.5644843107279356,0.021904761904761906,0.10037577922451899,0.12796256885492358,0.060375779224518984,0.1780952380952381,0.2384710173197571,3,20,169,858,0.13043478260869565,0.01744186046511628,0.030769230769230767,real_20260706_145031_table2_cluster004_table2_refined_from_identity_hard,real_previous_registration,1.0
3,0.5961882501293545,0.011428571428571429,0.10170476738836354,0.12943608210905552,0.061704767388363536,0.18857142857142858,0.2502761959597921,1,11,171,867,0.08333333333333333,0.005813953488372093,0.010869565217391306,real_20260706_145031_table2_cluster004_table2_refined_from_identity_hard,real_previous_registration,1.0
4,0.6253120706203673,0.006666666666666667,0.10042094353284904,0.13196252999318753,0.06042094353284904,0.19333333333333336,0.2537542768661824,1,6,171,872,0.14285714285714285,0.005813953488372093,0.011173184357541898,real_20260706_145031_table2_cluster004_table2_refined_from_identity_hard,real_previous_registration,1.0
5,0.6494872910193987,0.005714285714285714,0.10009032386230789,0.1340106682656221,0.060090323862307886,0.19428571428571428,0.2543760381480222,1,5,171,873,0.16666666666666666,0.005813953488372093,0.011235955056179775,real_20260706_145031_table2_cluster004_table2_refined_from_identity_hard,real_previous_registration,1.0
6,0.6725250816011573,0.002857142857142857,0.10162666974290104,0.10469874191374899,0.061626669742901034,0.19714285714285715,0.25876952688575816,1,2,171,876,0.3333333333333333,0.005813953488372093,0.011428571428571429,real_20260706_145031_table2_cluster004_table2_refined_from_identity_hard,real_previous_registration,1.0
7,0.6972069925155309,0.0019047619047619048,0.10662255443198175,0.1160980870621077,0.06662255443198176,0.1980952380952381,0.26471779252721983,0,2,172,876,0.0,0.0,0.0,real_20260706_145031_table2_cluster004_table2_refined_from_identity_hard,real_previous_registration,1.0
8,0.7314044823318753,0.0009523809523809524,0.0955891134476615,0.1072620680313521,0.055589113447661494,0.19904761904761906,0.25463673249528057,0,1,172,877,0.0,0.0,0.0,real_20260706_145031_table2_cluster004_table2_refined_from_identity_hard,real_previous_registration,1.0
9,0.7430588997033887,0.0009523809523809524,0.0955891134476615,0.1072620680313521,0.055589113447661494,0.19904761904761906,0.25463673249528057,0,1,172,877,0.0,0.0,0.0,real_20260706_145031_table2_cluster004_table2_refined_from_identity_hard,real_previous_registration,1.0
0,0.5,0.011428571428571429,0.19239498497490645,0.0844798356935162,0.15239498497490644,0.18857142857142858,0.34096641354633506,8,4,267,771,0.6666666666666666,0.02909090909090909,0.055749128919860634,real_20260706_145031_table2_cluster004_table2_refined_from_identity_medium,real_previous_registration,1.0
1,0.7105042556640986,0.0009523809523809524,0.1528297705662519,0.0490975174580626,0.1128297705662519,0.19904761904761906,0.31187738961387096,1,0,274,775,1.0,0.0036363636363636364,0.007246376811594203,real_20260706_145031_table2_cluster004_table2_refined_from_identity_medium,real_previous_registration,1.0
2,0.8366399872727929,0.0,0.12948636268412547,0.14934632102975784,0.08948636268412546,0.2,0.2894863626841255,0,0,275,775,0.0,0.0,0.0,real_20260706_145031_table2_cluster004_table2_refined_from_identity_medium,real_previous_registration,1.0
3,0.9156127126410438,0.0,0.12948636268412547,0.14934632102975784,0.08948636268412546,0.2,0.2894863626841255,0,0,275,775,0.0,0.0,0.0,real_20260706_145031_table2_cluster004_table2_refined_from_identity_medium,real_previous_registration,1.0
0,0.5,0.04104104104104104,0.07805563031679374,0.32248457563849,0.038055630316793744,0.15895895895895898,0.19701458927575272,0,41,76,882,0.0,0.0,0.0,real_20260706_150131_table3_cluster004_table3_refined_from_identity_easy,real_previous_registration,1.0
1,0.496631781154108,0.04104104104104104,0.07805563031679374,0.32248457563849,0.038055630316793744,0.15895895895895898,0.19701458927575272,0,41,76,882,0.0,0.0,0.0,real_20260706_150131_table3_cluster004_table3_refined_from_identity_easy,real_previous_registration,1.0
0,0.5,0.002,0.2625853432536921,0.19150852470835567,0.2225853432536921,0.198,0.4205853432536921,0,2,88,910,0.0,0.0,0.0,real_20260706_150131_table3_cluster004_table3_refined_from_identity_medium,real_previous_registration,1.0
1,0.8461706865073841,0.0,0.2357627728787333,0.20488803457485313,0.19576277287873328,0.2,0.3957627728787333,0,0,88,912,0.0,0.0,0.0,real_20260706_150131_table3_cluster004_table3_refined_from_identity_medium,real_previous_registration,1.0
2,0.95,0.0,0.2357627728787333,0.20488803457485313,0.19576277287873328,0.2,0.3957627728787333,0,0,88,912,0.0,0.0,0.0,real_20260706_150131_table3_cluster004_table3_refined_from_identity_medium,real_previous_registration,1.0
0,0.5,0.0016384489350081922,0.051992110475948296,0.18052307741464158,0.011992110475948295,0.19836155106499181,0.2103536615409401,0,3,156,1672,0.0,0.0,0.0,real_20260706_153654_table_fanuc_cluster000_table1_refined_from_identity_easy,real_previous_registration,1.0
1,0.4248034454194007,0.01474604041507373,0.0586160108957043,0.18993416684855713,0.018616010895704298,0.18525395958492627,0.20386997048063057,4,23,152,1652,0.14814814814814814,0.02564102564102564,0.04371584699453552,real_20260706_153654_table_fanuc_cluster000_table1_refined_from_identity_easy,real_previous_registration,1.0
2,0.36940848741834614,0.08738394320043692,0.04341827408019661,0.22087849309449883,0.003418274080196612,0.11261605679956309,0.1160343308797597,8,152,148,1523,0.05,0.05128205128205128,0.05063291139240506,real_20260706_153654_table_fanuc_cluster000_table1_refined_from_identity_easy,real_previous_registration,1.0
3,0.31993700717895784,0.1780447842708902,0.04274698366117976,0.22539261115373746,0.0027469836611797582,0.0219552157291098,0.02470219939028956,15,311,141,1364,0.046012269938650305,0.09615384615384616,0.06224066390041493,real_20260706_153654_table_fanuc_cluster000_table1_refined_from_identity_easy,real_previous_registration,1.0
4,0.3144533666367625,0.18951392681594756,0.04256741204110646,0.22513307107704367,0.0025674120411064566,0.010486073184052452,0.013053485225158909,15,332,141,1343,0.043227665706051875,0.09615384615384616,0.05964214711729623,real_20260706_153654_table_fanuc_cluster000_table1_refined_from_identity_easy,real_previous_registration,1.0
5,0.3143451541269492,0.18951392681594756,0.04256741204110646,0.22513307107704367,0.0025674120411064566,0.010486073184052452,0.013053485225158909,15,332,141,1343,0.043227665706051875,0.09615384615384616,0.05964214711729623,real_20260706_153654_table_fanuc_cluster000_table1_refined_from_identity_easy,real_previous_registration,1.0
0,0.5,0.009538950715421303,0.06105615117430257,0.12182953221341616,0.021056151174302568,0.19046104928457872,0.21151720045888128,7,11,293,1576,0.3888888888888889,0.023333333333333334,0.04402515723270441,real_20260706_153654_table_fanuc_cluster000_table1_refined_from_identity_hard,real_previous_registration,1.0
1,0.44688177770631576,0.02490726020137785,0.06077908379333557,0.12502211015285053,0.020779083793335568,0.17509273979862217,0.19587182359195773,15,32,285,1555,0.3191489361702128,0.05,0.08645533141210375,real_20260706_153654_table_fanuc_cluster000_table1_refined_from_identity_hard,real_previous_registration,1.0
2,0.4008935753936758,0.06571277159512454,0.05807665340329109,0.12681595972664808,0.018076653403291086,0.13428722840487547,0.15236388180816657,33,91,267,1496,0.2661290322580645,0.11,0.1556603773584906,real_20260706_153654_table_fanuc_cluster000_table1_refined_from_identity_hard,real_previous_registration,1.0
3,0.36990326799782025,0.12082670906200318,0.05278038336835594,0.1337882759665688,0.012780383368355942,0.07917329093799683,0.09195367430635276,47,181,253,1406,0.20614035087719298,0.15666666666666668,0.17803030303030304,real_20260706_153654_table_fanuc_cluster000_table1_refined_from_identity_hard,real_previous_registration,1.0
4,0.3558773892655337,0.14520402755696873,0.05277015673474684,0.13468097263983206,0.012770156734746838,0.05479597244303128,0.06756612917777811,50,224,250,1363,0.18248175182481752,0.16666666666666666,0.17421602787456447,real_20260706_153654_table_fanuc_cluster000_table1_refined_from_identity_hard,real_previous_registration,1.0
5,0.3540197165135117,0.1483836777954425,0.05304972954978229,0.13489438259121428,0.013049729549782292,0.0516163222045575,0.06466605175433979,50,230,250,1357,0.17857142857142858,0.16666666666666666,0.17241379310344826,real_20260706_153654_table_fanuc_cluster000_table1_refined_from_identity_hard,real_previous_registration,1.0
6,0.35431101451079755,0.1483836777954425,0.05304972954978229,0.13489438259121428,0.013049729549782292,0.0516163222045575,0.06466605175433979,50,230,250,1357,0.17857142857142858,0.16666666666666666,0.17241379310344826,real_20260706_153654_table_fanuc_cluster000_table1_refined_from_identity_hard,real_previous_registration,1.0
0,0.5,0.013290802764486975,0.057354536246127054,0.15329947065810623,0.017354536246127053,0.18670919723551305,0.20406373348164009,3,22,304,1552,0.12,0.009771986970684038,0.018072289156626505,real_20260706_153654_table_fanuc_cluster000_table1_refined_from_identity_medium,real_previous_registration,1.0
1,0.44135447387449755,0.029771398192450824,0.06534019213587107,0.14399603760297922,0.02534019213587107,0.17022860180754917,0.19556879394342025,14,42,293,1532,0.25,0.04560260586319218,0.0771349862258953,real_20260706_153654_table_fanuc_cluster000_table1_refined_from_identity_medium,real_previous_registration,1.0
2,0.4069205572424651,0.05369484316852738,0.057997953185856904,0.14926144202448574,0.017997953185856903,0.14630515683147263,0.16430311001732953,19,82,288,1492,0.18811881188118812,0.06188925081433225,0.09313725490196079,real_20260706_153654_table_fanuc_cluster000_table1_refined_from_identity_medium,real_previous_registration,1.0
3,0.3697638851984426,0.11642743221690591,0.04431582670801086,0.16028985354283468,0.00431582670801086,0.0835725677830941,0.08788839449110497,28,191,279,1383,0.1278538812785388,0.09120521172638436,0.1064638783269962,real_20260706_153654_table_fanuc_cluster000_table1_refined_from_identity_medium,real_previous_registration,1.0
4,0.33660925472291725,0.17118553960659225,0.04893759379854946,0.15825232596792055,0.008937593798549456,0.028814460393407765,0.03775205419195722,44,278,263,1296,0.13664596273291926,0.14332247557003258,0.1399046104928458,real_20260706_153654_table_fanuc_cluster000_table1_refined_from_identity_medium,real_previous_registration,1.0
5,0.34007721212331227,0.16480595427963848,0.048476759326775316,0.1581968522707766,0.008476759326775316,0.03519404572036153,0.04367080504713684,42,268,265,1306,0.13548387096774195,0.13680781758957655,0.1361426256077796,real_20260706_153654_table_fanuc_cluster000_table1_refined_from_identity_medium,real_previous_registration,1.0
6,0.33943370791668215,0.16533758639021798,0.04838174463098154,0.15816394135543188,0.008381744630981541,0.03466241360978203,0.043044158240763575,42,269,265,1305,0.13504823151125403,0.13680781758957655,0.13592233009708737,real_20260706_153654_table_fanuc_cluster000_table1_refined_from_identity_medium,real_previous_registration,1.0
7,0.3388659903737542,0.16586921850079744,0.04851988684989881,0.15784379650710592,0.008519886849898808,0.03413078149920257,0.042650668349101375,43,269,264,1305,0.13782051282051283,0.14006514657980457,0.13893376413570277,real_20260706_153654_table_fanuc_cluster000_table1_refined_from_identity_medium,real_previous_registration,1.0
8,0.33884037332395056,0.16640085061137694,0.04840110097493969,0.15777121411484202,0.008401100974939686,0.03359914938862307,0.04200025036356276,43,270,264,1304,0.13738019169329074,0.14006514657980457,0.13870967741935486,real_20260706_153654_table_fanuc_cluster000_table1_refined_from_identity_medium,real_previous_registration,1.0
9,0.3388430005795184,0.16640085061137694,0.04840110097493969,0.15777121411484202,0.008401100974939686,0.03359914938862307,0.04200025036356276,43,270,264,1304,0.13738019169329074,0.14006514657980457,0.13870967741935486,real_20260706_153654_table_fanuc_cluster000_table1_refined_from_identity_medium,real_previous_registration,1.0
0,0.5,0.0552423900789177,0.0793363204279456,0.10826400571770296,0.0393363204279456,0.1447576099210823,0.1840939303490279,26,23,65,773,0.5306122448979592,0.2857142857142857,0.37142857142857144,real_20260707_154904_ur10_choko_base_cluster016_base_refined_from_center_v2_medium,real_previous_registration,1.0
1,0.50629383589535,0.046223224351747465,0.07869356881063798,0.10693306807833111,0.03869356881063798,0.15377677564825254,0.19247034445889052,22,19,69,777,0.5365853658536586,0.24175824175824176,0.3333333333333333,real_20260707_154904_ur10_choko_base_cluster016_base_refined_from_center_v2_medium,real_previous_registration,1.0
2,0.5067925856924997,0.046223224351747465,0.07869356881063798,0.10693306807833111,0.03869356881063798,0.15377677564825254,0.19247034445889052,22,19,69,777,0.5365853658536586,0.24175824175824176,0.3333333333333333,real_20260707_154904_ur10_choko_base_cluster016_base_refined_from_center_v2_medium,real_previous_registration,1.0
0,0.5,0.27607361963190186,0.0630077451938042,0.09511887464576331,0.023007745193804198,0.0,0.023007745193804198,140,220,109,835,0.3888888888888889,0.5622489959839357,0.4597701149425287,wall_column_added_outliers_hard_mixed,added_outliers,1.0
1,0.5460154903876084,0.21549079754601227,0.06850100595549286,0.08998529161001372,0.028501005955492854,0.0,0.028501005955492854,124,157,125,898,0.4412811387900356,0.4979919678714859,0.4679245283018868,wall_column_added_outliers_hard_mixed,added_outliers,1.0
2,0.6030175022985942,0.15720858895705522,0.0732563122958062,0.08475093256134762,0.0332563122958062,0.04279141104294479,0.07604772333875098,103,102,146,953,0.5024390243902439,0.41365461847389556,0.45374449339207046,wall_column_added_outliers_hard_mixed,added_outliers,1.0
3,0.6481344213687342,0.11349693251533742,0.07867393490809509,0.07788468828434449,0.038673934908095085,0.08650306748466259,0.12517700239275767,83,65,166,990,0.5608108108108109,0.3333333333333333,0.4181360201511335,wall_column_added_outliers_hard_mixed,added_outliers,1.0
4,0.6822307574425931,0.0897239263803681,0.08150063984078304,0.07392696971109325,0.04150063984078304,0.11027607361963192,0.15177671346041496,70,47,179,1008,0.5982905982905983,0.28112449799196787,0.3825136612021857,wall_column_added_outliers_hard_mixed,added_outliers,1.0
5,0.7100940003143432,0.06058282208588957,0.08192527108105009,0.0699082187311316,0.04192527108105009,0.13941717791411046,0.18134244899516055,48,31,201,1024,0.6075949367088608,0.1927710843373494,0.2926829268292683,wall_column_added_outliers_hard_mixed,added_outliers,1.0
6,0.7242359535193882,0.05291411042944785,0.08377318818771579,0.06692241940837126,0.043773188187715785,0.14708588957055216,0.19085907775826794,44,25,205,1030,0.6376811594202898,0.17670682730923695,0.27672955974842767,wall_column_added_outliers_hard_mixed,added_outliers,1.0
7,0.7382393851095437,0.04217791411042945,0.08648413582052875,0.06277202754463584,0.046484135820528745,0.15782208588957056,0.2043062217100993,38,17,211,1038,0.6909090909090909,0.15261044176706828,0.25,wall_column_added_outliers_hard_mixed,added_outliers,1.0
8,0.7522966138058159,0.029141104294478526,0.09139846171168056,0.0566381823752832,0.05139846171168056,0.17085889570552149,0.22225735741720204,29,9,220,1046,0.7631578947368421,0.11646586345381527,0.20209059233449478,wall_column_added_outliers_hard_mixed,added_outliers,1.0
9,0.7696640893764163,0.02223926380368098,0.09736291520456347,0.05250325523220407,0.05736291520456347,0.17776073619631902,0.23512365140088248,23,6,226,1049,0.7931034482758621,0.09236947791164658,0.16546762589928057,wall_column_added_outliers_hard_mixed,added_outliers,1.0
10,0.7955095516873837,0.009202453987730062,0.09859232064412177,0.04773416116416568,0.058592320644121766,0.19079754601226995,0.2493898666563917,11,1,238,1054,0.9166666666666666,0.04417670682730924,0.0842911877394636,wall_column_added_outliers_hard_mixed,added_outliers,1.0
11,0.8172954199694923,0.005368098159509203,0.0949428417378049,0.053255177654648045,0.0549428417378049,0.1946319018404908,0.2495747435782957,6,1,243,1054,0.8571428571428571,0.024096385542168676,0.04687500000000001,wall_column_added_outliers_hard_mixed,added_outliers,1.0
12,0.8298651525248567,0.003067484662576687,0.10628715675670415,0.0583858726682688,0.06628715675670416,0.19693251533742331,0.26321967209412744,3,1,246,1054,0.75,0.012048192771084338,0.023715415019762848,wall_column_added_outliers_hard_mixed,added_outliers,1.0
13,0.8639732083695534,0.0,0.06118893212948919,0.12980079745391537,0.02118893212948919,0.2,0.2211889321294892,0,0,249,1055,0.0,0.0,0.0,wall_column_added_outliers_hard_mixed,added_outliers,1.0
14,0.8063510726285318,0.006901840490797546,0.10095875022471557,0.05285453727774467,0.060958750224715565,0.19309815950920248,0.25405690973391803,8,1,241,1054,0.8888888888888888,0.0321285140562249,0.06201550387596899,wall_column_added_outliers_hard_mixed,added_outliers,1.0
15,0.8317194933233617,0.0023006134969325155,0.10734345387796547,0.05807764386837644,0.06734345387796548,0.1976993865030675,0.265042840381033,2,1,247,1054,0.6666666666666666,0.008032128514056224,0.015873015873015872,wall_column_added_outliers_hard_mixed,added_outliers,1.0
16,0.8675567078277588,0.0,0.06118893212948919,0.12980079745391537,0.02118893212948919,0.2,0.2211889321294892,0,0,249,1055,0.0,0.0,0.0,wall_column_added_outliers_hard_mixed,added_outliers,1.0
17,0.8099345720867372,0.006134969325153374,0.0970818615852831,0.054122921500622284,0.057081861585283104,0.19386503067484664,0.25094689226012973,7,1,242,1054,0.875,0.028112449799196786,0.054474708171206226,wall_column_added_outliers_hard_mixed,added_outliers,1.0
18,0.8271657799198802,0.003067484662576687,0.10628715675670415,0.0583858726682688,0.06628715675670416,0.19693251533742331,0.26321967209412744,3,1,246,1054,0.75,0.012048192771084338,0.023715415019762848,wall_column_added_outliers_hard_mixed,added_outliers,1.0
19,0.8612738357645768,0.0,0.06118893212948919,0.12980079745391537,0.02118893212948919,0.2,0.2211889321294892,0,0,249,1055,0.0,0.0,0.0,wall_column_added_outliers_hard_mixed,added_outliers,1.0
0,0.5,0.4175217048145225,0.032277223847897656,0.04763975323660903,0.0,0.0,0.0,460,69,458,280,0.8695652173913043,0.5010893246187363,0.635798203178991,wall_column_added_outliers_medium_2,added_outliers,1.0
1,0.5,0.4175217048145225,0.032277223847897656,0.04763975323660903,0.0,0.0,0.0,460,69,458,280,0.8695652173913043,0.5010893246187363,0.635798203178991,wall_column_added_outliers_medium_2,added_outliers,1.0
0,0.5,0.35978004713275724,0.04086555935382588,0.05776274947153673,0.0008655593538258802,0.0,0.0008655593538258802,332,126,313,502,0.7248908296943232,0.5147286821705427,0.6019945602901179,wall_column_added_outliers_medium_3,added_outliers,1.0
1,0.5017311187076517,0.3566378633150039,0.04081330782945736,0.05770260491382238,0.0008133078294573562,0.0,0.0008133078294573562,329,125,316,503,0.724669603524229,0.5100775193798449,0.5987261146496814,wall_column_added_outliers_medium_3,added_outliers,1.0
0,0.5,0.32866666666666666,0.03556046173064999,0.06173514579670594,0.0,0.0,0.0,337,156,417,590,0.6835699797160243,0.4469496021220159,0.5404971932638332,wall_column_partial_overlap_hard_mixed,partial_overlap,1.0
1,0.5,0.32866666666666666,0.03556046173064999,0.06173514579670594,0.0,0.0,0.0,337,156,417,590,0.6835699797160243,0.4469496021220159,0.5404971932638332,wall_column_partial_overlap_hard_mixed,partial_overlap,1.0
0,0.5,0.30933333333333335,0.051792933794295684,0.07926578260492238,0.011792933794295683,0.0,0.011792933794295683,240,224,289,747,0.5172413793103449,0.45368620037807184,0.48338368580060426,wall_column_partial_overlap_medium_2,partial_overlap,1.0
1,0.5235858675885914,0.27466666666666667,0.053492786396296885,0.07745980596526869,0.013492786396296884,0.0,0.013492786396296884,222,190,307,781,0.5388349514563107,0.41965973534971646,0.4718384697130712,wall_column_partial_overlap_medium_2,partial_overlap,1.0
2,0.5505714403811851,0.23866666666666667,0.05464345265616929,0.07520956901208548,0.014643452656169287,0.0,0.014643452656169287,201,157,328,814,0.5614525139664804,0.3799621928166352,0.45321307779030445,wall_column_partial_overlap_medium_2,partial_overlap,1.0
3,0.5798583456935237,0.2,0.05541825769299313,0.07274348238557225,0.015418257692993126,0.0,0.015418257692993126,176,124,353,847,0.5866666666666667,0.332703213610586,0.4246079613992762,wall_column_partial_overlap_medium_2,partial_overlap,1.0
4,0.61069486107951,0.162,0.058575580656975317,0.07037099989667124,0.018575580656975316,0.038000000000000006,0.05657558065697532,145,98,384,873,0.5967078189300411,0.2741020793950851,0.37564766839378233,wall_column_partial_overlap_medium_2,partial_overlap,1.0
5,0.6288460223934607,0.14133333333333334,0.06061175130323263,0.06828884042254851,0.02061175130323263,0.05866666666666667,0.0792784179698993,133,79,396,892,0.6273584905660378,0.2514177693761815,0.358974358974359,wall_column_partial_overlap_medium_2,partial_overlap,1.0
6,0.6407361916665926,0.12533333333333332,0.06206794267590349,0.06747976328325266,0.022067942675903486,0.07466666666666669,0.09673460934257017,118,70,411,901,0.6276595744680851,0.22306238185255198,0.32914923291492326,wall_column_partial_overlap_medium_2,partial_overlap,1.0
7,0.6475387436850661,0.11866666666666667,0.06260875639824325,0.06761818195100028,0.022608756398243245,0.08133333333333334,0.10394208973157659,111,67,418,904,0.6235955056179775,0.20982986767485823,0.31400282885431396,wall_column_partial_overlap_medium_2,partial_overlap,1.0
8,0.652089589814886,0.11466666666666667,0.06265524772326139,0.0674604809681338,0.02265524772326139,0.08533333333333334,0.10798858105659473,108,64,421,907,0.627906976744186,0.20415879017013233,0.3081312410841655,wall_column_partial_overlap_medium_2,partial_overlap,1.0
9,0.6547334185947421,0.11066666666666666,0.06375551092531025,0.06639574697938348,0.023755510925310246,0.08933333333333335,0.1130888442586436,106,60,423,911,0.6385542168674698,0.2003780718336484,0.30503597122302156,wall_column_partial_overlap_medium_2,partial_overlap,1.0
10,0.6575777737786959,0.10866666666666666,0.06379136710187669,0.06683214640413561,0.02379136710187669,0.09133333333333335,0.11512470043521003,104,59,425,912,0.6380368098159509,0.19659735349716445,0.30057803468208094,wall_column_partial_overlap_medium_2,partial_overlap,1.0
11,0.6594938413157826,0.10533333333333333,0.06397222244144252,0.06660502389106981,0.023972222441442516,0.09466666666666668,0.11863888910810919,100,58,429,913,0.6329113924050633,0.1890359168241966,0.29112081513828236,wall_column_partial_overlap_medium_2,partial_overlap,1.0
12,0.6601049528653343,0.10466666666666667,0.06408618344770936,0.06673598491732045,0.02408618344770936,0.09533333333333334,0.1194195167810427,99,58,430,913,0.6305732484076433,0.18714555765595464,0.2886297376093295,wall_column_partial_overlap_medium_2,partial_overlap,1.0
13,0.6606106530940864,0.10466666666666667,0.06408618344770936,0.06673598491732045,0.02408618344770936,0.09533333333333334,0.1194195167810427,99,58,430,913,0.6305732484076433,0.18714555765595464,0.2886297376093295,wall_column_partial_overlap_medium_2,partial_overlap,1.0
0,0.5,0.4633333333333333,0.03965708674582989,0.04349682766983897,0.0,0.0,0.0,591,104,524,281,0.8503597122302158,0.5300448430493273,0.6530386740331491,wall_column_partial_overlap_medium_3,partial_overlap,1.0
1,0.5,0.4633333333333333,0.03965708674582989,0.04349682766983897,0.0,0.0,0.0,591,104,524,281,0.8503597122302158,0.5300448430493273,0.6530386740331491,wall_column_partial_overlap_medium_3,partial_overlap,1.0
0,0.5,0.3890063424947146,0.03678082091493257,0.05117930785470453,0.0,0.0,0.0,433,119,387,480,0.7844202898550725,0.5280487804878049,0.631195335276968,wall_column_scene_change_hard_mixed,scene_change,1.0
1,0.5,0.3890063424947146,0.03678082091493257,0.05117930785470453,0.0,0.0,0.0,433,119,387,480,0.7844202898550725,0.5280487804878049,0.631195335276968,wall_column_scene_change_hard_mixed,scene_change,1.0
0,0.5,0.42217484008528783,0.03657336400373009,0.057470557297802934,0.0,0.0,0.0,438,156,383,430,0.7373737373737373,0.5334957369062119,0.6190812720848056,wall_column_scene_change_medium_2,scene_change,1.0
1,0.5,0.42217484008528783,0.03657336400373009,0.057470557297802934,0.0,0.0,0.0,438,156,383,430,0.7373737373737373,0.5334957369062119,0.6190812720848056,wall_column_scene_change_medium_2,scene_change,1.0
0,0.5,0.31236283833211415,0.06707360447920672,0.06970769373863217,0.027073604479206724,0.0,0.027073604479206724,268,159,234,706,0.6276346604215457,0.5338645418326693,0.5769644779332616,wall_column_scene_change_medium_3,scene_change,1.0
1,0.5541472089584134,0.24798829553767374,0.06851802963175606,0.06461133718437442,0.028518029631756057,0.0,0.028518029631756057,233,106,269,759,0.6873156342182891,0.4641434262948207,0.5541022592152199,wall_column_scene_change_medium_3,scene_change,1.0
2,0.6111832682219255,0.17629846378931968,0.07140433873959906,0.059136086071167854,0.03140433873959906,0.02370153621068033,0.05510587495027939,181,60,321,805,0.7510373443983402,0.3605577689243028,0.4872139973082099,wall_column_scene_change_medium_3,scene_change,1.0
3,0.6621411775957834,0.11704462326261887,0.07599135780179464,0.05565103196605405,0.03599135780179464,0.08295537673738114,0.11894673453917579,125,35,377,830,0.78125,0.24900398406374502,0.3776435045317221,wall_column_scene_change_medium_3,scene_change,1.0
4,0.6926462048306821,0.08851499634235552,0.0798236193764706,0.05200642360948173,0.0398236193764706,0.1114850036576445,0.1513086230341151,99,22,403,843,0.8181818181818182,0.19721115537848605,0.31781701444622795,wall_column_scene_change_medium_3,scene_change,1.0
5,0.716550941754801,0.07022677395757132,0.07972283542187271,0.04863704601374249,0.03972283542187271,0.1297732260424287,0.1694960614643014,80,16,422,849,0.8333333333333334,0.1593625498007968,0.26755852842809363,wall_column_scene_change_medium_3,scene_change,1.0
6,0.7311099995773321,0.05998536942209217,0.08322196568389321,0.04603570513147698,0.043221965683893214,0.14001463057790783,0.18323659626180105,72,10,430,855,0.8780487804878049,0.14342629482071714,0.24657534246575347,wall_column_scene_change_medium_3,scene_change,1.0
7,0.7475466156561646,0.04462326261887344,0.0875972150965763,0.04408047233396382,0.047597215096576294,0.15537673738112656,0.20297395247770286,54,7,448,858,0.8852459016393442,0.10756972111553785,0.19182948490230906,wall_column_scene_change_medium_3,scene_change,1.0
8,0.7650526771587539,0.029261155815654718,0.09750723812331645,0.040920595519886575,0.05750723812331645,0.1707388441843453,0.22824608230766175,37,3,465,862,0.925,0.07370517928286853,0.13653136531365312,wall_column_scene_change_medium_3,scene_change,1.0
9,0.7946977313132142,0.016093635698610095,0.10331758387047296,0.03599152080183074,0.06331758387047295,0.1839063643013899,0.24722394817186286,21,1,481,864,0.9545454545454546,0.04183266932270916,0.08015267175572519,wall_column_scene_change_medium_3,scene_change,1.0
10,0.8293797169034651,0.006583760058522311,0.10274189384600724,0.02943225523964495,0.06274189384600723,0.1934162399414777,0.2561581337874849,8,1,494,864,0.8888888888888888,0.01593625498007968,0.03131115459882583,wall_column_scene_change_medium_3,scene_change,1.0
11,0.8581553846247407,0.001463057790782736,0.08753425605597885,0.0280712873145781,0.04753425605597885,0.19853694220921728,0.24607119826519613,2,0,500,865,1.0,0.00398406374501992,0.007936507936507936,wall_column_scene_change_medium_3,scene_change,1.0
12,0.8539554256320898,0.002926115581565472,0.08849554519790154,0.019384546332575723,0.048495545197901536,0.19707388441843454,0.24556942961633607,4,0,498,865,1.0,0.00796812749003984,0.015810276679841896,wall_column_scene_change_medium_3,scene_change,1.0
13,0.8524095738186757,0.002926115581565472,0.08849554519790154,0.019384546332575723,0.048495545197901536,0.19707388441843454,0.24556942961633607,4,0,498,865,1.0,0.00796812749003984,0.015810276679841896,wall_column_scene_change_medium_3,scene_change,1.0
0,0.5,0.3466666666666667,0.060022024773745686,0.07296233798611446,0.020022024773745685,0.0,0.020022024773745685,288,232,193,787,0.5538461538461539,0.5987525987525988,0.5754245754245754,wall_column_static_noise_hard_mixed,static_noise,1.0
1,0.5400440495474914,0.2793333333333333,0.06321847909562445,0.06958575031849658,0.023218479095624446,0.0,0.023218479095624446,248,171,233,848,0.5918854415274463,0.5155925155925156,0.5511111111111112,wall_column_static_noise_hard_mixed,static_noise,1.0
2,0.5864810077387403,0.22333333333333333,0.06562403115365448,0.06582228907970199,0.025624031153654477,0.0,0.025624031153654477,208,127,273,892,0.6208955223880597,0.43243243243243246,0.5098039215686274,wall_column_static_noise_hard_mixed,static_noise,1.0
3,0.6377290700460493,0.16533333333333333,0.06718137493128358,0.06347854957284489,0.02718137493128358,0.03466666666666668,0.06184804159795026,162,86,319,933,0.6532258064516129,0.3367983367983368,0.4444444444444445,wall_column_static_noise_hard_mixed,static_noise,1.0
4,0.6747584865752831,0.122,0.0694171652496469,0.060141836507099054,0.029417165249646902,0.07800000000000001,0.10741716524964692,124,59,357,960,0.6775956284153005,0.2577962577962578,0.3734939759036145,wall_column_static_noise_hard_mixed,static_noise,1.0
5,0.694592817074577,0.09466666666666666,0.07078102415429684,0.05867650336563617,0.030781024154296836,0.10533333333333335,0.13611435748763018,99,43,382,976,0.6971830985915493,0.20582120582120583,0.3178170144462279,wall_column_static_noise_hard_mixed,static_noise,1.0
6,0.703488198716504,0.08333333333333333,0.07210520951248425,0.05658208688369453,0.03210520951248425,0.11666666666666668,0.14877187617915094,89,36,392,983,0.712,0.18503118503118504,0.2937293729372938,wall_column_static_noise_hard_mixed,static_noise,1.0
7,0.7093652844081392,0.07733333333333334,0.07461224566823957,0.053994451183591426,0.03461224566823957,0.12266666666666667,0.15727891233490623,85,31,396,988,0.7327586206896551,0.17671517671517672,0.2847571189279732,wall_column_static_noise_hard_mixed,static_noise,1.0
8,0.717256442411285,0.06666666666666667,0.07708305793517276,0.050325173013249326,0.037083057935172754,0.13333333333333336,0.1704163912685061,75,25,406,994,0.75,0.15592515592515593,0.25817555938037867,wall_column_static_noise_hard_mixed,static_noise,1.0
9,0.7247558916149638,0.062,0.07896217249997607,0.048728087269664884,0.03896217249997607,0.138,0.1769621724999761,71,22,410,997,0.7634408602150538,0.14760914760914762,0.24738675958188153,wall_column_static_noise_hard_mixed,static_noise,1.0
10,0.7336802366149159,0.058,0.07986499292525615,0.0466072497081619,0.039864992925256144,0.14200000000000002,0.18186499292525615,67,20,414,999,0.7701149425287356,0.1392931392931393,0.23591549295774653,wall_column_static_noise_hard_mixed,static_noise,1.0
11,0.7424102224654282,0.05,0.08315529205783498,0.044067669090789345,0.04315529205783498,0.15000000000000002,0.193155292057835,59,16,422,1003,0.7866666666666666,0.12266112266112267,0.21223021582733814,wall_column_static_noise_hard_mixed,static_noise,1.0
12,0.7537208065810982,0.04066666666666666,0.08414884863528398,0.04031562076079655,0.044148848635283976,0.15933333333333335,0.20348218196861734,50,11,431,1008,0.819672131147541,0.10395010395010396,0.1845018450184502,wall_column_static_noise_hard_mixed,static_noise,1.0
13,0.7623518371849994,0.034,0.09016160025165405,0.035228514889319724,0.05016160025165405,0.166,0.21616160025165407,44,7,437,1012,0.8627450980392157,0.09147609147609148,0.16541353383458648,wall_column_static_noise_hard_mixed,static_noise,1.0
14,0.7796750376883075,0.023333333333333334,0.09405695293137106,0.027668955328672255,0.05405695293137106,0.17666666666666667,0.23072361959803772,33,2,448,1017,0.9428571428571428,0.06860706860706861,0.12790697674418605,wall_column_static_noise_hard_mixed,static_noise,1.0
15,0.7994556102177163,0.015333333333333332,0.09652916372065103,0.023759792166722155,0.056529163720651025,0.18466666666666667,0.2411958303873177,23,0,458,1019,1.0,0.04781704781704782,0.09126984126984126,wall_column_static_noise_hard_mixed,static_noise,1.0
16,0.820180604325685,0.008666666666666666,0.10332915780461896,0.028234803198325664,0.06332915780461895,0.19133333333333336,0.2546624911379523,13,0,468,1019,1.0,0.02702702702702703,0.052631578947368425,wall_column_static_noise_hard_mixed,static_noise,1.0
17,0.8511722532682562,0.004,0.10506763170858054,0.025629703149819466,0.06506763170858054,0.196,0.26106763170858055,6,0,475,1019,1.0,0.012474012474012475,0.02464065708418891,wall_column_static_noise_hard_mixed,static_noise,1.0
18,0.8833075166854173,0.0,0.043846444490742535,0.09435796755314892,0.0038464444907425344,0.2,0.20384644449074255,0,0,481,1019,0.0,0.0,0.0,wall_column_static_noise_hard_mixed,static_noise,1.0
19,0.7910004056669023,0.018666666666666668,0.09427945499085252,0.029766424756071736,0.05427945499085252,0.18133333333333335,0.23561278832418586,26,2,455,1017,0.9285714285714286,0.05405405405405406,0.10216110019646366,wall_column_static_noise_hard_mixed,static_noise,1.0
0,0.5,0.324,0.04786748735409332,0.0885084886606152,0.007867487354093317,0.0,0.007867487354093317,210,276,213,801,0.43209876543209874,0.49645390070921985,0.46204620462046203,wall_column_static_noise_medium_2,static_noise,1.0
1,0.5157349747081866,0.30533333333333335,0.0477252557743194,0.08807492911981273,0.007725255774319401,0.0,0.007725255774319401,195,263,228,814,0.425764192139738,0.46099290780141844,0.4426787741203178,wall_column_static_noise_medium_2,static_noise,1.0
2,0.5311854862568255,0.2846666666666667,0.04783915536287241,0.08790649164941472,0.007839155362872406,0.0,0.007839155362872406,183,244,240,833,0.42857142857142855,0.4326241134751773,0.43058823529411766,wall_column_static_noise_medium_2,static_noise,1.0
3,0.5468637969825703,0.26066666666666666,0.04806235518948907,0.08636229256637652,0.00806235518948907,0.0,0.00806235518948907,174,217,249,860,0.44501278772378516,0.41134751773049644,0.4275184275184275,wall_column_static_noise_medium_2,static_noise,1.0
4,0.5629885073615484,0.23933333333333334,0.047925086240634414,0.08458311257486552,0.007925086240634413,0.0,0.007925086240634413,167,192,256,885,0.46518105849582175,0.3947990543735225,0.4271099744245524,wall_column_static_noise_medium_2,static_noise,1.0
5,0.5788386798428172,0.218,0.04785540807914213,0.0833471564841174,0.007855408079142132,0.0,0.007855408079142132,153,174,270,903,0.46788990825688076,0.3617021276595745,0.40800000000000003,wall_column_static_noise_medium_2,static_noise,1.0
0,0.5,0.428,0.032147924561225935,0.05928296600916604,0.0,0.0,0.0,457,185,401,457,0.7118380062305296,0.5326340326340326,0.6093333333333334,wall_column_static_noise_medium_3,static_noise,1.0
1,0.5,0.428,0.032147924561225935,0.05928296600916604,0.0,0.0,0.0,457,185,401,457,0.7118380062305296,0.5326340326340326,0.6093333333333334,wall_column_static_noise_medium_3,static_noise,1.0
0,0.5,0.23466666666666666,0.06881461182856267,0.08104811826293493,0.028814611828562674,0.0,0.028814611828562674,180,172,231,917,0.5113636363636364,0.43795620437956206,0.47182175622542594,wall_column_strong_noise_hard_mixed,strong_noise,1.0
1,0.5576292236571253,0.16,0.07046578138285696,0.07836044440950962,0.03046578138285696,0.04000000000000001,0.07046578138285697,129,111,282,978,0.5375,0.31386861313868614,0.3963133640552995,wall_column_strong_noise_hard_mixed,strong_noise,1.0
2,0.5985607864228393,0.12066666666666667,0.07415010014978618,0.07496844776740226,0.03415010014978618,0.07933333333333334,0.11348343348311951,106,75,305,1014,0.585635359116022,0.25790754257907544,0.3581081081081081,wall_column_strong_noise_hard_mixed,strong_noise,1.0
3,0.6271943200557449,0.094,0.07453347233887249,0.07301134724805697,0.03453347233887249,0.10600000000000001,0.1405334723388725,87,54,324,1035,0.6170212765957447,0.2116788321167883,0.31521739130434784,wall_column_strong_noise_hard_mixed,strong_noise,1.0
4,0.6432612647334899,0.08466666666666667,0.07585762937812396,0.06994617419211935,0.03585762937812396,0.11533333333333334,0.1511909627114573,82,45,329,1044,0.6456692913385826,0.19951338199513383,0.3048327137546468,wall_column_strong_noise_hard_mixed,strong_noise,1.0
5,0.6573098568230711,0.07066666666666667,0.07921085256809407,0.06884206529836501,0.03921085256809407,0.12933333333333336,0.16854418590142742,69,37,342,1052,0.6509433962264151,0.1678832116788321,0.2669245647969052,wall_column_strong_noise_hard_mixed,strong_noise,1.0
6,0.6710648952925925,0.05533333333333333,0.08274210377205163,0.06540140239482736,0.04274210377205163,0.14466666666666667,0.1874087704387183,59,24,352,1065,0.7108433734939759,0.1435523114355231,0.2388663967611336,wall_column_strong_noise_hard_mixed,strong_noise,1.0
7,0.6842157695033624,0.04666666666666667,0.08720394781100617,0.06432356203164831,0.04720394781100617,0.15333333333333335,0.20053728114433952,51,19,360,1070,0.7285714285714285,0.12408759124087591,0.21205821205821207,wall_column_strong_noise_hard_mixed,strong_noise,1.0
8,0.7019569984587081,0.035333333333333335,0.08765602154213371,0.06553084964398813,0.04765602154213371,0.16466666666666668,0.2123226882088004,38,15,373,1074,0.7169811320754716,0.09245742092457421,0.16379310344827586,wall_column_strong_noise_hard_mixed,strong_noise,1.0
9,0.7149357082096421,0.027333333333333334,0.0826973351966663,0.06778381231790333,0.042697335196666304,0.1726666666666667,0.215364001863333,29,12,382,1077,0.7073170731707317,0.0705596107055961,0.12831858407079644,wall_column_strong_noise_hard_mixed,strong_noise,1.0
10,0.7139970452696414,0.028,0.08366485326171497,0.06735297703565021,0.043664853261714966,0.17200000000000001,0.21566485326171497,30,12,381,1077,0.7142857142857143,0.072992700729927,0.1324503311258278,wall_column_strong_noise_hard_mixed,strong_noise,1.0
11,0.7153267517930713,0.027333333333333334,0.0826973351966663,0.06778381231790333,0.042697335196666304,0.1726666666666667,0.215364001863333,29,12,382,1077,0.7073170731707317,0.0705596107055961,0.12831858407079644,wall_column_strong_noise_hard_mixed,strong_noise,1.0
12,0.7143880888530705,0.027333333333333334,0.0826973351966663,0.06778381231790333,0.042697335196666304,0.1726666666666667,0.215364001863333,29,12,382,1077,0.7073170731707317,0.0705596107055961,0.12831858407079644,wall_column_strong_noise_hard_mixed,strong_noise,1.0
0,0.5,0.30733333333333335,0.04352813661887001,0.06141702065709072,0.003528136618870012,0.0,0.003528136618870012,355,106,600,439,0.7700650759219089,0.3717277486910995,0.5014124293785311,wall_column_strong_noise_medium_2,strong_noise,1.0
1,0.50705627323774,0.2986666666666667,0.043572083805908,0.061263148684491085,0.003572083805907997,0.0,0.003572083805907997,345,103,610,442,0.7700892857142857,0.3612565445026178,0.49180327868852464,wall_column_strong_noise_medium_2,strong_noise,1.0
0,0.5,0.25733333333333336,0.04720237163952166,0.07949629079003363,0.007202371639521657,0.0,0.007202371639521657,223,163,359,755,0.5777202072538861,0.38316151202749144,0.46074380165289264,wall_column_strong_noise_medium_3,strong_noise,1.0
1,0.5144047432790433,0.23466666666666666,0.04690308784615067,0.07968962405812273,0.0069030878461506726,0.0,0.0069030878461506726,201,151,381,767,0.5710227272727273,0.34536082474226804,0.43040685224839403,wall_column_strong_noise_medium_3,strong_noise,1.0
2,0.5282109189713446,0.21266666666666667,0.046756806391639746,0.07930125795975322,0.0067568063916397456,0.0,0.0067568063916397456,183,136,399,782,0.5736677115987461,0.31443298969072164,0.40621531631520535,wall_column_strong_noise_medium_3,strong_noise,1.0
3,0.5417245317546241,0.196,0.045926857434502755,0.0797589689742641,0.005926857434502754,0.0040000000000000036,0.009926857434502757,164,130,418,788,0.5578231292517006,0.281786941580756,0.3744292237442922,wall_column_strong_noise_medium_3,strong_noise,1.0
4,0.5515782466236296,0.18466666666666667,0.04586077396176191,0.07827699131118251,0.005860773961761906,0.015333333333333338,0.021194107295095244,158,119,424,799,0.5703971119133574,0.27147766323024053,0.36786961583236316,wall_column_strong_noise_medium_3,strong_noise,1.0
5,0.5556331278804868,0.18066666666666667,0.04572843889645252,0.07861950359344204,0.005728438896452519,0.01933333333333334,0.02506177222978586,154,117,428,801,0.5682656826568265,0.2646048109965636,0.36107854630715125,wall_column_strong_noise_medium_3,strong_noise,1.0
6,0.5574233390067251,0.18,0.04574101285232341,0.07846082158033142,0.00574101285232341,0.020000000000000018,0.025741012852323428,154,116,428,802,0.5703703703703704,0.2646048109965636,0.36150234741784043,wall_column_strong_noise_medium_3,strong_noise,1.0
7,0.558905364711372,0.17866666666666667,0.045679881801022,0.07868618815285897,0.0056798818010219965,0.021333333333333343,0.02701321513435534,152,116,430,802,0.5671641791044776,0.2611683848797251,0.35764705882352943,wall_column_strong_noise_medium_3,strong_noise,1.0
8,0.5595984616467493,0.17866666666666667,0.045679881801022,0.07868618815285897,0.0056798818010219965,0.021333333333333343,0.02701321513435534,152,116,430,802,0.5671641791044776,0.2611683848797251,0.35764705882352943,wall_column_strong_noise_medium_3,strong_noise,1.0
