num_iterations,final_tau,final_acceptance_ratio,final_mean_residual,final_mean_label_distance,final_control_error,final_precision,final_recall,final_f1,iae,ise,total_variation_tau,sample_id,scenario,lambda_filter
6,0.5097605671951304,0.15390334572490708,0.07002318664284864,0.0972510975335355,0.07611984091794158,0.357487922705314,0.3288888888888889,0.3425925925925926,0.4320898251369042,0.03120451045530606,0.00976056719513041,box_sphere_added_outliers_hard_mixed,added_outliers,0.05
4,0.5035684144100786,0.2353846153846154,0.05172739720977778,0.07116894224219596,0.011727397209777779,0.6470588235294118,0.3574007220216607,0.4604651162790698,0.04741154131056439,0.000562052058708939,0.003568414410078602,box_sphere_added_outliers_medium_2,added_outliers,0.05
32,0.5869355825724207,0.09236641221374046,0.08822650617328952,0.09557337939695977,0.15586009395954906,0.33884297520661155,0.2808219178082192,0.3071161048689139,4.008994545637957,0.5193816553382,0.08693558257242073,box_sphere_added_outliers_medium_3,added_outliers,0.05
5,0.5147114528610741,0.20466666666666666,0.07713641277427627,0.061540366068302196,0.03713641277427627,0.6970684039087948,0.33126934984520123,0.4491080797481637,0.18425094138501666,0.006789940830575766,0.014711452861074115,box_sphere_partial_overlap_hard_mixed,partial_overlap,0.05
22,0.5407209756164219,0.138,0.07005927259715679,0.06739836275833529,0.0920592725971568,0.7342995169082126,0.23861852433281006,0.36018957345971564,1.4801023620947105,0.10577792982841318,0.04072097561642185,box_sphere_partial_overlap_medium_2,partial_overlap,0.05
31,0.5867787979948674,0.054,0.09875399043287622,0.08200629059723624,0.20475399043287623,0.37037037037037035,0.1111111111111111,0.17094017094017092,5.383375303714887,0.9585181517058936,0.08677879799486743,box_sphere_partial_overlap_medium_3,partial_overlap,0.05
2,0.5007220872270004,0.238,0.047220872270003614,0.058702080405221145,0.007220872270003613,0.773109243697479,0.3205574912891986,0.45320197044334976,0.014441744540007226,0.00010428199267941425,0.0007220872270004008,box_sphere_scene_change_hard_mixed,scene_change,0.05
7,0.5110790301772329,0.14066666666666666,0.07186920591007742,0.09682253899948016,0.09120253924341076,0.2796208530805687,0.2822966507177033,0.28095238095238095,0.603659507682405,0.05222452248986878,0.011079030177232885,box_sphere_scene_change_medium_2,scene_change,0.05
2,0.5004786636822292,0.23066666666666666,0.04473788235657405,0.06470616310270945,0.004737882356574047,0.7630057803468208,0.31316725978647686,0.4440706476030277,0.00952451917886523,4.535942129324948e-05,0.00047866368222915234,box_sphere_scene_change_medium_3,scene_change,0.05
22,0.5555659552810563,0.10933333333333334,0.08293133891351538,0.09034349721971184,0.13359800558018206,0.39634146341463417,0.2826086956521739,0.3299492385786802,2.2609242250574106,0.2467893163672651,0.055565955281056345,box_sphere_static_noise_hard_mixed,static_noise,0.05
2,0.5004509144899653,0.2886666666666667,0.044509144899652464,0.0678436361374133,0.004509144899652463,0.6189376443418014,0.3952802359882006,0.4824482448244824,0.009018289799304927,4.0664775452123645e-05,0.0004509144899652595,box_sphere_static_noise_medium_2,static_noise,0.05
3,0.5057150822947553,0.22,0.06882167305421331,0.0850259192684613,0.028821673054213313,0.4212121212121212,0.3432098765432099,0.3782312925170068,0.0859724960017659,0.00246390267744844,0.005715082294755258,box_sphere_static_noise_medium_3,static_noise,0.05
3,0.49953644159054433,0.08133333333333333,0.06768856018888483,0.08461997356760335,0.14635522685555152,0.4098360655737705,0.13736263736263737,0.20576131687242802,0.43921964276099507,0.06430464733193689,0.0004635584094556666,box_sphere_strong_noise_hard_mixed,strong_noise,0.05
4,0.49409893016851686,0.1,0.046486207154183085,0.06811412115345916,0.10648620715418308,0.66,0.11538461538461539,0.19642857142857142,0.42997550883935154,0.04622391028248868,0.005901069831483141,box_sphere_strong_noise_medium_2,strong_noise,0.05
32,0.4505265666981541,0.164,0.04201004486316461,0.08580339722102026,0.038010044863164616,0.4349593495934959,0.19349005424954793,0.26783479349186484,2.4624423785113745,0.2116948238400923,0.04947343330184589,box_sphere_strong_noise_medium_3,strong_noise,0.05
3,0.5038697975321819,0.32233307751343054,0.05952936133224665,0.06988442085196994,0.01952936133224665,0.6738095238095239,0.6125541125541125,0.6417233560090703,0.05822733665406458,0.001130263444921225,0.0038697975321818623,boxes_cylinder_added_outliers_hard_mixed,added_outliers,0.05
2,0.5,0.4792156862745098,0.03088904821779578,0.0455143080455005,0.0,0.8657937806873978,0.575,0.6910516002612672,0.0,0.0,0.0,boxes_cylinder_added_outliers_medium_2,added_outliers,0.05
3,0.5003447382392626,0.36666666666666664,0.04163143627093951,0.06501938513169626,0.001631436270939507,0.6596194503171248,0.5351629502572899,0.5909090909090909,0.005078818663566673,8.620828929146458e-06,0.0003447382392626208,boxes_cylinder_added_outliers_medium_3,added_outliers,0.05
36,0.5974000919077684,0.082,0.08676337478142501,0.11243232429377208,0.16476337478142503,0.2601626016260163,0.2119205298013245,0.23357664233576642,4.236264293859107,0.534886291314015,0.09740009190776844,boxes_cylinder_partial_overlap_hard_mixed,partial_overlap,0.05
4,0.5077429707565371,0.30933333333333335,0.06590561637055249,0.07638491195933335,0.02590561637055249,0.521551724137931,0.5916870415647921,0.5544100801832761,0.1033353239359232,0.0026696014411139364,0.007742970756537071,boxes_cylinder_partial_overlap_medium_2,partial_overlap,0.05
2,0.5,0.44666666666666666,0.03606104671052348,0.05336290580842016,0.0,0.8567164179104477,0.5786290322580645,0.690734055354994,0.0,0.0,0.0,boxes_cylinder_partial_overlap_medium_3,partial_overlap,0.05
2,0.5005392120299867,0.2929014472777395,0.04539212029986732,0.06619519576255674,0.005392120299867319,0.7129411764705882,0.4840255591054313,0.576593720266413,0.010784240599734637,5.814992265648245e-05,0.0005392120299867464,boxes_cylinder_scene_change_hard_mixed,scene_change,0.05
3,0.5027315913789601,0.29312762973352036,0.053737561675174884,0.06486118928002979,0.013737561675174884,0.6435406698564593,0.5056390977443609,0.5663157894736842,0.04105347546477487,0.0005618068057492631,0.002731591378960063,boxes_cylinder_scene_change_medium_2,scene_change,0.05
2,0.5,0.46787709497206703,0.024113540462280005,0.04116364609149197,0.0,0.9164179104477612,0.5551537070524413,0.6914414414414415,0.0,0.0,0.0,boxes_cylinder_scene_change_medium_3,scene_change,0.05
2,0.5006967980914869,0.4126666666666667,0.046931681908989206,0.06935038264231218,0.006931681908989205,0.6106623586429726,0.5797546012269938,0.5948072383949645,0.013899662823858738,9.660097211739429e-05,0.0006967980914869276,boxes_cylinder_static_noise_hard_mixed,static_noise,0.05
2,0.5009382303785972,0.388,0.049339665418809145,0.07602340071807318,0.009339665418809144,0.5601374570446735,0.6070763500931099,0.58266309204647,0.018721969204780815,0.00017525697446755774,0.0009382303785971935,boxes_cylinder_static_noise_medium_2,static_noise,0.05
2,0.5009621784734043,0.40066666666666667,0.049645123318585026,0.07560910202437057,0.009645123318585025,0.5640599001663894,0.6289424860853432,0.5947368421052631,0.01926690805262843,0.0001856071452989833,0.000962178473404296,boxes_cylinder_static_noise_medium_3,static_noise,0.05
6,0.5106266916301078,0.13266666666666665,0.07764001845558902,0.10117404776311434,0.10497335178892236,0.2814070351758794,0.2828282828282828,0.28211586901763225,0.6037402680899997,0.06085208356603237,0.010626691630107765,boxes_cylinder_strong_noise_hard_mixed,strong_noise,0.05
6,0.5023196261889934,0.17,0.051550209522212426,0.0830795011308616,0.041550209522212424,0.44313725490196076,0.2591743119266055,0.3270622286541245,0.24224647141214636,0.009788084765971494,0.0023196261889933956,boxes_cylinder_strong_noise_medium_2,strong_noise,0.05
28,0.5416043908229035,0.088,0.07695053044404979,0.09217792932678642,0.1489505304440498,0.4015151515151515,0.23555555555555555,0.2969187675070028,3.5749944386730856,0.46349010911653077,0.04160439082290346,boxes_cylinder_strong_noise_medium_3,strong_noise,0.05
27,0.5796146103878629,0.12607003891050583,0.08340597705335799,0.09894677446445946,0.11733593814285218,0.2654320987654321,0.3161764705882353,0.2885906040268456,2.1391629758736235,0.18653936951304373,0.07961461038786288,l_shape_added_outliers_hard_mixed,added_outliers,0.05
2,0.5003103054793898,0.3565830721003135,0.04315343751234926,0.05819816948192067,0.0031534375123492622,0.7208791208791209,0.5061728395061729,0.5947416137805984,0.006256492306247453,1.957311719822605e-05,0.00031030547938981634,l_shape_added_outliers_medium_2,added_outliers,0.05
2,0.5030756115508408,0.24903025601241272,0.07077067862244214,0.08238766554864996,0.030770678622442142,0.45482866043613707,0.4451219512195122,0.44992295839753466,0.06152679413084988,0.001892773304052137,0.0030756115508407955,l_shape_added_outliers_medium_3,added_outliers,0.05
3,0.5064980465079312,0.25066666666666665,0.072388912822454,0.09229213938457964,0.03238891282245399,0.32180851063829785,0.4432234432234432,0.3728813559322034,0.09736937790176547,0.003160277920857917,0.006498046507931177,l_shape_partial_overlap_hard_mixed,partial_overlap,0.05
3,0.5058259372940929,0.27666666666666667,0.06905609105715044,0.08784527357282212,0.029056091057150436,0.3927710843373494,0.4465753424657534,0.417948717948718,0.08731546399807891,0.0025413412679525047,0.005825937294092864,l_shape_partial_overlap_medium_2,partial_overlap,0.05
3,0.5027300545587192,0.406,0.05387907137642013,0.05783195629703547,0.013879071376420131,0.7405582922824302,0.5401197604790419,0.6246537396121883,0.04117961696361158,0.0005653840865071783,0.0027300545587192193,l_shape_partial_overlap_medium_3,partial_overlap,0.05
4,0.5049037700142194,0.23333333333333334,0.05620656536360083,0.08391315828925928,0.01620656536360083,0.5057142857142857,0.45618556701030927,0.4796747967479674,0.06524426550579504,0.0010642849345784567,0.004903770014219377,l_shape_scene_change_hard_mixed,scene_change,0.05
2,0.5,0.4495476687543493,0.02136028048409517,0.037699597571327126,0.0,0.9860681114551083,0.4953343701399689,0.6594202898550724,0.0,0.0,0.0,l_shape_scene_change_medium_2,scene_change,0.05
2,0.5,0.49230769230769234,0.01383705594672286,0.024860792640249478,0.0,0.9972826086956522,0.5620214395099541,0.7189030362389816,0.0,0.0,0.0,l_shape_scene_change_medium_3,scene_change,0.05
2,0.5012516109539719,0.3973333333333333,0.05251718472068031,0.06945112152456388,0.012517184720680308,0.5553691275167785,0.6129629629629629,0.5827464788732394,0.025033294260399123,0.0003133329113418729,0.00125161095397186,l_shape_static_noise_hard_mixed,static_noise,0.05
2,0.5012013681118572,0.404,0.05194948588267005,0.07069164423233659,0.011949485882670051,0.66996699669967,0.5328083989501312,0.5935672514619882,0.023963167001242236,0.0002871187468788687,0.0012013681118572261,l_shape_static_noise_medium_2,static_noise,0.05
4,0.5086942770324826,0.28733333333333333,0.0690016485913488,0.09169630405490085,0.0290016485913488,0.3225058004640371,0.5091575091575091,0.39488636363636365,0.11594441891617463,0.003360799693881043,0.0086942770324826,l_shape_static_noise_medium_3,static_noise,0.05
2,0.5013809478562955,0.148,0.06680947856295487,0.06967183589897706,0.0788094785629549,0.6396396396396397,0.2591240875912409,0.36883116883116884,0.1576189571259098,0.012421867822729693,0.0013809478562955002,l_shape_strong_noise_hard_mixed,strong_noise,0.05
4,0.5026357989910705,0.14533333333333334,0.062384739903685725,0.07299940334179818,0.0770514065703524,0.6009174311926605,0.2524084778420039,0.3554952510176391,0.3050760631477236,0.023271150700197574,0.0026357989910704704,l_shape_strong_noise_medium_2,strong_noise,0.05
17,0.5136836732924596,0.13733333333333334,0.06194512146046568,0.07473777671841704,0.08461178812713235,0.5776699029126213,0.22037037037037038,0.31903485254691694,1.2539485210517267,0.09353102958398181,0.013683673292459564,l_shape_strong_noise_medium_3,strong_noise,0.05
5,0.4853979918102784,0.024,0.04688398989762852,0.1380208981735682,0.18288398989762855,0.4375,0.08677685950413223,0.14482758620689654,0.9243639080004125,0.1709090424520272,0.014602008189721627,real_20260626_143302_palletizer_005_part_2_refined_from_voxel005_easy,real_previous_registration,0.05
6,0.47725424981522546,0.021433850702143386,0.01490735375707552,0.13059540581139228,0.17856614929785664,0.10344827586206896,0.011627906976744186,0.020905923344947733,1.0883961566888396,0.19747852217486098,0.022745750184774538,real_20260626_144015_pallet_rack_05_part1_refined_from_voxel005_easy,real_previous_registration,0.05
2,0.4992059038714572,0.004434589800443459,0.08095039126446128,0.11427410758301666,0.23651580146401785,0.3333333333333333,0.0045045045045045045,0.008888888888888889,0.4730316029280357,0.11187944868433342,0.0007940961285428094,real_20260626_161831_pallet_rack_cluster021_part1_ransac_icp_voxel005_easy,real_previous_registration,0.05
2,0.49518477457501847,0.007390983000739098,0.01583592821949135,0.13187238440481514,0.19260901699926092,0.0,0.0,0.0,0.38521803399852184,0.07419646685884317,0.0048152254249815285,real_20260626_161831_pallet_rack_cluster021_part1_ransac_icp_voxel005_hard,real_previous_registration,0.05
4,0.5211381472822713,0.0014825796886582653,0.18257427618921657,0.12313239983150676,0.3410916965005583,0.0,0.0,0.0,1.2941336585745686,0.42010937755145256,0.021138147282271258,real_20260626_161911_pallet_rack_cluster021_part1_refined_from_voxel005_easy,real_previous_registration,0.05
2,0.5063150009254469,0.0,0.15315000925446864,0.1708294156247957,0.3131500092544687,0.0,0.0,0.0,0.6263000185089374,0.19612585659214762,0.006315000925446901,real_20260626_161911_pallet_rack_cluster021_part1_refined_from_voxel005_medium,real_previous_registration,0.05
2,0.5028979787078663,0.0,0.11897978707866294,0.18963641773073536,0.27897978707866294,0.0,0.0,0.0,0.5579595741573259,0.15565944319691222,0.0028979787078663444,real_20260626_163327_pallet_rack_cluster022_part1_ransac_icp_voxel005_easy,real_previous_registration,0.05
2,0.5210609154990494,0.0,0.30060915499049434,0.32615352305957535,0.4606091549904944,0.0,0.0,0.0,0.9212183099809887,0.42432158732211456,0.021060915499049426,real_20260626_163327_pallet_rack_cluster022_part1_ransac_icp_voxel005_hard,real_previous_registration,0.05
2,0.49501920122887866,0.0007680491551459293,0.0074875723509491,0.0851633327960113,0.1992319508448541,1.0,0.004132231404958678,0.008230452674897118,0.3984639016897082,0.07938674047489272,0.004980798771121342,real_20260626_163327_pallet_rack_cluster022_part1_ransac_icp_voxel005_medium,real_previous_registration,0.05
2,0.50015425276816,0.0,0.09154252768159964,0.15262279010991983,0.2515425276815996,0.0,0.0,0.0,0.5030850553631993,0.12654728646489663,0.00015425276815994593,real_20260703_131528_rm00_0260_02_cluster022_part1_ransac_icp_voxel005_easy,real_previous_registration,0.05
2,0.5023969843048665,0.0,0.11396984304866493,0.19849881410323333,0.27396984304866495,0.0,0.0,0.0,0.5479396860973299,0.15011894980022022,0.0023969843048664563,real_20260703_131528_rm00_0260_02_cluster022_part1_ransac_icp_voxel005_hard,real_previous_registration,0.05
2,0.49827919613457805,0.0,0.07279196134578034,0.1478134199839435,0.23279196134578034,0.0,0.0,0.0,0.4655839226915607,0.10838419453443057,0.0017208038654219493,real_20260703_131528_rm00_0260_02_cluster022_part1_ransac_icp_voxel005_medium,real_previous_registration,0.05
3,0.4943818796016625,0.005668934240362812,0.06356375687731408,0.05824240168095596,0.21789482263695129,1.0,0.008361204013377926,0.016583747927031506,0.6489585166127599,0.14039727517185924,0.005618120398337478,real_20260703_135250_rm00_0260_02_cluster029_full_refined_from_voxel005_easy,real_previous_registration,0.05
3,0.492018858467826,0.0045351473922902496,0.0582044576941334,0.09652099712921006,0.21366931030184316,0.5,0.007017543859649123,0.01384083044982699,0.6239372600594686,0.12996017336559537,0.007981141532173996,real_20260703_135250_rm00_0260_02_cluster029_full_refined_from_voxel005_medium,real_previous_registration,0.05
2,0.4999616094813415,0.0,0.08961609481341516,0.1288646217265496,0.24961609481341518,0.0,0.0,0.0,0.49923218962683036,0.12461638957979976,3.839051865850429e-05,real_20260706_130424_table_cluster004_table1_refined_from_identity_scale1_hard,real_previous_registration,0.05
2,0.5054298847667973,0.0,0.14429884766797277,0.2103770941401623,0.30429884766797277,0.0,0.0,0.0,0.6085976953359455,0.1851955773841122,0.005429884766797288,real_20260706_130424_table_cluster004_table1_refined_from_identity_scale1_medium,real_previous_registration,0.05
25,0.6320609794803764,0.004761904761904762,0.139375481427951,0.08712924046469481,0.29461357666604626,0.6,0.006772009029345372,0.013392857142857142,6.754509085755526,1.836453433331131,0.13206097948037643,real_20260706_145031_table2_cluster004_table2_refined_from_identity_easy,real_previous_registration,0.05
14,0.5209073233396371,0.03333333333333333,0.0954660754411751,0.1261289454100326,0.22213274210784179,0.14285714285714285,0.029069767441860465,0.04830917874396135,3.010967880266118,0.647967020883004,0.020907323339637074,real_20260706_145031_table2_cluster004_table2_refined_from_identity_hard,real_previous_registration,0.05
5,0.5403501243175801,0.004761904761904762,0.18112900910624874,0.07380644855559655,0.33636710434434397,0.8,0.014545454545454545,0.028571428571428574,1.6993921570439552,0.5776303944920458,0.040350124317580116,real_20260706_145031_table2_cluster004_table2_refined_from_identity_medium,real_previous_registration,0.05
2,0.4998315890577054,0.04104104104104104,0.07805563031679374,0.32248457563849,0.19701458927575272,0.0,0.0,0.0,0.39402917855150543,0.07762949677498708,0.00016841094229458342,real_20260706_150131_table3_cluster004_table3_refined_from_identity_easy,real_previous_registration,0.05
3,0.5344594100099198,0.001,0.2612587568455064,0.2296808509673262,0.4202587568455064,0.0,0.0,0.0,1.261102856944705,0.5301268763704869,0.03445941000991981,real_20260706_150131_table3_cluster004_table3_refined_from_identity_medium,real_previous_registration,0.05
4,0.4884967552951925,0.0032768978700163844,0.05235427906362575,0.20059609029181727,0.20907738119360936,0.0,0.0,0.0,0.8344873153579861,0.17410266929189666,0.011503244704807514,real_20260706_153654_table_fanuc_cluster000_table1_refined_from_identity_easy,real_previous_registration,0.05
2,0.4973440888853158,0.009538950715421303,0.06105615117430257,0.12182953221341616,0.21151720045888128,0.3888888888888889,0.023333333333333334,0.04402515723270441,0.42303440091776257,0.08947905217992513,0.0026559111146842174,real_20260706_153654_table_fanuc_cluster000_table1_refined_from_identity_hard,real_previous_registration,0.05
5,0.48895658817120785,0.014885699096225412,0.06082918439134947,0.14868634330164046,0.20594348529512407,0.14285714285714285,0.013029315960912053,0.023880597014925373,1.025068112355422,0.2101620224724377,0.011043411828792149,real_20260706_153654_table_fanuc_cluster000_table1_refined_from_identity_medium,real_previous_registration,0.05
2,0.5003146917947675,0.0552423900789177,0.0793363204279456,0.10826400571770296,0.1840939303490279,0.5306122448979592,0.2857142857142857,0.37142857142857144,0.3681878606980558,0.06778115038270548,0.00031469179476750764,real_20260707_154904_ur10_choko_base_cluster016_base_refined_from_center_v2_medium,real_previous_registration,0.05
3,0.5046493256317833,0.26763803680981596,0.06358065367004541,0.09461438527017406,0.023580653670045408,0.3954154727793696,0.5542168674698795,0.4615384615384615,0.07007390998787946,0.001636972799166576,0.00464932563178333,wall_column_added_outliers_hard_mixed,added_outliers,0.05
2,0.5,0.4175217048145225,0.032277223847897656,0.04763975323660903,0.0,0.8695652173913043,0.5010893246187363,0.635798203178991,0.0,0.0,0.0,wall_column_added_outliers_medium_2,added_outliers,0.05
2,0.5000865559353825,0.35978004713275724,0.04086555935382588,0.05776274947153673,0.0008655593538258802,0.7248908296943232,0.5147286821705427,0.6019945602901179,0.0017311187076517603,1.4983859899909504e-06,8.655593538253736e-05,wall_column_added_outliers_medium_3,added_outliers,0.05
2,0.5,0.32866666666666666,0.03556046173064999,0.06173514579670594,0.0,0.6835699797160243,0.4469496021220159,0.5404971932638332,0.0,0.0,0.0,wall_column_partial_overlap_hard_mixed,partial_overlap,0.05
2,0.5011792933794296,0.308,0.051806020451089396,0.07898164306479669,0.011806020451089395,0.5194805194805194,0.45368620037807184,0.4843592330978809,0.02359895424538508,0.0002784554063681822,0.001179293379429569,wall_column_partial_overlap_medium_2,partial_overlap,0.05
2,0.5,0.4633333333333333,0.03965708674582989,0.04349682766983897,0.0,0.8503597122302158,0.5300448430493273,0.6530386740331491,0.0,0.0,0.0,wall_column_partial_overlap_medium_3,partial_overlap,0.05
2,0.5,0.3890063424947146,0.03678082091493257,0.05117930785470453,0.0,0.7844202898550725,0.5280487804878049,0.631195335276968,0.0,0.0,0.0,wall_column_scene_change_hard_mixed,scene_change,0.05
2,0.5,0.42217484008528783,0.03657336400373009,0.057470557297802934,0.0,0.7373737373737373,0.5334957369062119,0.6190812720848056,0.0,0.0,0.0,wall_column_scene_change_medium_2,scene_change,0.05
3,0.5053879170535623,0.3057790782735918,0.06671294428246866,0.0693681991651937,0.026712944282468655,0.6291866028708134,0.5239043824701195,0.5717391304347825,0.08059211481809245,0.0021650998233397364,0.005387917053562341,wall_column_scene_change_medium_3,scene_change,0.05
6,0.5101848076285556,0.32866666666666666,0.06087900479411646,0.07201699979679363,0.02087900479411646,0.565922920892495,0.58004158004158,0.5728952772073923,0.1227270810796715,0.0025109215211290893,0.010184807628555559,wall_column_static_noise_hard_mixed,static_noise,0.05
2,0.5007867487354093,0.32266666666666666,0.04778370035780035,0.0886211192475089,0.007783700357800349,0.4297520661157025,0.491725768321513,0.45865490628445427,0.015651187711893666,0.00012248334852683955,0.0007867487354092928,wall_column_static_noise_medium_2,static_noise,0.05
2,0.5,0.428,0.032147924561225935,0.05928296600916604,0.0,0.7118380062305296,0.5326340326340326,0.6093333333333334,0.0,0.0,0.0,wall_column_static_noise_medium_3,static_noise,0.05
2,0.5028814611828563,0.23333333333333334,0.0688060847147631,0.08100459685471177,0.0288060847147631,0.5114285714285715,0.43552311435523117,0.4704336399474376,0.05762069654332577,0.001660072371424852,0.0028814611828562597,wall_column_strong_noise_hard_mixed,strong_noise,0.05
2,0.500352813661887,0.306,0.043551060214994504,0.061295943634702296,0.003551060214994503,0.7712418300653595,0.3706806282722513,0.5007072135785007,0.007079196833864515,2.5057776651928327e-05,0.00035281366188699703,wall_column_strong_noise_medium_2,strong_noise,0.05
3,0.501419985187684,0.25466666666666665,0.047024127676407096,0.07919953392274773,0.007024127676407095,0.5785340314136126,0.3797250859106529,0.4585062240663901,0.021223979553246952,0.0001501772565199128,0.0014199851876840475,wall_column_strong_noise_medium_3,strong_noise,0.05
15,0.5434914228385724,0.1204460966542751,0.07039856732206343,0.09523620898617494,0.10995247066778835,0.36419753086419754,0.26222222222222225,0.3049095607235143,1.3906066108829553,0.13192685746823252,0.043491422838572436,box_sphere_added_outliers_hard_mixed,added_outliers,0.1
3,0.5047262157803132,0.23307692307692307,0.0516197114275607,0.07104550255321285,0.0116197114275607,0.6468646864686468,0.35379061371841153,0.45740956826137685,0.03525079032912666,0.0004142615263561562,0.004726215780313181,box_sphere_added_outliers_medium_2,added_outliers,0.1
18,0.5938058691135144,0.09083969465648854,0.08812204513000153,0.09531636520114263,0.157282350473513,0.3445378151260504,0.2808219178082192,0.309433962264151,2.303792612071619,0.3057451925338447,0.0938058691135144,box_sphere_added_outliers_medium_3,added_outliers,0.1
50,0.6962791817425108,0.058666666666666666,0.08923085502880915,0.053273572797517876,0.19056418836214248,0.75,0.1021671826625387,0.17983651226158037,6.482793430408028,0.9460821155695986,0.1962791817425108,box_sphere_partial_overlap_hard_mixed,partial_overlap,0.1
39,0.5896406886991187,0.09133333333333334,0.07082075104780244,0.0628065306179048,0.13948741771446913,0.7664233576642335,0.16483516483516483,0.2713178294573643,4.138524194543399,0.4714612091101652,0.08964068869911868,box_sphere_partial_overlap_medium_2,partial_overlap,0.1
16,0.5875794897572416,0.054,0.09875399043287622,0.08200629059723624,0.20475399043287623,0.37037037037037035,0.1111111111111111,0.17094017094017092,2.7751514392190844,0.4944662101179508,0.08757948975724161,box_sphere_partial_overlap_medium_3,partial_overlap,0.1
2,0.5014441744540007,0.23733333333333334,0.047241507317718645,0.058627485191380266,0.007241507317718644,0.7752808988764045,0.3205574912891986,0.45357436318816763,0.014462379587722257,0.0001045804245722798,0.0014441744540006907,box_sphere_scene_change_hard_mixed,scene_change,0.1
14,0.5374377567291235,0.11333333333333333,0.07125625005286378,0.09590095138982381,0.11792291671953045,0.31176470588235294,0.2535885167464115,0.2796833773087071,1.4242783670318155,0.14688429212409596,0.03743775672912353,box_sphere_scene_change_medium_2,scene_change,0.1
2,0.5009573273644582,0.23066666666666666,0.04473788235657405,0.06470616310270945,0.004737882356574047,0.7630057803468208,0.31316725978647686,0.4440706476030277,0.00952451917886523,4.535942129324948e-05,0.0009573273644581937,box_sphere_scene_change_medium_3,scene_change,0.1
28,0.6186854680107547,0.06666666666666667,0.09020419398015138,0.0831590202914181,0.18353752731348474,0.47,0.20434782608695654,0.28484848484848485,3.8761315340339264,0.5731954903411924,0.11868546801075475,box_sphere_static_noise_hard_mixed,static_noise,0.1
3,0.5017816002207947,0.2853333333333333,0.04449520361290773,0.06763539433787491,0.004495203612907728,0.6214953271028038,0.39233038348082594,0.48101265822784806,0.013403204716880952,5.988917915385177e-05,0.0017816002207946546,box_sphere_static_noise_medium_2,static_noise,0.1
4,0.5170893479882402,0.202,0.06826798784769429,0.08552053710242451,0.02826798784769429,0.40924092409240925,0.30617283950617286,0.3502824858757062,0.11371472778889544,0.0032329507003258677,0.017089347988240244,box_sphere_static_noise_medium_3,static_noise,0.1
3,0.49907288318108867,0.08133333333333333,0.06768856018888483,0.08461997356760335,0.14635522685555152,0.4098360655737705,0.13736263736263737,0.20576131687242802,0.43921964276099507,0.06430464733193689,0.0009271168189113332,box_sphere_strong_noise_hard_mixed,strong_noise,0.1
30,0.4428227092008412,0.19333333333333333,0.040215174717012345,0.06840717219307968,0.006881841383679026,0.6758620689655173,0.22843822843822845,0.34146341463414637,1.537662054054552,0.11510854631531073,0.057177290799158786,box_sphere_strong_noise_medium_2,strong_noise,0.1
24,0.442520229180138,0.17733333333333334,0.04240294247954279,0.08565064147009462,0.02506960914620946,0.44360902255639095,0.21338155515370705,0.2881562881562882,1.4776707550468995,0.11482480141816231,0.057479770819862,box_sphere_strong_noise_medium_3,strong_noise,0.1
7,0.5234495924666718,0.3016116653875672,0.06021433956098815,0.0678834576410923,0.02021433956098815,0.6921119592875318,0.5887445887445888,0.6362573099415205,0.13746230189434697,0.0027005083192325565,0.023449592466671776,boxes_cylinder_added_outliers_hard_mixed,added_outliers,0.1
2,0.5,0.4792156862745098,0.03088904821779578,0.0455143080455005,0.0,0.8657937806873978,0.575,0.6910516002612672,0.0,0.0,0.0,boxes_cylinder_added_outliers_medium_2,added_outliers,0.1
3,0.5006894764785255,0.36666666666666664,0.04163143627093951,0.06501938513169626,0.001631436270939507,0.6596194503171248,0.5351629502572899,0.5909090909090909,0.005078818663566673,8.620828929146458e-06,0.0006894764785254637,boxes_cylinder_added_outliers_medium_3,added_outliers,0.1
48,0.6976815635786623,0.028666666666666667,0.09852994969984338,0.09586523807957432,0.2298632830331767,0.4186046511627907,0.11920529801324503,0.18556701030927836,8.098271100926489,1.4728973571594115,0.1976815635786623,boxes_cylinder_partial_overlap_hard_mixed,partial_overlap,0.1
3,0.5103526702191272,0.30666666666666664,0.06596424323866734,0.07628929835261032,0.02596424323866734,0.5239130434782608,0.589242053789731,0.5546605293440737,0.07772759433430312,0.002013880554100878,0.010352670219127225,boxes_cylinder_partial_overlap_medium_2,partial_overlap,0.1
2,0.5,0.44666666666666666,0.03606104671052348,0.05336290580842016,0.0,0.8567164179104477,0.5786290322580645,0.690734055354994,0.0,0.0,0.0,boxes_cylinder_partial_overlap_medium_3,partial_overlap,0.1
6,0.5054132121630568,0.2832529290144728,0.04542750536502885,0.06570900096861836,0.0054275053650288466,0.7201946472019465,0.4728434504792332,0.5708775313404051,0.03249356618031235,0.00017599281245173995,0.005413212163056791,boxes_cylinder_scene_change_hard_mixed,scene_change,0.1
6,0.5137278879450715,0.2805049088359046,0.054101264969642314,0.06462467863058562,0.014101264969642313,0.6425,0.4830827067669173,0.5515021459227467,0.08274070469499956,0.0011412390439932162,0.013727887945071515,boxes_cylinder_scene_change_medium_2,scene_change,0.1
2,0.5,0.46787709497206703,0.024113540462280005,0.04116364609149197,0.0,0.9164179104477612,0.5551537070524413,0.6914414414414415,0.0,0.0,0.0,boxes_cylinder_scene_change_medium_3,scene_change,0.1
2,0.5013935961829739,0.4106666666666667,0.04700032627612315,0.06927414374501745,0.007000326276123146,0.612012987012987,0.5782208588957055,0.5946372239747634,0.01396830719099268,9.755732600216622e-05,0.0013935961829738552,boxes_cylinder_static_noise_hard_mixed,static_noise,0.1
2,0.5018764607571944,0.388,0.049339665418809145,0.07602340071807318,0.009339665418809144,0.5601374570446735,0.6070763500931099,0.58266309204647,0.018721969204780815,0.00017525697446755774,0.001876460757194387,boxes_cylinder_static_noise_medium_2,static_noise,0.1
2,0.5019243569468087,0.39866666666666667,0.049611032800078815,0.07547470739100552,0.009611032800078814,0.5668896321070234,0.6289424860853432,0.5963060686015831,0.019232817534122218,0.0001849506929524615,0.001924356946808703,boxes_cylinder_static_noise_medium_3,static_noise,0.1
23,0.5643727622220609,0.08466666666666667,0.07866891031305445,0.09966635105770752,0.1540022436463878,0.2677165354330709,0.1717171717171717,0.20923076923076922,3.043366054756693,0.4101236485672703,0.0643727622220609,boxes_cylinder_strong_noise_hard_mixed,strong_noise,0.1
5,0.50352539439847,0.16933333333333334,0.05148784993663,0.08301380623278952,0.04215451660329667,0.4448818897637795,0.2591743119266055,0.32753623188405795,0.20478148859564752,0.008396220045380844,0.0035253943984699943,boxes_cylinder_strong_noise_medium_2,strong_noise,0.1
16,0.5444225291307141,0.082,0.0772561036590887,0.09121686502940515,0.1552561036590887,0.4146341463414634,0.22666666666666666,0.2931034482758621,2.091535415979326,0.27833535983887026,0.044422529130714095,boxes_cylinder_strong_noise_medium_3,strong_noise,0.1
32,0.6480768948878639,0.0715953307392996,0.08634523513902823,0.0990730995782718,0.17474990439972862,0.2608695652173913,0.17647058823529413,0.2105263157894737,3.9024884644421602,0.5347386114847276,0.1480768948878639,l_shape_added_outliers_hard_mixed,added_outliers,0.1
2,0.5006206109587796,0.3565830721003135,0.04315343751234926,0.05819816948192067,0.0031534375123492622,0.7208791208791209,0.5061728395061729,0.5947416137805984,0.006256492306247453,1.957311719822605e-05,0.0006206109587796327,l_shape_added_outliers_medium_2,added_outliers,0.1
47,0.6745861202777954,0.07680372381691233,0.07940104431394095,0.07050227815807696,0.16259732049702863,0.6262626262626263,0.18902439024390244,0.2903981264637003,4.8633013896905055,0.599783858143201,0.1745861202777954,l_shape_added_outliers_medium_3,added_outliers,0.1
3,0.5129866235854563,0.23733333333333334,0.07248512691235066,0.09162628961469581,0.03248512691235066,0.32865168539325845,0.42857142857142855,0.37201907790143085,0.09741824483963185,0.003163450430237115,0.012986623585456325,l_shape_partial_overlap_hard_mixed,partial_overlap,0.1
35,0.6392830386280446,0.09,0.07676211041399376,0.07985454931888954,0.14676211041399378,0.4740740740740741,0.17534246575342466,0.256,3.144010636887549,0.3514819776177545,0.1392830386280446,l_shape_partial_overlap_medium_2,partial_overlap,0.1
5,0.5111517663113583,0.39066666666666666,0.054400041190822555,0.05727795108937578,0.014400041190822555,0.7440273037542662,0.5221556886227545,0.613652357494722,0.07015887274761323,0.0009850788863337888,0.01115176631135828,l_shape_partial_overlap_medium_3,partial_overlap,0.1
4,0.5098354306475188,0.228,0.05648073156999068,0.08388865000203176,0.016480731569990678,0.5058479532163743,0.44587628865979384,0.4739726027397261,0.06565788480758482,0.0010778184033087897,0.009835430647518795,l_shape_scene_change_hard_mixed,scene_change,0.1
2,0.5,0.4495476687543493,0.02136028048409517,0.037699597571327126,0.0,0.9860681114551083,0.4953343701399689,0.6594202898550724,0.0,0.0,0.0,l_shape_scene_change_medium_2,scene_change,0.1
2,0.5,0.49230769230769234,0.01383705594672286,0.024860792640249478,0.0,0.9972826086956522,0.5620214395099541,0.7189030362389816,0.0,0.0,0.0,l_shape_scene_change_medium_3,scene_change,0.1
3,0.5050355649078504,0.38866666666666666,0.05261532201072733,0.06920611819986984,0.012615322010727327,0.5574614065180102,0.6018518518518519,0.578806767586821,0.03779314654997972,0.0004761183741739953,0.005035564907850398,l_shape_static_noise_hard_mixed,static_noise,0.1
2,0.5024027362237145,0.3993333333333333,0.05198118114049427,0.07067416773443215,0.01198118114049427,0.671118530884808,0.5275590551181102,0.5907421013960323,0.023994862259066455,0.0002878772355400734,0.0024027362237144523,l_shape_static_noise_medium_2,static_noise,0.1
2,0.5058028722089098,0.2926666666666667,0.06906575553842317,0.09188788710539948,0.029065755538423173,0.31890660592255127,0.5128205128205128,0.3932584269662921,0.05808011658297224,0.0016866512918428237,0.005802872208909848,l_shape_static_noise_medium_3,static_noise,0.1
16,0.5281379122910131,0.11466666666666667,0.06677595015537303,0.06813593662033379,0.11210928348870638,0.6569767441860465,0.2062043795620438,0.3138888888888889,1.5794655116104388,0.1578491919195403,0.028137912291013145,l_shape_strong_noise_hard_mixed,strong_noise,0.1
19,0.5228429319742931,0.122,0.063843412300324,0.07114245514560914,0.10184341230032401,0.6284153005464481,0.22157996146435452,0.3276353276353276,1.7077247388384569,0.15486658382570972,0.0228429319742931,l_shape_strong_noise_medium_2,strong_noise,0.1
14,0.5193979305090629,0.13066666666666665,0.06222372175162793,0.07446450091032708,0.09155705508496129,0.5816326530612245,0.2111111111111111,0.30978260869565216,1.1127133742969426,0.08986335955850958,0.01939793050906291,l_shape_strong_noise_medium_3,strong_noise,0.1
5,0.4708015787026189,0.027,0.04849149974655762,0.13747349761998184,0.18149149974655765,0.4074074074074074,0.09090909090909091,0.14864864864864866,0.9167493932596524,0.16810445043292607,0.029198421297381094,real_20260626_143302_palletizer_005_part_2_refined_from_voxel005_easy,real_previous_registration,0.1
4,0.4726977087952698,0.021433850702143386,0.01490735375707552,0.13059540581139228,0.17856614929785664,0.10344827586206896,0.011627906976744186,0.020905923344947733,0.7246119733924613,0.1313022278378398,0.02730229120473021,real_20260626_144015_pallet_rack_05_part1_refined_from_voxel005_easy,real_previous_registration,0.1
4,0.4945530850909296,0.005912786400591279,0.0781914519591548,0.1162515308276901,0.23227866555856352,0.375,0.006756756756756757,0.013274336283185842,0.9356427606362714,0.21886939169542108,0.0054469149090703994,real_20260626_161831_pallet_rack_cluster021_part1_ransac_icp_voxel005_easy,real_previous_registration,0.1
2,0.49036954915003694,0.007390983000739098,0.01583592821949135,0.13187238440481514,0.19260901699926092,0.0,0.0,0.0,0.38521803399852184,0.07419646685884317,0.009630450849963057,real_20260626_161831_pallet_rack_cluster021_part1_ransac_icp_voxel005_hard,real_previous_registration,0.1
4,0.5451974948437052,0.0007412898443291327,0.1536697835932747,0.1301613045267345,0.3129284937489456,0.0,0.0,0.0,1.2824296818295922,0.4117202898141302,0.045197494843705166,real_20260626_161911_pallet_rack_cluster021_part1_refined_from_voxel005_easy,real_previous_registration,0.1
2,0.5126300018508937,0.0,0.15315000925446864,0.1708294156247957,0.3131500092544687,0.0,0.0,0.0,0.6263000185089374,0.19612585659214762,0.01263000185089369,real_20260626_161911_pallet_rack_cluster021_part1_refined_from_voxel005_medium,real_previous_registration,0.1
2,0.5057959574157326,0.0,0.11897978707866294,0.18963641773073536,0.27897978707866294,0.0,0.0,0.0,0.5579595741573259,0.15565944319691222,0.005795957415732578,real_20260626_163327_pallet_rack_cluster022_part1_ransac_icp_voxel005_easy,real_previous_registration,0.1
2,0.5421218309980989,0.0,0.30060915499049434,0.32615352305957535,0.4606091549904944,0.0,0.0,0.0,0.9212183099809887,0.42432158732211456,0.04212183099809885,real_20260626_163327_pallet_rack_cluster022_part1_ransac_icp_voxel005_hard,real_previous_registration,0.1
2,0.4900384024577573,0.0007680491551459293,0.0074875723509491,0.0851633327960113,0.1992319508448541,1.0,0.004132231404958678,0.008230452674897118,0.3984639016897082,0.07938674047489272,0.009961597542242684,real_20260626_163327_pallet_rack_cluster022_part1_ransac_icp_voxel005_medium,real_previous_registration,0.1
2,0.5003085055363199,0.0,0.09154252768159964,0.15262279010991983,0.2515425276815996,0.0,0.0,0.0,0.5030850553631993,0.12654728646489663,0.00030850553631989186,real_20260703_131528_rm00_0260_02_cluster022_part1_ransac_icp_voxel005_easy,real_previous_registration,0.1
2,0.504793968609733,0.0,0.11396984304866493,0.19849881410323333,0.27396984304866495,0.0,0.0,0.0,0.5479396860973299,0.15011894980022022,0.004793968609733024,real_20260703_131528_rm00_0260_02_cluster022_part1_ransac_icp_voxel005_hard,real_previous_registration,0.1
2,0.49655839226915605,0.0,0.07279196134578034,0.1478134199839435,0.23279196134578034,0.0,0.0,0.0,0.4655839226915607,0.10838419453443057,0.003441607730843954,real_20260703_131528_rm00_0260_02_cluster022_part1_ransac_icp_voxel005_medium,real_previous_registration,0.1
3,0.487467053533999,0.006802721088435374,0.0567967818186659,0.06167228717423148,0.20999406073023053,1.0,0.010033444816053512,0.019867549668874173,0.6331569927993184,0.13363597879182582,0.012532946466001005,real_20260703_135250_rm00_0260_02_cluster029_full_refined_from_voxel005_easy,real_previous_registration,0.1
7,0.4741446367230948,0.011337868480725623,0.07861160696328191,0.09502132141270589,0.2272737384825563,0.6,0.021052631578947368,0.04067796610169492,1.5413075796944025,0.34031368325953115,0.025855363276905186,real_20260703_135250_rm00_0260_02_cluster029_full_refined_from_voxel005_medium,real_previous_registration,0.1
2,0.49992321896268305,0.0,0.08961609481341516,0.1288646217265496,0.24961609481341518,0.0,0.0,0.0,0.49923218962683036,0.12461638957979976,7.678103731695307e-05,real_20260706_130424_table_cluster004_table1_refined_from_identity_scale1_hard,real_previous_registration,0.1
2,0.5108597695335946,0.0,0.14429884766797277,0.2103770941401623,0.30429884766797277,0.0,0.0,0.0,0.6085976953359455,0.1851955773841122,0.010859769533594577,real_20260706_130424_table_cluster004_table1_refined_from_identity_scale1_medium,real_previous_registration,0.1
13,0.6327147988418065,0.004761904761904762,0.139375481427951,0.08712924046469481,0.29461357666604626,0.6,0.006772009029345372,0.013392857142857142,3.505806618494127,0.9520308270361886,0.13271479884180648,real_20260706_145031_table2_cluster004_table2_refined_from_identity_easy,real_previous_registration,0.1
10,0.5280388012575558,0.030476190476190476,0.09685374065721175,0.12531530104208669,0.22637755018102126,0.15625,0.029069767441860465,0.04901960784313726,2.1784763183735616,0.47503213781346093,0.028038801257555757,real_20260706_145031_table2_cluster004_table2_refined_from_identity_hard,real_previous_registration,0.1
7,0.6137231843393622,0.0019047619047619048,0.177376711562965,0.054384186107036256,0.3354719496582031,1.0,0.007272727272727273,0.014440433212996389,2.3636116808788237,0.7981679488996394,0.11372318433936224,real_20260706_145031_table2_cluster004_table2_refined_from_identity_medium,real_previous_registration,0.1
2,0.4996631781154108,0.04104104104104104,0.07805563031679374,0.32248457563849,0.19701458927575272,0.0,0.0,0.0,0.39402917855150543,0.07762949677498708,0.00033682188458922235,real_20260706_150131_table3_cluster004_table3_refined_from_identity_easy,real_previous_registration,0.1
3,0.5689188200198397,0.001,0.2612587568455064,0.2296808509673262,0.4202587568455064,0.0,0.0,0.0,1.261102856944705,0.5301268763704869,0.06891882001983973,real_20260706_150131_table3_cluster004_table3_refined_from_identity_medium,real_previous_registration,0.1
3,0.485115045248166,0.0032768978700163844,0.05235427906362575,0.20059609029181727,0.20907738119360936,0.0,0.0,0.0,0.6285084239281589,0.13167536557723605,0.01488495475183399,real_20260706_153654_table_fanuc_cluster000_table1_refined_from_identity_easy,real_previous_registration,0.1
14,0.4316611453035819,0.03232644409114997,0.06343497432264805,0.12413228232738846,0.19110853023149807,0.36065573770491804,0.07333333333333333,0.1218836565096953,2.8066214639566147,0.5632551343341945,0.0683388546964181,real_20260706_153654_table_fanuc_cluster000_table1_refined_from_identity_hard,real_previous_registration,0.1
6,0.47413150636680385,0.01701222753854333,0.0630574019784095,0.14670912039445688,0.20604517443986617,0.15625,0.016286644951140065,0.029498525073746316,1.2330025467842525,0.2533868348430924,0.025868493633196155,real_20260706_153654_table_fanuc_cluster000_table1_refined_from_identity_medium,real_previous_registration,0.1
2,0.500629383589535,0.0552423900789177,0.0793363204279456,0.10826400571770296,0.1840939303490279,0.5306122448979592,0.2857142857142857,0.37142857142857144,0.3681878606980558,0.06778115038270548,0.0006293835895350153,real_20260707_154904_ur10_choko_base_cluster016_base_refined_from_center_v2_medium,real_previous_registration,0.1
36,0.6620603482091055,0.10506134969325154,0.080144068253714,0.07646271425404759,0.13508271856046247,0.5693430656934306,0.3132530120481928,0.40414507772020725,2.5216881405875844,0.23289988002819495,0.16206034820910553,wall_column_added_outliers_hard_mixed,added_outliers,0.1
2,0.5,0.4175217048145225,0.032277223847897656,0.04763975323660903,0.0,0.8695652173913043,0.5010893246187363,0.635798203178991,0.0,0.0,0.0,wall_column_added_outliers_medium_2,added_outliers,0.1
2,0.5001731118707652,0.35978004713275724,0.04086555935382588,0.05776274947153673,0.0008655593538258802,0.7248908296943232,0.5147286821705427,0.6019945602901179,0.0017311187076517603,1.4983859899909504e-06,0.00017311187076518575,wall_column_added_outliers_medium_3,added_outliers,0.1
2,0.5,0.32866666666666666,0.03556046173064999,0.06173514579670594,0.0,0.6835699797160243,0.4469496021220159,0.5404971932638332,0.0,0.0,0.0,wall_column_partial_overlap_hard_mixed,partial_overlap,0.1
2,0.5023585867588591,0.30466666666666664,0.05181842790887916,0.07872509503557361,0.011818427908879159,0.5229759299781181,0.45179584120982985,0.4847870182555781,0.023611361703174842,0.00027874852571401496,0.002358586758859138,wall_column_partial_overlap_medium_2,partial_overlap,0.1
2,0.5,0.4633333333333333,0.03965708674582989,0.04349682766983897,0.0,0.8503597122302158,0.5300448430493273,0.6530386740331491,0.0,0.0,0.0,wall_column_partial_overlap_medium_3,partial_overlap,0.1
2,0.5,0.3890063424947146,0.03678082091493257,0.05117930785470453,0.0,0.7844202898550725,0.5280487804878049,0.631195335276968,0.0,0.0,0.0,wall_column_scene_change_hard_mixed,scene_change,0.1
2,0.5,0.42217484008528783,0.03657336400373009,0.057470557297802934,0.0,0.7373737373737373,0.5334957369062119,0.6190812720848056,0.0,0.0,0.0,wall_column_scene_change_medium_2,scene_change,0.1
3,0.5107573097523351,0.29992684711046086,0.0667967334124385,0.0690513339998241,0.026796733412438496,0.6341463414634146,0.5179282868525896,0.5701754385964912,0.08058328217411387,0.0021646263733120946,0.010757309752335131,wall_column_scene_change_medium_3,scene_change,0.1
4,0.5122219098621676,0.324,0.06086001676420084,0.07208699926280158,0.020860016764200837,0.5637860082304527,0.5696465696465697,0.5667011375387798,0.08196956607503916,0.0016802363756067706,0.012221909862167646,wall_column_static_noise_hard_mixed,static_noise,0.1
3,0.5031216638849696,0.31733333333333336,0.047701819957916024,0.08853562448332158,0.007701819957916023,0.4264705882352941,0.4799054373522459,0.45161290322580644,0.023310139382763995,0.00018113586907859562,0.0031216638849695943,wall_column_static_noise_medium_2,static_noise,0.1
2,0.5,0.428,0.032147924561225935,0.05928296600916604,0.0,0.7118380062305296,0.5326340326340326,0.6093333333333334,0.0,0.0,0.0,wall_column_static_noise_medium_3,static_noise,0.1
31,0.6159401510979093,0.108,0.072834978755389,0.07525832450691074,0.12483497875538901,0.5864197530864198,0.23114355231143552,0.33158813263525305,2.5720357342449365,0.24742692049731685,0.11594015109790934,wall_column_strong_noise_hard_mixed,strong_noise,0.1
2,0.500705627323774,0.30533333333333335,0.043615776097177435,0.06129543346360709,0.003615776097177434,0.7707423580786026,0.36963350785340315,0.49964614295824483,0.007143912716047446,2.5521584786331198e-05,0.0007056273237739941,wall_column_strong_noise_medium_2,strong_noise,0.1
3,0.5028452998631857,0.254,0.047120079251469986,0.07924207703594208,0.007120079251469985,0.5774278215223098,0.37800687285223367,0.45690550363447563,0.021346578567398737,0.0001519080553954674,0.002845299863185713,wall_column_strong_noise_medium_3,strong_noise,0.1
24,0.5789200132970412,0.09368029739776952,0.073034480637248,0.09367845213057419,0.13935418323947849,0.3888888888888889,0.21777777777777776,0.2792022792022792,2.712829816162702,0.3175614029692893,0.07892001329704124,box_sphere_added_outliers_hard_mixed,added_outliers,0.15
6,0.5173527473481998,0.2153846153846154,0.051304596473671985,0.07037765037548174,0.011304596473671984,0.6607142857142857,0.33393501805054154,0.44364508393285373,0.06914708763433786,0.0007972315160868061,0.017352747348199804,box_sphere_added_outliers_medium_2,added_outliers,0.15
50,0.7913429779783147,0.004580152671755725,0.10845947865612492,0.08771057888172194,0.2638793259843692,0.3333333333333333,0.0136986301369863,0.02631578947368421,9.700671440873917,1.9935260736590177,0.29134297797831465,box_sphere_added_outliers_medium_3,added_outliers,0.15
50,0.8285299932298644,0.009333333333333334,0.1224334323301191,0.024727732514395747,0.2731000989967858,0.9285714285714286,0.020123839009287926,0.03939393939393939,8.301533409763001,1.5950352092283695,0.3285299932298644,box_sphere_partial_overlap_hard_mixed,partial_overlap,0.15
37,0.5986419815143579,0.08266666666666667,0.07125410806288217,0.06177119461363163,0.14858744139621552,0.7741935483870968,0.15070643642072212,0.25229960578186594,4.336560713110743,0.5421635516684213,0.09864198151435788,box_sphere_partial_overlap_medium_2,partial_overlap,0.15
30,0.7156811709041689,0.024666666666666667,0.10691369866764554,0.07226094420003033,0.24224703200097888,0.43243243243243246,0.05925925925925926,0.10423452768729642,6.230350935014875,1.325946667289272,0.21568117090416894,box_sphere_partial_overlap_medium_3,partial_overlap,0.15
4,0.5066957910109567,0.22466666666666665,0.04756510793317709,0.058264917034313496,0.007565107933177093,0.7774480712166172,0.3042973286875726,0.43739565943238734,0.02988441130303289,0.00022337199674970888,0.006695791010956742,box_sphere_scene_change_hard_mixed,scene_change,0.15
11,0.5419546073754262,0.11266666666666666,0.07114308629595273,0.0956778068129882,0.11847641962928607,0.3136094674556213,0.2535885167464115,0.28042328042328046,1.1408251108807077,0.12019554500657995,0.04195460737542622,box_sphere_scene_change_medium_2,scene_change,0.15
2,0.5014359910466873,0.23,0.04471240490145941,0.06477274302913825,0.0047124049014594105,0.7623188405797101,0.31198102016607354,0.4427609427609428,0.009499041723750594,4.5118652023812516e-05,0.001435991046687346,box_sphere_scene_change_medium_3,scene_change,0.15
19,0.6192746021087002,0.06666666666666667,0.09020419398015138,0.0831590202914181,0.18353752731348474,0.47,0.20434782608695654,0.28484848484848485,2.636119534342485,0.3920925978256354,0.11927460210870022,box_sphere_static_noise_hard_mixed,static_noise,0.15
8,0.5092749471184925,0.27066666666666667,0.04413429256778551,0.06716498886531976,0.004134292567785511,0.6231527093596059,0.37315634218289084,0.4667896678966789,0.0350507829627605,0.00015380534359435473,0.009274947118492527,box_sphere_static_noise_medium_2,static_noise,0.15
2,0.5085037023960368,0.21333333333333335,0.06834891830377739,0.08550548512450303,0.028348918303777386,0.4125,0.32592592592592595,0.3641379310344828,0.05669459295723352,0.0016071384405538297,0.008503702396036816,box_sphere_static_noise_medium_3,static_noise,0.15
3,0.49860932477163306,0.08133333333333333,0.06768856018888483,0.08461997356760335,0.14635522685555152,0.4098360655737705,0.13736263736263737,0.20576131687242802,0.43921964276099507,0.06430464733193689,0.0013906752283669443,box_sphere_strong_noise_hard_mixed,strong_noise,0.15
20,0.442708073719641,0.19333333333333333,0.040215174717012345,0.06840717219307968,0.006881841383679026,0.6758620689655173,0.22843822843822845,0.34146341463414637,1.0350754204491492,0.07838466993737794,0.05729192628035901,box_sphere_strong_noise_medium_2,strong_noise,0.15
21,0.43962755744864424,0.18533333333333332,0.04299892323050307,0.08612591923112539,0.017665589897169758,0.42805755395683454,0.21518987341772153,0.2864019253910951,1.0914241147259842,0.08000666387194422,0.060372442551355765,box_sphere_strong_noise_medium_3,strong_noise,0.15
8,0.5424955202663515,0.27935533384497313,0.062166779303621966,0.06665691456576445,0.022166779303621965,0.7060439560439561,0.5562770562770563,0.6222760290556901,0.16381851352479362,0.0033648265224924968,0.042495520266351505,boxes_cylinder_added_outliers_hard_mixed,added_outliers,0.15
2,0.5,0.4792156862745098,0.03088904821779578,0.0455143080455005,0.0,0.8657937806873978,0.575,0.6910516002612672,0.0,0.0,0.0,boxes_cylinder_added_outliers_medium_2,added_outliers,0.15
5,0.5020499874231735,0.3643410852713178,0.04163189415223581,0.06483814518207263,0.001631894152235809,0.6617021276595745,0.5334476843910806,0.5906932573599241,0.008465185562814476,1.436196982036395e-05,0.002049987423173527,boxes_cylinder_added_outliers_medium_3,added_outliers,0.15
38,0.7320372041422687,0.016,0.1094392001583137,0.07490493857879454,0.25343920015831367,0.6666666666666666,0.10596026490066225,0.18285714285714286,6.857729880632544,1.3403502034338084,0.2320372041422687,boxes_cylinder_partial_overlap_hard_mixed,partial_overlap,0.15
8,0.5563847526927952,0.238,0.06795232211263849,0.07238863453177026,0.02795232211263849,0.5686274509803921,0.4963325183374083,0.5300261096605744,0.21590149775528863,0.005832019318749116,0.05638475269279519,boxes_cylinder_partial_overlap_medium_2,partial_overlap,0.15
2,0.5,0.44666666666666666,0.03606104671052348,0.05336290580842016,0.0,0.8567164179104477,0.5786290322580645,0.690734055354994,0.0,0.0,0.0,boxes_cylinder_partial_overlap_medium_3,partial_overlap,0.15
2,0.5016176360899602,0.29083390764989664,0.04544529817100995,0.06620704733940207,0.0054452981710099504,0.7109004739336493,0.4792332268370607,0.5725190839694656,0.01083741847087727,5.8726233499445534e-05,0.0016176360899602393,boxes_cylinder_scene_change_hard_mixed,scene_change,0.15
2,0.5040801117961701,0.2924263674614306,0.05363513115008328,0.06497714766605765,0.01363513115008328,0.6426858513189448,0.5037593984962406,0.564805057955743,0.02723550380398336,0.0003708869378049245,0.004080111796170072,boxes_cylinder_scene_change_medium_2,scene_change,0.15
2,0.5,0.46787709497206703,0.024113540462280005,0.04116364609149197,0.0,0.9164179104477612,0.5551537070524413,0.6914414414414415,0.0,0.0,0.0,boxes_cylinder_scene_change_medium_3,scene_change,0.15
2,0.5020903942744609,0.4093333333333333,0.04698559210755175,0.06922857602371443,0.006985592107551751,0.6123778501628665,0.5766871165644172,0.5939968404423381,0.013953573022421284,9.735125512307537e-05,0.002090394274460894,boxes_cylinder_static_noise_hard_mixed,static_noise,0.15
2,0.5028146911357915,0.3873333333333333,0.04929709833848688,0.0760497639622333,0.009297098338486881,0.5593803786574871,0.6052141527001862,0.5813953488372092,0.018679402124458552,0.00017446366184775388,0.0028146911357914695,boxes_cylinder_static_noise_medium_2,static_noise,0.15
2,0.502886535420213,0.39866666666666667,0.049611032800078815,0.07547470739100552,0.009611032800078814,0.5668896321070234,0.6289424860853432,0.5963060686015831,0.019232817534122218,0.0001849506929524615,0.002886535420212999,boxes_cylinder_static_noise_medium_3,static_noise,0.15
10,0.5461265679581382,0.09666666666666666,0.07805925928658809,0.10015534723082503,0.14139259261992143,0.27586206896551724,0.20202020202020202,0.23323615160349856,1.2234811524803821,0.15219375244974442,0.04612656795813819,boxes_cylinder_strong_noise_hard_mixed,strong_noise,0.15
13,0.5106012844725679,0.15933333333333333,0.05185697230144886,0.08240948689293608,0.052523638968115544,0.4560669456066946,0.25,0.32296296296296295,0.5995279205433416,0.027902392675264426,0.010601284472567918,boxes_cylinder_strong_noise_medium_2,strong_noise,0.15
17,0.5553589172314657,0.072,0.07601082682778672,0.08995111711291041,0.16401082682778673,0.4444444444444444,0.21333333333333335,0.2882882882882883,2.4085405509326723,0.3485631617764481,0.05535891723146569,boxes_cylinder_strong_noise_medium_3,strong_noise,0.15
33,0.6904014081226797,0.0443579766536965,0.08861482942378829,0.09571872390047469,0.20425685277009178,0.2807017543859649,0.11764705882352941,0.16580310880829013,4.858383466097313,0.7968601749344668,0.1904014081226797,l_shape_added_outliers_hard_mixed,added_outliers,0.15
2,0.5009309164381694,0.3565830721003135,0.04315343751234926,0.05819816948192067,0.0031534375123492622,0.7208791208791209,0.5061728395061729,0.5947416137805984,0.006256492306247453,1.957311719822605e-05,0.000930916438169449,l_shape_added_outliers_medium_2,added_outliers,0.15
5,0.5381628078429527,0.20325833979829325,0.07299773185692088,0.08022748349034646,0.03299773185692088,0.4847328244274809,0.3871951219512195,0.43050847457627117,0.16020709133343003,0.005137649825021167,0.03816280784295267,l_shape_added_outliers_medium_3,added_outliers,0.15
2,0.5097632615314481,0.24266666666666667,0.07263823017193848,0.09192116463976667,0.032638230171938475,0.32967032967032966,0.43956043956043955,0.3767660910518054,0.06518243527676568,0.002124379354661496,0.00976326153144813,l_shape_partial_overlap_hard_mixed,partial_overlap,0.15
41,0.6793980590491598,0.05533333333333333,0.08261045008688679,0.07500978357805294,0.18727711675355346,0.5783132530120482,0.13150684931506848,0.21428571428571427,5.119437313584086,0.756515250831199,0.17939805904915984,l_shape_partial_overlap_medium_2,partial_overlap,0.15
4,0.5125116144430806,0.3893333333333333,0.05441813548397014,0.05717487803075478,0.01441813548397014,0.7448630136986302,0.5209580838323353,0.613107822410148,0.0561235169609056,0.000788085772850967,0.012511614443080576,l_shape_partial_overlap_medium_3,partial_overlap,0.15
5,0.519515004831662,0.212,0.05587447493214999,0.08223632460750156,0.01587447493214999,0.5283018867924528,0.4329896907216495,0.4759206798866855,0.0809244910376902,0.0013101955881693356,0.01951500483166202,l_shape_scene_change_hard_mixed,scene_change,0.15
2,0.5,0.4495476687543493,0.02136028048409517,0.037699597571327126,0.0,0.9860681114551083,0.4953343701399689,0.6594202898550724,0.0,0.0,0.0,l_shape_scene_change_medium_2,scene_change,0.15
2,0.5,0.49230769230769234,0.01383705594672286,0.024860792640249478,0.0,0.9972826086956522,0.5620214395099541,0.7189030362389816,0.0,0.0,0.0,l_shape_scene_change_medium_3,scene_change,0.15
12,0.5456837647503795,0.31266666666666665,0.0550224450677191,0.06582606655555788,0.015022445067719097,0.5948827292110874,0.5166666666666667,0.5530227948463825,0.16730166090231713,0.0023411215906230074,0.045683764750379496,l_shape_static_noise_hard_mixed,static_noise,0.15
2,0.5036041043355717,0.396,0.051979255906234714,0.07066915192243274,0.011979255906234713,0.67003367003367,0.5223097112860893,0.5870206489675516,0.0239929370248069,0.0002878311060857971,0.0036041043355716784,l_shape_static_noise_medium_2,static_noise,0.15
2,0.5087043083133648,0.28733333333333333,0.0690016485913488,0.09169630405490085,0.0290016485913488,0.3225058004640371,0.5091575091575091,0.39488636363636365,0.05801600963589787,0.0016829287678395304,0.008704308313364773,l_shape_static_noise_medium_3,static_noise,0.15
11,0.5283455521550204,0.11466666666666667,0.06677595015537303,0.06813593662033379,0.11210928348870638,0.6569767441860465,0.2062043795620438,0.3138888888888889,1.0865944573387745,0.10871394078998062,0.028345552155020437,l_shape_strong_noise_hard_mixed,strong_noise,0.15
14,0.5242692111213928,0.12066666666666667,0.0636054521071778,0.07152290420054408,0.10293878544051113,0.6243093922651933,0.21772639691714837,0.32285714285714284,1.2696694891784874,0.1163326181707937,0.024269211121392797,l_shape_strong_noise_medium_2,strong_noise,0.15
15,0.5270282291787025,0.12133333333333333,0.06348690519685637,0.07406112872357717,0.10215357186352306,0.5934065934065934,0.2,0.29916897506925205,1.2989143357925317,0.11491106859433975,0.027028229178702512,l_shape_strong_noise_medium_3,strong_noise,0.15
35,0.32944523558052496,0.1235,0.0583333838758028,0.15199082867524097,0.09483338387580281,0.291497975708502,0.2975206611570248,0.29447852760736193,4.6425675024775535,0.6493238652332134,0.17055476441947504,real_20260626_143302_palletizer_005_part_2_refined_from_voxel005_easy,real_previous_registration,0.15
28,0.3513747228381377,0.19881744271988175,0.02610824346483038,0.1331449763871652,0.0011825572801182627,0.15985130111524162,0.16666666666666666,0.16318785578747627,1.9828529194382858,0.2730519078623562,0.1486252771618623,real_20260626_144015_pallet_rack_05_part1_refined_from_voxel005_easy,real_previous_registration,0.15
3,0.4945186061821624,0.005912786400591279,0.0781914519591548,0.1162515308276901,0.23227866555856352,0.375,0.006756756756756757,0.013274336283185842,0.7010731325811449,0.16384648128950072,0.0054813938178375765,real_20260626_161831_pallet_rack_cluster021_part1_ransac_icp_voxel005_easy,real_previous_registration,0.15
2,0.4855543237250554,0.007390983000739098,0.01583592821949135,0.13187238440481514,0.19260901699926092,0.0,0.0,0.0,0.38521803399852184,0.07419646685884317,0.014445676274944586,real_20260626_161831_pallet_rack_cluster021_part1_ransac_icp_voxel005_hard,real_previous_registration,0.15
4,0.5677962422655579,0.0007412898443291327,0.1536697835932747,0.1301613045267345,0.3129284937489456,0.0,0.0,0.0,1.2824296818295922,0.4117202898141302,0.06779624226555792,real_20260626_161911_pallet_rack_cluster021_part1_refined_from_voxel005_easy,real_previous_registration,0.15
2,0.5189450027763406,0.0,0.15315000925446864,0.1708294156247957,0.3131500092544687,0.0,0.0,0.0,0.6263000185089374,0.19612585659214762,0.01894500277634059,real_20260626_161911_pallet_rack_cluster021_part1_refined_from_voxel005_medium,real_previous_registration,0.15
2,0.5086939361235989,0.0,0.11897978707866294,0.18963641773073536,0.27897978707866294,0.0,0.0,0.0,0.5579595741573259,0.15565944319691222,0.008693936123598922,real_20260626_163327_pallet_rack_cluster022_part1_ransac_icp_voxel005_easy,real_previous_registration,0.15
2,0.5631827464971483,0.0,0.30060915499049434,0.32615352305957535,0.4606091549904944,0.0,0.0,0.0,0.9212183099809887,0.42432158732211456,0.06318274649714828,real_20260626_163327_pallet_rack_cluster022_part1_ransac_icp_voxel005_hard,real_previous_registration,0.15
2,0.4850576036866359,0.0007680491551459293,0.0074875723509491,0.0851633327960113,0.1992319508448541,1.0,0.004132231404958678,0.008230452674897118,0.3984639016897082,0.07938674047489272,0.014942396313364081,real_20260626_163327_pallet_rack_cluster022_part1_ransac_icp_voxel005_medium,real_previous_registration,0.15
2,0.5004627583044798,0.0,0.09154252768159964,0.15262279010991983,0.2515425276815996,0.0,0.0,0.0,0.5030850553631993,0.12654728646489663,0.0004627583044798378,real_20260703_131528_rm00_0260_02_cluster022_part1_ransac_icp_voxel005_easy,real_previous_registration,0.15
2,0.5071909529145995,0.0,0.11396984304866493,0.19849881410323333,0.27396984304866495,0.0,0.0,0.0,0.5479396860973299,0.15011894980022022,0.00719095291459948,real_20260703_131528_rm00_0260_02_cluster022_part1_ransac_icp_voxel005_hard,real_previous_registration,0.15
2,0.4948375884037341,0.0,0.07279196134578034,0.1478134199839435,0.23279196134578034,0.0,0.0,0.0,0.4655839226915607,0.10838419453443057,0.005162411596265903,real_20260703_131528_rm00_0260_02_cluster022_part1_ransac_icp_voxel005_medium,real_previous_registration,0.15
3,0.4812005803009985,0.006802721088435374,0.0567967818186659,0.06167228717423148,0.20999406073023053,1.0,0.010033444816053512,0.019867549668874173,0.6331569927993184,0.13363597879182582,0.018799419699001507,real_20260703_135250_rm00_0260_02_cluster029_full_refined_from_voxel005_easy,real_previous_registration,0.15
5,0.4719500988039209,0.011337868480725623,0.07861160696328191,0.09502132141270589,0.2272737384825563,0.6,0.021052631578947368,0.04067796610169492,1.0955087617065102,0.2407750007560983,0.028049901196079086,real_20260703_135250_rm00_0260_02_cluster029_full_refined_from_voxel005_medium,real_previous_registration,0.15
2,0.49988482844402454,0.0,0.08961609481341516,0.1288646217265496,0.24961609481341518,0.0,0.0,0.0,0.49923218962683036,0.12461638957979976,0.00011517155597545736,real_20260706_130424_table_cluster004_table1_refined_from_identity_scale1_hard,real_previous_registration,0.15
2,0.5162896543003919,0.0,0.14429884766797277,0.2103770941401623,0.30429884766797277,0.0,0.0,0.0,0.6085976953359455,0.1851955773841122,0.016289654300391865,real_20260706_130424_table_cluster004_table1_refined_from_identity_scale1_medium,real_previous_registration,0.15
12,0.6825764767170929,0.002857142857142857,0.14553655185659856,0.10147559790947473,0.30267940899945567,0.3333333333333333,0.002257336343115124,0.004484304932735425,3.3315057599611935,0.932418436971431,0.18257647671709287,real_20260706_145031_table2_cluster004_table2_refined_from_identity_easy,real_previous_registration,0.15
9,0.5369771361447916,0.029523809523809525,0.09752175275963682,0.12490595618378884,0.22799794323582728,0.16129032258064516,0.029069767441860465,0.04926108374384237,1.9774455399089421,0.4349978381469754,0.03697713614479159,real_20260706_145031_table2_cluster004_table2_refined_from_identity_hard,real_previous_registration,0.15
7,0.658699134055677,0.0009523809523809524,0.1528297705662519,0.0490975174580626,0.31187738961387096,1.0,0.0036363636363636364,0.007246376811594203,2.3087316459899374,0.7624007806535767,0.15869913405567704,real_20260706_145031_table2_cluster004_table2_refined_from_identity_medium,real_previous_registration,0.15
2,0.4994947671731162,0.04104104104104104,0.07805563031679374,0.32248457563849,0.19701458927575272,0.0,0.0,0.0,0.39402917855150543,0.07762949677498708,0.0005052328268838058,real_20260706_150131_table3_cluster004_table3_refined_from_identity_easy,real_previous_registration,0.15
4,0.6471070618933795,0.0,0.2357627728787333,0.20488803457485313,0.3957627728787333,0.0,0.0,0.0,1.6323696458566652,0.6667657984584842,0.14710706189337952,real_20260706_150131_table3_cluster004_table3_refined_from_identity_medium,real_previous_registration,0.15
4,0.46772880758704627,0.0038230475150191155,0.05589837050390243,0.19249526256665087,0.21207532298888332,0.0,0.0,0.0,0.8435816887123161,0.17791389949213657,0.03227119241295373,real_20260706_153654_table_fanuc_cluster000_table1_refined_from_identity_easy,real_previous_registration,0.15
33,0.36023838086016713,0.14043455219925807,0.05331164187508136,0.13493017404881594,0.07287708967582329,0.18490566037735848,0.16333333333333333,0.17345132743362832,4.608859821848824,0.7268321548676608,0.13976161913983287,real_20260706_153654_table_fanuc_cluster000_table1_refined_from_identity_hard,real_previous_registration,0.15
6,0.462016583275634,0.019138755980861243,0.06481638975044152,0.14156709274976817,0.2056776337695803,0.2222222222222222,0.026058631921824105,0.04664723032069971,1.2300497640929324,0.25217961258188704,0.037983416724366004,real_20260706_153654_table_fanuc_cluster000_table1_refined_from_identity_medium,real_previous_registration,0.15
2,0.5009440753843025,0.0552423900789177,0.0793363204279456,0.10826400571770296,0.1840939303490279,0.5306122448979592,0.2857142857142857,0.37142857142857144,0.3681878606980558,0.06778115038270548,0.0009440753843025229,real_20260707_154904_ur10_choko_base_cluster016_base_refined_from_center_v2_medium,real_previous_registration,0.15
36,0.7070563282727516,0.06365030674846625,0.08285020077471404,0.06913498959547297,0.1791998940262478,0.6144578313253012,0.20481927710843373,0.3072289156626506,3.572225078248304,0.4577462948066596,0.20705632827275156,wall_column_added_outliers_hard_mixed,added_outliers,0.15
2,0.5,0.4175217048145225,0.032277223847897656,0.04763975323660903,0.0,0.8695652173913043,0.5010893246187363,0.635798203178991,0.0,0.0,0.0,wall_column_added_outliers_medium_2,added_outliers,0.15
2,0.5002596678061477,0.35978004713275724,0.04086555935382588,0.05776274947153673,0.0008655593538258802,0.7248908296943232,0.5147286821705427,0.6019945602901179,0.0017311187076517603,1.4983859899909504e-06,0.0002596678061477231,wall_column_added_outliers_medium_3,added_outliers,0.15
2,0.5,0.32866666666666666,0.03556046173064999,0.06173514579670594,0.0,0.6835699797160243,0.4469496021220159,0.5404971932638332,0.0,0.0,0.0,wall_column_partial_overlap_hard_mixed,partial_overlap,0.15
2,0.5035378801382887,0.30333333333333334,0.05180737987409791,0.07859476741519925,0.011807379874097912,0.5252747252747253,0.45179584120982985,0.48577235772357724,0.023600313668393595,0.0002784875069678936,0.003537880138288707,wall_column_partial_overlap_medium_2,partial_overlap,0.15
2,0.5,0.4633333333333333,0.03965708674582989,0.04349682766983897,0.0,0.8503597122302158,0.5300448430493273,0.6530386740331491,0.0,0.0,0.0,wall_column_partial_overlap_medium_3,partial_overlap,0.15
2,0.5,0.3890063424947146,0.03678082091493257,0.05117930785470453,0.0,0.7844202898550725,0.5280487804878049,0.631195335276968,0.0,0.0,0.0,wall_column_scene_change_hard_mixed,scene_change,0.15
2,0.5,0.42217484008528783,0.03657336400373009,0.057470557297802934,0.0,0.7373737373737373,0.5334957369062119,0.6190812720848056,0.0,0.0,0.0,wall_column_scene_change_medium_2,scene_change,0.15
6,0.5403747070062895,0.26335040234089246,0.06708876632195365,0.06591333981020005,0.02708876632195365,0.6722222222222223,0.4820717131474104,0.5614849187935035,0.16167112300958594,0.0043564115443135544,0.040374707006289534,wall_column_scene_change_medium_3,scene_change,0.15
10,0.5595905321968132,0.254,0.06426734879893872,0.06867474267718414,0.024267348798938722,0.5958005249343832,0.47193347193347196,0.5266821345707656,0.22290245612164966,0.0049896821690747694,0.059590532196813206,wall_column_static_noise_hard_mixed,static_noise,0.15
2,0.502360246206228,0.318,0.047806843579693524,0.08850871138196122,0.007806843579693523,0.4276729559748428,0.48226950354609927,0.4533333333333333,0.01567433093378684,0.00012284416394462024,0.0023602462062279894,wall_column_static_noise_medium_2,static_noise,0.15
2,0.5,0.428,0.032147924561225935,0.05928296600916604,0.0,0.7118380062305296,0.5326340326340326,0.6093333333333334,0.0,0.0,0.0,wall_column_static_noise_medium_3,static_noise,0.15
30,0.6384304170496384,0.08533333333333333,0.07569647971061422,0.07045122521740932,0.1503631463772809,0.640625,0.19951338199513383,0.3042671614100186,3.0217978698760755,0.35016041376444845,0.13843041704963843,wall_column_strong_noise_hard_mixed,strong_noise,0.15
2,0.501058440985661,0.30533333333333335,0.043615776097177435,0.06129543346360709,0.003615776097177434,0.7707423580786026,0.36963350785340315,0.49964614295824483,0.007143912716047446,2.5521584786331198e-05,0.001058440985660991,wall_column_strong_noise_medium_2,strong_noise,0.15
2,0.5021607114918565,0.254,0.047120079251469986,0.07924207703594208,0.007120079251469985,0.5774278215223098,0.37800687285223367,0.45690550363447563,0.014322450890991642,0.00010256968578099926,0.002160711491856482,wall_column_strong_noise_medium_3,strong_noise,0.15
18,0.5788953809428915,0.09368029739776952,0.073034480637248,0.09367845213057419,0.13935418323947849,0.3888888888888889,0.21777777777777776,0.2792022792022792,2.03361865790154,0.2381580861458801,0.0788953809428915,box_sphere_added_outliers_hard_mixed,added_outliers,0.2
18,0.5552502798777704,0.16923076923076924,0.05015976073585227,0.07117229478193511,0.04092899150508304,0.6409090909090909,0.2545126353790614,0.3643410852713178,0.39155469119950936,0.010749056860987413,0.055250279877770425,box_sphere_added_outliers_medium_2,added_outliers,0.2
39,0.7993893989464786,0.004580152671755725,0.10845947865612492,0.08771057888172194,0.2638793259843692,0.3333333333333333,0.0136986301369863,0.02631578947368421,7.647849006556673,1.5901877220893152,0.29938939894647865,box_sphere_added_outliers_medium_3,added_outliers,0.2
50,0.8620470717696312,0.0013333333333333333,0.10285814475941604,0.014484815567461699,0.26152481142608275,1.0,0.0030959752321981426,0.00617283950617284,9.371642490850164,2.002035112572304,0.4932882680340057,box_sphere_partial_overlap_hard_mixed,partial_overlap,0.2
28,0.5988309812413166,0.08266666666666667,0.07125410806288217,0.06177119461363163,0.14858744139621552,0.7741935483870968,0.15070643642072212,0.25229960578186594,3.283998227832841,0.4116828374870826,0.09883098124131662,box_sphere_partial_overlap_medium_2,partial_overlap,0.2
30,0.7852846627632881,0.01,0.11252614601238903,0.06424995315272974,0.262526146012389,0.4666666666666667,0.025925925925925925,0.04912280701754386,6.5640711362539435,1.4742356868756843,0.2852846627632881,box_sphere_partial_overlap_medium_3,partial_overlap,0.2
4,0.5089667408939527,0.22133333333333333,0.04772549270988448,0.05816452506718181,0.007725492709884478,0.7801204819277109,0.3008130081300813,0.43419949706621963,0.030142344944765954,0.0002272954775520384,0.008966740893952663,box_sphere_scene_change_hard_mixed,scene_change,0.2
16,0.5610071286257432,0.094,0.07072462056120535,0.09463881004439065,0.13672462056120535,0.3333333333333333,0.22488038277511962,0.26857142857142857,1.8717424421255635,0.22391184125160235,0.0610071286257432,box_sphere_scene_change_medium_2,scene_change,0.2
2,0.5019146547289165,0.22866666666666666,0.04477587474306209,0.0645837344927046,0.00477587474306209,0.7667638483965015,0.31198102016607354,0.4435075885328836,0.009562511565353274,4.572087162993223e-05,0.0019146547289164983,box_sphere_scene_change_medium_3,scene_change,0.2
48,0.8479243935585583,0.0,0.06238161355014618,0.11584505187314025,0.22238161355014618,0.0,0.0,0.0,9.900525930779876,2.1846095283307925,0.4142085210382076,box_sphere_static_noise_hard_mixed,static_noise,0.2
2,0.501803657959861,0.2853333333333333,0.04449520361290773,0.06763539433787491,0.004495203612907728,0.6214953271028038,0.39233038348082594,0.48101265822784806,0.009004348512560191,4.053924324756051e-05,0.001803657959861038,box_sphere_static_noise_medium_2,static_noise,0.2
2,0.5113382698613824,0.21266666666666667,0.06829709299500974,0.08555308523411319,0.028297092995009744,0.4106583072100313,0.3234567901234568,0.361878453038674,0.056642767648465875,0.0016042027435278147,0.011338269861382422,box_sphere_static_noise_medium_3,static_noise,0.2
3,0.4981457663621774,0.08133333333333333,0.06768856018888483,0.08461997356760335,0.14635522685555152,0.4098360655737705,0.13736263736263737,0.20576131687242802,0.43921964276099507,0.06430464733193689,0.001854233637822611,box_sphere_strong_noise_hard_mixed,strong_noise,0.2
15,0.4427271156323938,0.19333333333333333,0.040215174717012345,0.06840717219307968,0.006881841383679026,0.6758620689655173,0.22843822843822845,0.34146341463414637,0.773699630464664,0.05881230088264082,0.05727288436760619,box_sphere_strong_noise_medium_2,strong_noise,0.2
16,0.4393182936385049,0.18533333333333332,0.04299892323050307,0.08612591923112539,0.017665589897169758,0.42805755395683454,0.21518987341772153,0.2864019253910951,0.8242946573267657,0.06072666004442007,0.060681706361495114,box_sphere_strong_noise_medium_3,strong_noise,0.2
2,0.507649775747172,0.3192632386799693,0.05914898831229127,0.07018626932923613,0.019148988312291268,0.6706730769230769,0.6038961038961039,0.6355353075170842,0.03827342768022117,0.0007324279345218947,0.007649775747171961,boxes_cylinder_added_outliers_hard_mixed,added_outliers,0.2
2,0.5,0.4792156862745098,0.03088904821779578,0.0455143080455005,0.0,0.8657937806873978,0.575,0.6910516002612672,0.0,0.0,0.0,boxes_cylinder_added_outliers_medium_2,added_outliers,0.2
3,0.5013789529570509,0.3643410852713178,0.04163189415223581,0.06483814518207263,0.001631894152235809,0.6617021276595745,0.5334476843910806,0.5906932573599241,0.005079276544862975,8.622323147110883e-06,0.0013789529570509274,boxes_cylinder_added_outliers_medium_3,added_outliers,0.2
29,0.7361396888343064,0.016,0.1094392001583137,0.07490493857879454,0.25343920015831367,0.6666666666666666,0.10596026490066225,0.18285714285714286,5.264621755577412,1.0373150386294572,0.23613968883430636,boxes_cylinder_partial_overlap_hard_mixed,partial_overlap,0.2
6,0.5533885005916387,0.24266666666666667,0.06790195480408887,0.07264111587235726,0.027901954804088865,0.5659340659340659,0.5036674816625917,0.5329883570504528,0.1613732062831858,0.004344418788470715,0.05338850059163869,boxes_cylinder_partial_overlap_medium_2,partial_overlap,0.2
2,0.5,0.44666666666666666,0.03606104671052348,0.05336290580842016,0.0,0.8567164179104477,0.5786290322580645,0.690734055354994,0.0,0.0,0.0,boxes_cylinder_partial_overlap_medium_3,partial_overlap,0.2
2,0.5021568481199469,0.2894555478980014,0.045349637984863765,0.06602595169700178,0.005349637984863764,0.7142857142857143,0.4792332268370607,0.5736137667304017,0.010741758284731083,5.769358789733846e-05,0.0021568481199468748,boxes_cylinder_scene_change_hard_mixed,scene_change,0.2
2,0.50544014906156,0.2917251051893408,0.05359251872608168,0.06502180403587826,0.013592518726081679,0.6418269230769231,0.5018796992481203,0.5632911392405063,0.027192891379981758,0.0003697267016438342,0.005440149061559985,boxes_cylinder_scene_change_medium_2,scene_change,0.2
2,0.5,0.46787709497206703,0.024113540462280005,0.04116364609149197,0.0,0.9164179104477612,0.5551537070524413,0.6914414414414415,0.0,0.0,0.0,boxes_cylinder_scene_change_medium_3,scene_change,0.2
2,0.5027871923659478,0.4086666666666667,0.0469583742374809,0.06919044066410472,0.006958374237480899,0.6133768352365416,0.5766871165644172,0.5944664031620553,0.013926355152350432,9.697173005882395e-05,0.0027871923659478215,boxes_cylinder_static_noise_hard_mixed,static_noise,0.2
2,0.5037529215143887,0.386,0.0493201442480309,0.07596581714995447,0.009320144248030897,0.5595854922279793,0.6033519553072626,0.5806451612903226,0.018702448034002568,0.00017489271313636176,0.003752921514388663,boxes_cylinder_static_noise_medium_2,static_noise,0.2
4,0.5113222962584224,0.388,0.04917473907990638,0.07536669394422253,0.009174739079906381,0.5670103092783505,0.6122448979591837,0.5887600356824264,0.03748047972596219,0.0003513390377980442,0.011322296258422404,boxes_cylinder_static_noise_medium_3,static_noise,0.2
26,0.6080473719191105,0.06466666666666666,0.07999449620626319,0.09860415872264297,0.17532782953959655,0.27835051546391754,0.13636363636363635,0.18305084745762712,3.922946259337372,0.6044149297359096,0.10804737191911051,boxes_cylinder_strong_noise_hard_mixed,strong_noise,0.2
12,0.512069982891108,0.158,0.05196867667777173,0.08211020057148402,0.05396867667777174,0.459915611814346,0.25,0.32392273402674593,0.5708103005722086,0.02747654074831278,0.012069982891108055,boxes_cylinder_strong_noise_medium_2,strong_noise,0.2
16,0.5607505388418069,0.07066666666666667,0.07707592091612547,0.08905923535384601,0.16640925424945882,0.4528301886792453,0.21333333333333335,0.29003021148036257,2.3407856013539763,0.34979771926212533,0.06075053884180692,boxes_cylinder_strong_noise_medium_3,strong_noise,0.2
25,0.691480136947702,0.0443579766536965,0.08861482942378829,0.09571872390047469,0.20425685277009178,0.2807017543859649,0.11764705882352941,0.16580310880829013,3.6878210083689194,0.606662001180995,0.19148013694770205,l_shape_added_outliers_hard_mixed,added_outliers,0.2
2,0.5012412219175593,0.3557993730407524,0.04308124568584492,0.058245027585210725,0.003081245685844919,0.7202643171806168,0.5046296296296297,0.5934664246823956,0.00618430047974311,1.912302403047247e-05,0.0012412219175592654,l_shape_added_outliers_medium_2,added_outliers,0.2
32,0.7020850918592079,0.060512024825446084,0.08177317921400297,0.06827807860865637,0.1812611543885569,0.6538461538461539,0.15548780487804878,0.25123152709359603,3.8949688413678407,0.5555601944201685,0.20208509185920787,l_shape_added_outliers_medium_3,added_outliers,0.2
2,0.5130176820419309,0.23733333333333334,0.07248512691235066,0.09162628961469581,0.03248512691235066,0.32865168539325845,0.42857142857142855,0.37201907790143085,0.06502933201717787,0.0021144087564165903,0.013017682041930878,l_shape_partial_overlap_hard_mixed,partial_overlap,0.2
2,0.511676487911395,0.2673333333333333,0.06924875747107306,0.08748153260632831,0.029248757471073063,0.39650872817955113,0.43561643835616437,0.4151436031331593,0.0584399772495605,0.0017076171257576086,0.011676487911394973,l_shape_partial_overlap_medium_2,partial_overlap,0.2
4,0.5167402395704238,0.38333333333333336,0.05448376961510571,0.05705775634227366,0.01448376961510571,0.7443478260869565,0.5125748502994012,0.6070921985815603,0.05633436854116523,0.0007940797344272413,0.01674023957042381,l_shape_partial_overlap_medium_3,partial_overlap,0.2
2,0.506615809665603,0.23,0.056461318716381714,0.08388063852826669,0.016461318716381713,0.5072463768115942,0.45103092783505155,0.4774897680763984,0.03300084288038934,0.0005445308734540911,0.006615809665603045,l_shape_scene_change_hard_mixed,scene_change,0.2
2,0.5,0.4495476687543493,0.02136028048409517,0.037699597571327126,0.0,0.9860681114551083,0.4953343701399689,0.6594202898550724,0.0,0.0,0.0,l_shape_scene_change_medium_2,scene_change,0.2
2,0.5,0.49230769230769234,0.01383705594672286,0.024860792640249478,0.0,0.9972826086956522,0.5620214395099541,0.7189030362389816,0.0,0.0,0.0,l_shape_scene_change_medium_3,scene_change,0.2
2,0.5050064438158876,0.38866666666666666,0.05261532201072733,0.06920611819986984,0.012615322010727327,0.5574614065180102,0.6018518518518519,0.578806767586821,0.025131431550446143,0.00031579934744458175,0.005006443815887551,l_shape_static_noise_hard_mixed,static_noise,0.2
4,0.5142553094495236,0.37333333333333335,0.051636604985171954,0.07066505819810827,0.011636604985171953,0.6678571428571428,0.49081364829396323,0.5658093797276853,0.04727487860898103,0.0005588196273710217,0.014255309449523579,l_shape_static_noise_medium_2,static_noise,0.2
2,0.5116057444178196,0.2833333333333333,0.06895779277454749,0.09183528921293932,0.028957792774547485,0.32235294117647056,0.5018315018315018,0.3925501432664757,0.05797215381909655,0.001680386909197081,0.011605744417819586,l_shape_static_noise_medium_3,static_noise,0.2
16,0.5403551592152139,0.10333333333333333,0.06685045592257019,0.06679574312195122,0.12351712258923686,0.6709677419354839,0.1897810218978102,0.2958748221906116,1.746071687293938,0.19361189470052056,0.04035515921521393,l_shape_strong_noise_hard_mixed,strong_noise,0.2
11,0.5249660128533382,0.12066666666666667,0.0636054521071778,0.07152290420054408,0.10293878544051113,0.6243093922651933,0.21772639691714837,0.32285714285714284,1.0036871509071896,0.09256435609164365,0.024966012853338215,l_shape_strong_noise_medium_2,strong_noise,0.2
12,0.5280647796853255,0.12133333333333333,0.06348690519685637,0.07406112872357717,0.10215357186352306,0.5934065934065934,0.2,0.29916897506925205,1.044815521076837,0.09307341402565908,0.028064779685325503,l_shape_strong_noise_medium_3,strong_noise,0.2
26,0.32929681806860545,0.1235,0.0583333838758028,0.15199082867524097,0.09483338387580281,0.291497975708502,0.2975206611570248,0.29447852760736193,3.4474504290473167,0.4821451276593223,0.17070318193139455,real_20260626_143302_palletizer_005_part_2_refined_from_voxel005_easy,real_previous_registration,0.2
19,0.3516777531411676,0.1973392461197339,0.026149659347959334,0.13308220383678213,0.002660753880266098,0.16104868913857678,0.16666666666666666,0.1638095238095238,1.4858832224685885,0.20697627947857794,0.14832224685883239,real_20260626_144015_pallet_rack_05_part1_refined_from_voxel005_easy,real_previous_registration,0.2
3,0.4926914749095499,0.005912786400591279,0.0781914519591548,0.1162515308276901,0.23227866555856352,0.375,0.006756756756756757,0.013274336283185842,0.7010731325811449,0.16384648128950072,0.007308525090450102,real_20260626_161831_pallet_rack_cluster021_part1_ransac_icp_voxel005_easy,real_previous_registration,0.2
22,0.3245676274944568,0.19807834441980784,0.02950610937338939,0.12145172919676861,0.0019216555801921664,0.26492537313432835,0.19559228650137742,0.22503961965134703,1.7562453806356249,0.2620409492141687,0.17543237250554322,real_20260626_161831_pallet_rack_cluster021_part1_ransac_icp_voxel005_hard,real_previous_registration,0.2
5,0.6020727612415335,0.0,0.1191944288853074,0.21191185106026034,0.27919442888530743,0.0,0.0,0.0,1.5278900458512614,0.46969510585533236,0.10207276124153353,real_20260626_161911_pallet_rack_cluster021_part1_refined_from_voxel005_easy,real_previous_registration,0.2
2,0.5252600037017875,0.0,0.15315000925446864,0.1708294156247957,0.3131500092544687,0.0,0.0,0.0,0.6263000185089374,0.19612585659214762,0.025260003701787492,real_20260626_161911_pallet_rack_cluster021_part1_refined_from_voxel005_medium,real_previous_registration,0.2
2,0.5115919148314652,0.0,0.11897978707866294,0.18963641773073536,0.27897978707866294,0.0,0.0,0.0,0.5579595741573259,0.15565944319691222,0.011591914831465155,real_20260626_163327_pallet_rack_cluster022_part1_ransac_icp_voxel005_easy,real_previous_registration,0.2
2,0.5842436619961977,0.0,0.30060915499049434,0.32615352305957535,0.4606091549904944,0.0,0.0,0.0,0.9212183099809887,0.42432158732211456,0.0842436619961977,real_20260626_163327_pallet_rack_cluster022_part1_ransac_icp_voxel005_hard,real_previous_registration,0.2
2,0.4800768049155146,0.0007680491551459293,0.0074875723509491,0.0851633327960113,0.1992319508448541,1.0,0.004132231404958678,0.008230452674897118,0.3984639016897082,0.07938674047489272,0.019923195084485423,real_20260626_163327_pallet_rack_cluster022_part1_ransac_icp_voxel005_medium,real_previous_registration,0.2
2,0.5006170110726399,0.0,0.09154252768159964,0.15262279010991983,0.2515425276815996,0.0,0.0,0.0,0.5030850553631993,0.12654728646489663,0.0006170110726398947,real_20260703_131528_rm00_0260_02_cluster022_part1_ransac_icp_voxel005_easy,real_previous_registration,0.2
2,0.5095879372194659,0.0,0.11396984304866493,0.19849881410323333,0.27396984304866495,0.0,0.0,0.0,0.5479396860973299,0.15011894980022022,0.009587937219465936,real_20260703_131528_rm00_0260_02_cluster022_part1_ransac_icp_voxel005_hard,real_previous_registration,0.2
2,0.49311678453831215,0.0,0.07279196134578034,0.1478134199839435,0.23279196134578034,0.0,0.0,0.0,0.4655839226915607,0.10838419453443057,0.006883215461687853,real_20260703_131528_rm00_0260_02_cluster022_part1_ransac_icp_voxel005_medium,real_previous_registration,0.2
21,0.3356207870649937,0.19501133786848074,0.026771601089601946,0.0701124879512196,0.0049886621315192725,0.9244186046511628,0.26588628762541805,0.41298701298701296,2.1323059359164533,0.3619542015746933,0.1643792129350063,real_20260703_135250_rm00_0260_02_cluster029_full_refined_from_voxel005_easy,real_previous_registration,0.2
6,0.4627744773426321,0.013605442176870748,0.07932277434432862,0.0913773784849174,0.2257173321674579,0.6666666666666666,0.028070175438596492,0.05387205387205388,1.3217124824401378,0.29183992329427116,0.03722552265736789,real_20260703_135250_rm00_0260_02_cluster029_full_refined_from_voxel005_medium,real_previous_registration,0.2
2,0.49984643792536604,0.0,0.08961609481341516,0.1288646217265496,0.24961609481341518,0.0,0.0,0.0,0.49923218962683036,0.12461638957979976,0.00015356207463396165,real_20260706_130424_table_cluster004_table1_refined_from_identity_scale1_hard,real_previous_registration,0.2
2,0.5217195390671892,0.0,0.14429884766797277,0.2103770941401623,0.30429884766797277,0.0,0.0,0.0,0.6085976953359455,0.1851955773841122,0.021719539067189153,real_20260706_130424_table_cluster004_table1_refined_from_identity_scale1_medium,real_previous_registration,0.2
9,0.678740339325101,0.002857142857142857,0.14553655185659856,0.10147559790947473,0.30267940899945567,0.3333333333333333,0.002257336343115124,0.004484304932735425,2.4888159715979223,0.6946316139334421,0.17874033932510103,real_20260706_145031_table2_cluster004_table2_refined_from_identity_easy,real_previous_registration,0.2
7,0.5371922357009298,0.029523809523809525,0.09752175275963682,0.12490595618378884,0.22799794323582728,0.16129032258064516,0.029069767441860465,0.04926108374384237,1.541216627726247,0.33977445491939284,0.03719223570092978,real_20260706_145031_table2_cluster004_table2_refined_from_identity_hard,real_previous_registration,0.2
6,0.6763989377009101,0.0009523809523809524,0.1528297705662519,0.0490975174580626,0.31187738961387096,1.0,0.0036363636363636364,0.007246376811594203,1.9754937814851936,0.6513533063138949,0.17639893770091009,real_20260706_145031_table2_cluster004_table2_refined_from_identity_medium,real_previous_registration,0.2
2,0.4993263562308216,0.04104104104104104,0.07805563031679374,0.32248457563849,0.19701458927575272,0.0,0.0,0.0,0.39402917855150543,0.07762949677498708,0.0006736437691783892,real_20260706_150131_table3_cluster004_table3_refined_from_identity_easy,real_previous_registration,0.2
4,0.6961427491911728,0.0,0.2357627728787333,0.20488803457485313,0.3957627728787333,0.0,0.0,0.0,1.6323696458566652,0.6667657984584842,0.1961427491911728,real_20260706_150131_table3_cluster004_table3_refined_from_identity_medium,real_previous_registration,0.2
29,0.3153589391699503,0.18732932823593665,0.04268208581345469,0.22545673912425745,0.015352757577518049,0.043731778425655975,0.09615384615384616,0.06012024048096193,2.9607681284406793,0.4952919982454771,0.18464106083004972,real_20260706_153654_table_fanuc_cluster000_table1_refined_from_identity_easy,real_previous_registration,0.2
27,0.3589707131611151,0.14202437731849496,0.05323595112837679,0.13468482672923082,0.07121157380988184,0.1828358208955224,0.16333333333333333,0.17253521126760563,3.6338476836867035,0.5626099507328075,0.14102928683888488,real_20260706_153654_table_fanuc_cluster000_table1_refined_from_identity_hard,real_previous_registration,0.2
6,0.45182282665150436,0.024986709197235512,0.06851095230145184,0.14151310918672225,0.20352424310421635,0.2553191489361702,0.03908794788273615,0.06779661016949151,1.2287485080317546,0.2516445600663676,0.04817717334849564,real_20260706_153654_table_fanuc_cluster000_table1_refined_from_identity_medium,real_previous_registration,0.2
2,0.50125876717907,0.0552423900789177,0.0793363204279456,0.10826400571770296,0.1840939303490279,0.5306122448979592,0.2857142857142857,0.37142857142857144,0.3681878606980558,0.06778115038270548,0.0012587671790700306,real_20260707_154904_ur10_choko_base_cluster016_base_refined_from_center_v2_medium,real_previous_registration,0.2
43,0.7548730350108166,0.029141104294478526,0.09139846171168056,0.0566381823752832,0.22225735741720204,0.7631578947368421,0.11646586345381527,0.20209059233449478,5.856372460281668,0.9815004521001736,0.2548730350108166,wall_column_added_outliers_hard_mixed,added_outliers,0.2
2,0.5,0.4175217048145225,0.032277223847897656,0.04763975323660903,0.0,0.8695652173913043,0.5010893246187363,0.635798203178991,0.0,0.0,0.0,wall_column_added_outliers_medium_2,added_outliers,0.2
2,0.5003462237415304,0.3582089552238806,0.04088247053471717,0.05773623878357967,0.0008824705347171696,0.7258771929824561,0.5131782945736434,0.6012715712988191,0.0017480298885430498,1.5279472396394825e-06,0.0003462237415303715,wall_column_added_outliers_medium_3,added_outliers,0.2
2,0.5,0.32866666666666666,0.03556046173064999,0.06173514579670594,0.0,0.6835699797160243,0.4469496021220159,0.5404971932638332,0.0,0.0,0.0,wall_column_partial_overlap_hard_mixed,partial_overlap,0.2
4,0.5144120646042915,0.28933333333333333,0.052340362831386246,0.07797895262856802,0.012340362831386245,0.532258064516129,0.43667296786389415,0.47975077881619943,0.04837052434211488,0.0005851781764367064,0.014412064604291452,wall_column_partial_overlap_medium_2,partial_overlap,0.2
2,0.5,0.4633333333333333,0.03965708674582989,0.04349682766983897,0.0,0.8503597122302158,0.5300448430493273,0.6530386740331491,0.0,0.0,0.0,wall_column_partial_overlap_medium_3,partial_overlap,0.2
2,0.5,0.3890063424947146,0.03678082091493257,0.05117930785470453,0.0,0.7844202898550725,0.5280487804878049,0.631195335276968,0.0,0.0,0.0,wall_column_scene_change_hard_mixed,scene_change,0.2
2,0.5,0.42217484008528783,0.03657336400373009,0.057470557297802934,0.0,0.7373737373737373,0.5334957369062119,0.6190812720848056,0.0,0.0,0.0,wall_column_scene_change_medium_2,scene_change,0.2
4,0.5323631315853572,0.26993416239941476,0.06707552128048308,0.06685720463717053,0.02707552128048308,0.6612466124661247,0.4860557768924303,0.5602755453501722,0.10798335024387595,0.0029151547571385473,0.0323631315853572,wall_column_scene_change_medium_3,scene_change,0.2
8,0.5618446995416381,0.25133333333333335,0.0643088555775146,0.06833189683950007,0.024308855577514603,0.5994694960212201,0.4698544698544699,0.5268065268065268,0.17892060443160993,0.004019150383783704,0.06184469954163807,wall_column_static_noise_hard_mixed,static_noise,0.2
3,0.5062277229248037,0.314,0.04771143468558217,0.08847843074049445,0.0077114346855821705,0.42462845010615713,0.4728132387706856,0.447427293064877,0.02328074199759151,0.0001806816128409716,0.006227722924803669,wall_column_static_noise_medium_2,static_noise,0.2
2,0.5,0.428,0.032147924561225935,0.05928296600916604,0.0,0.7118380062305296,0.5326340326340326,0.6093333333333334,0.0,0.0,0.0,wall_column_static_noise_medium_3,static_noise,0.2
23,0.6397899278285191,0.08533333333333333,0.07569647971061422,0.07045122521740932,0.1503631463772809,0.640625,0.19951338199513383,0.3042671614100186,2.339837965948579,0.2741559294575461,0.13978992782851907,wall_column_strong_noise_hard_mixed,strong_noise,0.2
2,0.501411254647548,0.30533333333333335,0.043615776097177435,0.06129543346360709,0.003615776097177434,0.7707423580786026,0.36963350785340315,0.49964614295824483,0.007143912716047446,2.5521584786331198e-05,0.0014112546475479881,wall_column_strong_noise_medium_2,strong_noise,0.2
2,0.5028809486558087,0.254,0.047120079251469986,0.07924207703594208,0.007120079251469985,0.5774278215223098,0.37800687285223367,0.45690550363447563,0.014322450890991642,0.00010256968578099926,0.0028809486558086794,wall_column_strong_noise_medium_3,strong_noise,0.2
26,0.6096899138626221,0.07657992565055761,0.07497855635351544,0.0924043577440081,0.15839863070295784,0.42718446601941745,0.19555555555555557,0.2682926829268293,3.3777784584282027,0.45582016365460143,0.10968991386262206,box_sphere_added_outliers_hard_mixed,added_outliers,0.25
4,0.5174205250788347,0.2153846153846154,0.051304596473671985,0.07037765037548174,0.011304596473671984,0.6607142857142857,0.33393501805054154,0.44364508393285373,0.04614564663134133,0.0005326374372281815,0.017420525078834737,box_sphere_added_outliers_medium_2,added_outliers,0.25
35,0.8340504667394145,0.0015267175572519084,0.10316850699809799,0.09458305263196425,0.26164178944084604,0.0,0.0,0.0,7.1148572267364685,1.537162973901053,0.3340504667394145,box_sphere_added_outliers_medium_3,added_outliers,0.25
50,0.8714288246873717,0.0,0.05718970093390641,0.0965338840447397,0.2171897009339064,0.0,0.0,0.0,9.946714016975317,2.2114131114223956,0.6339112172161211,box_sphere_partial_overlap_hard_mixed,partial_overlap,0.25
23,0.5995053743152823,0.08266666666666667,0.07125410806288217,0.06177119461363163,0.14858744139621552,0.7741935483870968,0.15070643642072212,0.25229960578186594,2.7134315233601147,0.3426710942823448,0.09950537431528228,box_sphere_partial_overlap_medium_2,partial_overlap,0.25
24,0.7830178270389587,0.01,0.11252614601238903,0.06424995315272974,0.262526146012389,0.4666666666666667,0.025925925925925925,0.04912280701754386,5.237728466756973,1.1742114523263418,0.2830178270389587,box_sphere_partial_overlap_medium_3,partial_overlap,0.25
3,0.5074335613435467,0.224,0.047690668870944475,0.05817099481756313,0.007690668870944474,0.7797619047619048,0.3042973286875726,0.4377610693400167,0.022557791558037825,0.00016975252946306647,0.0074335613435466685,box_sphere_scene_change_hard_mixed,scene_change,0.25
22,0.5745013981449217,0.08266666666666667,0.07134972962205438,0.09632947298851127,0.14868306295538772,0.3064516129032258,0.18181818181818182,0.22822822822822822,2.8176858592452314,0.3691089696266742,0.07450139814492174,box_sphere_scene_change_medium_2,scene_change,0.25
2,0.5023933184111455,0.228,0.044738605188136826,0.06460512702268376,0.0047386051881368255,0.7660818713450293,0.3107947805456702,0.44219409282700417,0.009525242010428009,4.5366271197551075e-05,0.0023933184111455397,box_sphere_scene_change_medium_3,scene_change,0.25
38,0.849089517819577,0.0,0.06238161355014618,0.11584505187314025,0.22238161355014618,0.0,0.0,0.0,7.8005606491893005,1.7144930685541016,0.4043262907192846,box_sphere_static_noise_hard_mixed,static_noise,0.25
2,0.5022545724498262,0.2853333333333333,0.04449520361290773,0.06763539433787491,0.004495203612907728,0.6214953271028038,0.39233038348082594,0.48101265822784806,0.009004348512560191,4.053924324756051e-05,0.0022545724498261865,box_sphere_static_noise_medium_2,static_noise,0.25
17,0.5886518242338175,0.1,0.06649243125189398,0.08383299710847926,0.126492431251894,0.4266666666666667,0.1580246913580247,0.23063063063063063,1.5712960797195294,0.1645739154942731,0.08865182423381746,box_sphere_static_noise_medium_3,static_noise,0.25
3,0.4976822079527217,0.08133333333333333,0.06768856018888483,0.08461997356760335,0.14635522685555152,0.4098360655737705,0.13736263736263737,0.20576131687242802,0.43921964276099507,0.06430464733193689,0.0023177920472782776,box_sphere_strong_noise_hard_mixed,strong_noise,0.25
15,0.44158823926174956,0.19733333333333333,0.0404129872439093,0.0686302551418441,0.0030796539105759774,0.6722972972972973,0.23193473193473194,0.34488734835355284,0.6245894657674085,0.047148578097854735,0.05841176073825044,box_sphere_strong_noise_medium_2,strong_noise,0.25
13,0.43925538354187993,0.18533333333333332,0.04299892323050307,0.08612591923112539,0.017665589897169758,0.42805755395683454,0.21518987341772153,0.2864019253910951,0.6720096903142629,0.050109255492616016,0.06074461645812007,box_sphere_strong_noise_medium_3,strong_noise,0.25
46,0.868056276608897,0.0,0.07447023214909675,0.12851447536421123,0.23447023214909676,0.0,0.0,0.0,6.347789232028439,1.273943477569922,0.39911581231070337,boxes_cylinder_added_outliers_hard_mixed,added_outliers,0.25
2,0.5,0.4792156862745098,0.03088904821779578,0.0455143080455005,0.0,0.8657937806873978,0.575,0.6910516002612672,0.0,0.0,0.0,boxes_cylinder_added_outliers_medium_2,added_outliers,0.25
3,0.5017473057703757,0.3643410852713178,0.04163189415223581,0.06483814518207263,0.001631894152235809,0.6617021276595745,0.5334476843910806,0.5906932573599241,0.005126505692987317,8.778656430134687e-06,0.00174730577037574,boxes_cylinder_added_outliers_medium_3,added_outliers,0.25
32,0.8744907196397904,0.0,0.06287582517316165,0.13901577972332085,0.22287582517316165,0.0,0.0,0.0,6.571023931119409,1.4716576729624964,0.4016148944666287,boxes_cylinder_partial_overlap_hard_mixed,partial_overlap,0.25
7,0.58148714828136,0.214,0.06835786784125296,0.07129842836801444,0.028357867841252958,0.573208722741433,0.44987775061124696,0.5041095890410959,0.19133216440397313,0.00523584057863161,0.08148714828135994,boxes_cylinder_partial_overlap_medium_2,partial_overlap,0.25
2,0.5,0.44666666666666666,0.03606104671052348,0.05336290580842016,0.0,0.8567164179104477,0.5786290322580645,0.690734055354994,0.0,0.0,0.0,boxes_cylinder_partial_overlap_medium_3,partial_overlap,0.25
2,0.5026960601499336,0.2894555478980014,0.045349637984863765,0.06602595169700178,0.005349637984863764,0.7142857142857143,0.4792332268370607,0.5736137667304017,0.010741758284731083,5.769358789733846e-05,0.002696060149933621,boxes_cylinder_scene_change_hard_mixed,scene_change,0.25
8,0.55113809128842,0.2321178120617111,0.05611162704863554,0.062296784665157236,0.016111627048635536,0.6676737160120846,0.41541353383458646,0.5121668597914253,0.1183878096254754,0.0017588062926065687,0.05113809128841995,boxes_cylinder_scene_change_medium_2,scene_change,0.25
2,0.5,0.46787709497206703,0.024113540462280005,0.04116364609149197,0.0,0.9164179104477612,0.5551537070524413,0.6914414414414415,0.0,0.0,0.0,boxes_cylinder_scene_change_medium_3,scene_change,0.25
2,0.5034839904574347,0.4073333333333333,0.04706497919629456,0.06913583531064232,0.007064979196294556,0.613747954173486,0.5751533742331288,0.5938242280285035,0.014032960111164089,9.846668907406093e-05,0.003483990457434749,boxes_cylinder_static_noise_hard_mixed,static_noise,0.25
2,0.5046911518929859,0.386,0.0493201442480309,0.07596581714995447,0.009320144248030897,0.5595854922279793,0.6033519553072626,0.5806451612903226,0.018702448034002568,0.00017489271313636176,0.0046911518929858564,boxes_cylinder_static_noise_medium_2,static_noise,0.25
7,0.5277910982978069,0.364,0.049108465168379786,0.07458062908381383,0.009108465168379785,0.5732600732600732,0.5807050092764379,0.5769585253456221,0.0646906617639934,0.0005980685143957916,0.027791098297806904,boxes_cylinder_static_noise_medium_3,static_noise,0.25
21,0.6076312686047224,0.06466666666666666,0.07999449620626319,0.09860415872264297,0.17532782953959655,0.27835051546391754,0.13636363636363635,0.18305084745762712,3.163923700082375,0.48731048975355695,0.10763126860472239,boxes_cylinder_strong_noise_hard_mixed,strong_noise,0.25
15,0.5141507708772788,0.15466666666666667,0.051709788447048585,0.08229521309358581,0.05704312178038192,0.45689655172413796,0.24311926605504589,0.31736526946107785,0.7603446635349396,0.03906261031665341,0.014150770877278784,boxes_cylinder_strong_noise_medium_2,strong_noise,0.25
14,0.5637824111343736,0.07,0.07709176182070394,0.0890334525932114,0.16709176182070395,0.45714285714285713,0.21333333333333335,0.29090909090909095,2.0779899174227845,0.31500386524282115,0.06378241113437355,boxes_cylinder_strong_noise_medium_3,strong_noise,0.25
22,0.7000677590565317,0.04124513618677043,0.08882084387393076,0.09484459508476778,0.20757570768716035,0.3018867924528302,0.11764705882352941,0.16931216931216933,3.3509018872788228,0.5680687237639033,0.20006775905653174,l_shape_added_outliers_hard_mixed,added_outliers,0.25
2,0.5015515273969491,0.3557993730407524,0.04308124568584492,0.058245027585210725,0.003081245685844919,0.7202643171806168,0.5046296296296297,0.5934664246823956,0.00618430047974311,1.912302403047247e-05,0.0015515273969490817,l_shape_added_outliers_medium_2,added_outliers,0.25
26,0.7031201371500112,0.060512024825446084,0.08177317921400297,0.06827807860865637,0.1812611543885569,0.6538461538461539,0.15548780487804878,0.25123152709359603,3.1821484418770973,0.4562341493532504,0.2031201371500112,l_shape_added_outliers_medium_3,added_outliers,0.25
33,0.6829307415147038,0.04533333333333334,0.08580991854694464,0.0730079825102729,0.2004765852136113,0.4852941176470588,0.12087912087912088,0.19354838709677422,4.743004734909686,0.757269618983418,0.1829307415147038,l_shape_partial_overlap_hard_mixed,partial_overlap,0.25
50,0.7918800761680975,0.013333333333333334,0.09576747347242584,0.06005224858846976,0.2424341401390925,0.75,0.0410958904109589,0.07792207792207792,8.617027625808621,1.6764641080930245,0.2918800761680975,l_shape_partial_overlap_medium_2,partial_overlap,0.25
8,0.5514472825463517,0.316,0.05581370354619694,0.05474781322395284,0.01581370354619694,0.770042194092827,0.437125748502994,0.5576776165011459,0.11870826863890004,0.0017668029036106187,0.05144728254635167,l_shape_partial_overlap_medium_3,partial_overlap,0.25
2,0.5082697620820038,0.22866666666666666,0.05648495482362439,0.0840272882754922,0.016484954823624387,0.5043731778425656,0.44587628865979384,0.47332421340629277,0.033024478987632014,0.0005453095951087291,0.008269762082003806,l_shape_scene_change_hard_mixed,scene_change,0.25
2,0.5,0.4495476687543493,0.02136028048409517,0.037699597571327126,0.0,0.9860681114551083,0.4953343701399689,0.6594202898550724,0.0,0.0,0.0,l_shape_scene_change_medium_2,scene_change,0.25
2,0.5,0.49230769230769234,0.01383705594672286,0.024860792640249478,0.0,0.9972826086956522,0.5620214395099541,0.7189030362389816,0.0,0.0,0.0,l_shape_scene_change_medium_3,scene_change,0.25
2,0.5062580547698594,0.386,0.05258130425907056,0.06914070591070885,0.012581304259070558,0.5578583765112263,0.5981481481481481,0.5773011617515639,0.025097413798789374,0.0003149422148695473,0.006258054769859411,l_shape_static_noise_hard_mixed,static_noise,0.25
6,0.5296439466491811,0.3373333333333333,0.05193670277012482,0.0702579587586429,0.011936702770124819,0.6758893280632411,0.44881889763779526,0.5394321766561514,0.07122459606848691,0.0008455726540947227,0.02964394664918113,l_shape_static_noise_medium_2,static_noise,0.25
23,0.6676216889111326,0.072,0.07724702863373491,0.0823378843161106,0.16524702863373492,0.49074074074074076,0.19413919413919414,0.2782152230971129,2.468823739789334,0.32507534823874323,0.1676216889111326,l_shape_static_noise_medium_3,static_noise,0.25
13,0.540689217069478,0.10333333333333333,0.06685045592257019,0.06679574312195122,0.12351712258923686,0.6709677419354839,0.1897810218978102,0.2958748221906116,1.4190622233948602,0.15741662857927605,0.040689217069478034,l_shape_strong_noise_hard_mixed,strong_noise,0.25
14,0.5305846502018146,0.112,0.06261248856485427,0.07194907613027511,0.11061248856485428,0.6130952380952381,0.19845857418111754,0.29985443959243085,1.36344845563515,0.13458727286138303,0.030584650201814556,l_shape_strong_noise_medium_2,strong_noise,0.25
21,0.5418605168695533,0.10733333333333334,0.06482909767192215,0.07346886742538383,0.11749576433858883,0.5962732919254659,0.17777777777777778,0.2738944365192582,2.1112167980776952,0.21746893990611676,0.04186051686955328,l_shape_strong_noise_medium_3,strong_noise,0.25
21,0.32928706135252955,0.1235,0.0583333838758028,0.15199082867524097,0.09483338387580281,0.291497975708502,0.2975206611570248,0.29447852760736193,2.787157506580862,0.3906731845244013,0.17071293864747045,real_20260626_143302_palletizer_005_part_2_refined_from_voxel005_easy,real_previous_registration,0.25
18,0.35120103473762,0.20029563932002956,0.026623736059702564,0.13277653715689694,0.0,0.16236162361623616,0.17054263565891473,0.166351606805293,1.1903917220990394,0.16666801048175775,0.14879896526238,real_20260626_144015_pallet_rack_05_part1_refined_from_voxel005_easy,real_previous_registration,0.25
3,0.4908643436369374,0.005912786400591279,0.0781914519591548,0.1162515308276901,0.23227866555856352,0.375,0.006756756756756757,0.013274336283185842,0.7010731325811449,0.16384648128950072,0.009135656363062628,real_20260626_161831_pallet_rack_cluster021_part1_ransac_icp_voxel005_easy,real_previous_registration,0.25
19,0.32420546932742056,0.19881744271988175,0.029426944524672385,0.12152490408005033,0.0011825572801182627,0.26394052044609667,0.19559228650137742,0.22468354430379747,1.407538802660754,0.2117215855488529,0.17579453067257944,real_20260626_161831_pallet_rack_cluster021_part1_ransac_icp_voxel005_hard,real_previous_registration,0.25
3,0.5665212765535728,0.0007412898443291327,0.1536697835932747,0.1301613045267345,0.3129284937489456,0.0,0.0,0.0,0.9413379853290339,0.2953767443925013,0.06652127655357276,real_20260626_161911_pallet_rack_cluster021_part1_refined_from_voxel005_easy,real_previous_registration,0.25
2,0.5315750046272343,0.0,0.15315000925446864,0.1708294156247957,0.3131500092544687,0.0,0.0,0.0,0.6263000185089374,0.19612585659214762,0.03157500462723428,real_20260626_161911_pallet_rack_cluster021_part1_refined_from_voxel005_medium,real_previous_registration,0.25
2,0.5144898935393315,0.0,0.11897978707866294,0.18963641773073536,0.27897978707866294,0.0,0.0,0.0,0.5579595741573259,0.15565944319691222,0.0144898935393315,real_20260626_163327_pallet_rack_cluster022_part1_ransac_icp_voxel005_easy,real_previous_registration,0.25
2,0.6053045774952472,0.0,0.30060915499049434,0.32615352305957535,0.4606091549904944,0.0,0.0,0.0,0.9212183099809887,0.42432158732211456,0.10530457749524724,real_20260626_163327_pallet_rack_cluster022_part1_ransac_icp_voxel005_hard,real_previous_registration,0.25
2,0.47509600614439323,0.0007680491551459293,0.0074875723509491,0.0851633327960113,0.1992319508448541,1.0,0.004132231404958678,0.008230452674897118,0.3984639016897082,0.07938674047489272,0.024903993855606765,real_20260626_163327_pallet_rack_cluster022_part1_ransac_icp_voxel005_medium,real_previous_registration,0.25
2,0.5007712638407998,0.0,0.09154252768159964,0.15262279010991983,0.2515425276815996,0.0,0.0,0.0,0.5030850553631993,0.12654728646489663,0.0007712638407998407,real_20260703_131528_rm00_0260_02_cluster022_part1_ransac_icp_voxel005_easy,real_previous_registration,0.25
2,0.5119849215243325,0.0,0.11396984304866493,0.19849881410323333,0.27396984304866495,0.0,0.0,0.0,0.5479396860973299,0.15011894980022022,0.011984921524332504,real_20260703_131528_rm00_0260_02_cluster022_part1_ransac_icp_voxel005_hard,real_previous_registration,0.25
2,0.49139598067289014,0.0,0.07279196134578034,0.1478134199839435,0.23279196134578034,0.0,0.0,0.0,0.4655839226915607,0.10838419453443057,0.008604019327109858,real_20260703_131528_rm00_0260_02_cluster022_part1_ransac_icp_voxel005_medium,real_previous_registration,0.25
17,0.3352862326781042,0.19501133786848074,0.026771601089601946,0.0701124879512196,0.0049886621315192725,0.9244186046511628,0.26588628762541805,0.41298701298701296,1.6928513769208346,0.2885210730989907,0.1647137673218958,real_20260703_135250_rm00_0260_02_cluster029_full_refined_from_voxel005_easy,real_previous_registration,0.25
3,0.47114820710975885,0.011337868480725623,0.07861160696328191,0.09502132141270589,0.2272737384825563,0.6,0.021052631578947368,0.04067796610169492,0.6511461164208949,0.14195772944353946,0.028851792890241146,real_20260703_135250_rm00_0260_02_cluster029_full_refined_from_voxel005_medium,real_previous_registration,0.25
2,0.4998080474067076,0.0,0.08961609481341516,0.1288646217265496,0.24961609481341518,0.0,0.0,0.0,0.49923218962683036,0.12461638957979976,0.00019195259329241043,real_20260706_130424_table_cluster004_table1_refined_from_identity_scale1_hard,real_previous_registration,0.25
2,0.5271494238339863,0.0,0.14429884766797277,0.2103770941401623,0.30429884766797277,0.0,0.0,0.0,0.6085976953359455,0.1851955773841122,0.02714942383398633,real_20260706_130424_table_cluster004_table1_refined_from_identity_scale1_medium,real_previous_registration,0.25
9,0.7183377800335525,0.0009523809523809524,0.1342672535544371,0.0562216443368184,0.29331487260205613,1.0,0.002257336343115124,0.0045045045045045045,2.5073713850501136,0.7044591524545973,0.21833778003355253,real_20260706_145031_table2_cluster004_table2_refined_from_identity_easy,real_previous_registration,0.25
6,0.5383506131431014,0.029523809523809525,0.09752175275963682,0.12490595618378884,0.22799794323582728,0.16129032258064516,0.029069767441860465,0.04926108374384237,1.3177944076172683,0.28982539533231416,0.0383506131431014,real_20260706_145031_table2_cluster004_table2_refined_from_identity_hard,real_previous_registration,0.25
5,0.6742461904861383,0.0009523809523809524,0.1528297705662519,0.0490975174580626,0.31187738961387096,1.0,0.0036363636363636364,0.007246376811594203,1.6365602467766238,0.5364773653638496,0.17424619048613832,real_20260706_145031_table2_cluster004_table2_refined_from_identity_medium,real_previous_registration,0.25
2,0.49915794528852697,0.04104104104104104,0.07805563031679374,0.32248457563849,0.19701458927575272,0.0,0.0,0.0,0.39402917855150543,0.07762949677498708,0.0008420547114730281,real_20260706_150131_table3_cluster004_table3_refined_from_identity_easy,real_previous_registration,0.25
3,0.6594240580662127,0.0,0.2357627728787333,0.20488803457485313,0.3957627728787333,0.0,0.0,0.0,1.2121108890111587,0.4901483757531537,0.15942405806621274,real_20260706_150131_table3_cluster004_table3_refined_from_identity_medium,real_previous_registration,0.25
3,0.46462792754617877,0.004369197160021846,0.05646115927059237,0.20167794519666415,0.21209196211057052,0.0,0.0,0.0,0.6345209466403939,0.13420760593643125,0.035372072453821235,real_20260706_153654_table_fanuc_cluster000_table1_refined_from_identity_easy,real_previous_registration,0.25
22,0.3586214776539169,0.14202437731849496,0.05323595112837679,0.13468482672923082,0.07121157380988184,0.1828358208955224,0.16333333333333333,0.17253521126760563,2.9590957585824746,0.4591710772865224,0.1413785223460831,real_20260706_153654_table_fanuc_cluster000_table1_refined_from_identity_hard,real_previous_registration,0.25
5,0.4504146623618749,0.024986709197235512,0.06851095230145184,0.14151310918672225,0.20352424310421635,0.2553191489361702,0.03908794788273615,0.06779661016949151,1.0212860505499224,0.20860837087078457,0.049585337638125115,real_20260706_153654_table_fanuc_cluster000_table1_refined_from_identity_medium,real_previous_registration,0.25
2,0.5015734589738375,0.0552423900789177,0.0793363204279456,0.10826400571770296,0.1840939303490279,0.5306122448979592,0.2857142857142857,0.37142857142857144,0.3681878606980558,0.06778115038270548,0.0015734589738375382,real_20260707_154904_ur10_choko_base_cluster016_base_refined_from_center_v2_medium,real_previous_registration,0.25
24,0.7150315211272396,0.057515337423312884,0.0822517738166255,0.06808171814554595,0.18473643639331264,0.6266666666666667,0.18875502008032127,0.2901234567901234,2.552491196439203,0.3503732393351998,0.21503152112723956,wall_column_added_outliers_hard_mixed,added_outliers,0.25
2,0.5,0.4175217048145225,0.032277223847897656,0.04763975323660903,0.0,0.8695652173913043,0.5010893246187363,0.635798203178991,0.0,0.0,0.0,wall_column_added_outliers_medium_2,added_outliers,0.25
2,0.5004327796769129,0.35742340926944227,0.04082680692723066,0.05773630357488089,0.0008268069272306597,0.7252747252747253,0.5116279069767442,0.6,0.0016923662810565399,1.4328026899120806e-06,0.00043277967691290886,wall_column_added_outliers_medium_3,added_outliers,0.25
2,0.5,0.32866666666666666,0.03556046173064999,0.06173514579670594,0.0,0.6835699797160243,0.4469496021220159,0.5404971932638332,0.0,0.0,0.0,wall_column_partial_overlap_hard_mixed,partial_overlap,0.25
9,0.552007222482488,0.23666666666666666,0.05463179718070221,0.07509421018859537,0.014631797180702212,0.5605633802816902,0.3761814744801512,0.45022624434389147,0.11864624214567832,0.0015737876927892165,0.052007222482488014,wall_column_partial_overlap_medium_2,partial_overlap,0.25
2,0.5,0.4633333333333333,0.03965708674582989,0.04349682766983897,0.0,0.8503597122302158,0.5300448430493273,0.6530386740331491,0.0,0.0,0.0,wall_column_partial_overlap_medium_3,partial_overlap,0.25
2,0.5,0.3890063424947146,0.03678082091493257,0.05117930785470453,0.0,0.7844202898550725,0.5280487804878049,0.631195335276968,0.0,0.0,0.0,wall_column_scene_change_hard_mixed,scene_change,0.25
2,0.5,0.42217484008528783,0.03657336400373009,0.057470557297802934,0.0,0.7373737373737373,0.5334957369062119,0.6190812720848056,0.0,0.0,0.0,wall_column_scene_change_medium_2,scene_change,0.25
3,0.5269680620208553,0.2831016825164594,0.06694964440940078,0.06801951665611555,0.02694964440940078,0.648578811369509,0.5,0.5646794150731158,0.08088576845111131,0.0021808583505355684,0.026968062020855332,wall_column_scene_change_medium_3,scene_change,0.25
37,0.721414807633462,0.06533333333333333,0.07801823603363517,0.04941164309914236,0.17268490270030185,0.7551020408163265,0.15384615384615385,0.2556131260794473,3.6671811846338933,0.4819648678629729,0.221414807633462,wall_column_static_noise_hard_mixed,static_noise,0.25
3,0.5077978494890689,0.31333333333333335,0.047716759340931114,0.08858635973264344,0.007716759340931113,0.42340425531914894,0.47044917257683216,0.4456886898096305,0.023312458319068967,0.00018117098689868295,0.00779784948906892,wall_column_static_noise_medium_2,static_noise,0.25
2,0.5,0.428,0.032147924561225935,0.05928296600916604,0.0,0.7118380062305296,0.5326340326340326,0.6093333333333334,0.0,0.0,0.0,wall_column_static_noise_medium_3,static_noise,0.25
41,0.7130357951569904,0.028,0.08366485326171497,0.06735297703565021,0.21566485326171497,0.7142857142857143,0.072992700729927,0.1324503311258278,6.175069776909029,1.0518040170881027,0.21303579515699045,wall_column_strong_noise_hard_mixed,strong_noise,0.25
2,0.501764068309435,0.30466666666666664,0.04360057498693301,0.06130106054709795,0.0036005749869330098,0.7702407002188184,0.36858638743455496,0.4985835694050991,0.007128711605803022,2.5411888237939165e-05,0.0017640683094349852,wall_column_strong_noise_medium_2,strong_noise,0.25
11,0.5343838970967982,0.20333333333333334,0.046198059188336714,0.07944475703367704,0.006198059188336713,0.5639344262295082,0.29553264604810997,0.3878241262683202,0.07496585338193315,0.0005121869024390532,0.03438389709679823,wall_column_strong_noise_medium_3,strong_noise,0.25
22,0.6096033495030523,0.07657992565055761,0.07497855635351544,0.0924043577440081,0.15839863070295784,0.42718446601941745,0.19555555555555557,0.2682926829268293,2.8587288724397686,0.38630795655371336,0.10960334950305228,box_sphere_added_outliers_hard_mixed,added_outliers,0.3
18,0.5612339920503728,0.16384615384615384,0.04992348227880475,0.0710021627360573,0.04607732843265092,0.6431924882629108,0.24729241877256317,0.3572359843546284,0.5260185972345549,0.01895553068658777,0.06123399205037283,box_sphere_added_outliers_medium_2,added_outliers,0.3
30,0.8358807040628512,0.0015267175572519084,0.10316850699809799,0.09458305263196425,0.26164178944084604,0.0,0.0,0.0,6.125832275856032,1.3287583781240726,0.3358807040628512,box_sphere_added_outliers_medium_3,added_outliers,0.3
2,0.522010189740101,0.2,0.07675102789331001,0.06168492464684958,0.03675102789331001,0.6933333333333334,0.3219814241486068,0.43974630021141653,0.07343467746014501,0.002696328196757204,0.02201018974010105,box_sphere_partial_overlap_hard_mixed,partial_overlap,0.3
19,0.5993089907721431,0.08266666666666667,0.07125410806288217,0.06177119461363163,0.14858744139621552,0.7741935483870968,0.15070643642072212,0.25229960578186594,2.234935759349787,0.2821099758542533,0.09930899077214306,box_sphere_partial_overlap_medium_2,partial_overlap,0.3
27,0.8722262681280563,0.0006666666666666666,0.0904255201975308,0.1348799569492928,0.24975885353086413,0.0,0.0,0.0,6.205135967077624,1.4651034985232276,0.37222626812805626,box_sphere_partial_overlap_medium_3,partial_overlap,0.3
3,0.508920273612256,0.22133333333333333,0.04772549270988448,0.05816452506718181,0.007725492709884478,0.7801204819277109,0.3008130081300813,0.43419949706621963,0.02259261539697783,0.00017028937939103032,0.008920273612256002,box_sphere_scene_change_hard_mixed,scene_change,0.3
11,0.5620232004137893,0.094,0.07072462056120535,0.09463881004439065,0.13672462056120535,0.3333333333333333,0.22488038277511962,0.26857142857142857,1.289263287917521,0.15489700942256196,0.06202320041378928,box_sphere_scene_change_medium_2,scene_change,0.3
2,0.5028719820933747,0.228,0.044738605188136826,0.06460512702268376,0.0047386051881368255,0.7660818713450293,0.3107947805456702,0.44219409282700417,0.009525242010428009,4.5366271197551075e-05,0.002871982093374692,box_sphere_scene_change_medium_3,scene_change,0.3
32,0.8505910538964303,0.0,0.06238161355014618,0.11584505187314025,0.22238161355014618,0.0,0.0,0.0,6.570033370044197,1.447117054921053,0.4168751813760794,box_sphere_static_noise_hard_mixed,static_noise,0.3
2,0.5027054869397914,0.2833333333333333,0.044517553914023775,0.06738171971403233,0.004517553914023774,0.6235294117647059,0.39085545722713866,0.48050770625566647,0.009026698813676237,4.074068109217334e-05,0.002705486939791446,box_sphere_static_noise_medium_2,static_noise,0.3
2,0.5170074047920736,0.20266666666666666,0.06838155995711724,0.08536154302434573,0.02838155995711724,0.41118421052631576,0.30864197530864196,0.3526093088857546,0.05672723461057337,0.001608990217159026,0.017007404792073633,box_sphere_static_noise_medium_3,static_noise,0.3
9,0.4895263794945207,0.09,0.0653468269189682,0.08739905820783246,0.1353468269189682,0.37777777777777777,0.1401098901098901,0.20440881763527055,1.2703907927431695,0.17948306458806126,0.010473620505479286,box_sphere_strong_noise_hard_mixed,strong_noise,0.3
12,0.44154893159919995,0.19733333333333333,0.0404129872439093,0.0686302551418441,0.0030796539105759774,0.6722972972972973,0.23193473193473194,0.34488734835355284,0.5248278732425761,0.04001234805424193,0.058451068400800055,box_sphere_strong_noise_medium_2,strong_noise,0.3
12,0.43875546561201817,0.186,0.0429125660981377,0.08629783534711939,0.01691256609813771,0.4265232974910394,0.21518987341772153,0.28605769230769235,0.5723383421181681,0.041735748031615616,0.06124453438798183,box_sphere_strong_noise_medium_3,strong_noise,0.3
10,0.6189751060354404,0.21181887950882577,0.06462977496696647,0.06033865745969798,0.024629774966966465,0.7608695652173914,0.45454545454545453,0.5691056910569106,0.22292161835936705,0.005006520592323916,0.11897510603544037,boxes_cylinder_added_outliers_hard_mixed,added_outliers,0.3
2,0.5,0.4792156862745098,0.03088904821779578,0.0455143080455005,0.0,0.8657937806873978,0.575,0.6910516002612672,0.0,0.0,0.0,boxes_cylinder_added_outliers_medium_2,added_outliers,0.3
2,0.5010895676730126,0.36511627906976746,0.04175401486571569,0.06479946559439893,0.0017540148657156918,0.6624203821656051,0.5351629502572899,0.5920303605313093,0.0035699609874033505,6.374228466024086e-06,0.0010895676730126036,boxes_cylinder_added_outliers_medium_3,added_outliers,0.3
27,0.8672328316803073,0.0,0.06287582517316165,0.13901577972332085,0.22287582517316165,0.0,0.0,0.0,5.534930544640341,1.236187990091237,0.3997818414725134,boxes_cylinder_partial_overlap_hard_mixed,partial_overlap,0.3
6,0.581532506661051,0.21333333333333335,0.06837094467093377,0.07114707271697704,0.02837094467093377,0.575,0.44987775061124696,0.50480109739369,0.1642584557726857,0.004502407225843402,0.08153250666105105,boxes_cylinder_partial_overlap_medium_2,partial_overlap,0.3
2,0.5,0.44666666666666666,0.03606104671052348,0.05336290580842016,0.0,0.8567164179104477,0.5786290322580645,0.690734055354994,0.0,0.0,0.0,boxes_cylinder_partial_overlap_medium_3,partial_overlap,0.3
2,0.5032352721799204,0.2880771881461061,0.04548325370083273,0.06594238878141308,0.0054832537008327326,0.715311004784689,0.4776357827476038,0.5727969348659004,0.010875374000700051,5.914103247593708e-05,0.0032352721799203676,boxes_cylinder_scene_change_hard_mixed,scene_change,0.3
2,0.50816022359234,0.28892005610098176,0.05369309835158217,0.06494905427910472,0.013693098351582167,0.6407766990291263,0.49624060150375937,0.5593220338983051,0.027293471005482246,0.00037247107879105536,0.008160223592340032,boxes_cylinder_scene_change_medium_2,scene_change,0.3
2,0.5,0.46787709497206703,0.024113540462280005,0.04116364609149197,0.0,0.9164179104477612,0.5551537070524413,0.6914414414414415,0.0,0.0,0.0,boxes_cylinder_scene_change_medium_3,scene_change,0.3
7,0.5265956091389,0.37,0.047922619766406056,0.06794258251263348,0.007922619766406055,0.6378378378378379,0.5429447852760736,0.5865782932891468,0.05224863499790608,0.0003909041609538407,0.026595609138900023,boxes_cylinder_static_noise_hard_mixed,static_noise,0.3
2,0.505629382271583,0.38466666666666666,0.04929275609657319,0.07604102003266748,0.009292756096573186,0.5597920277296361,0.6014897579143389,0.5798922800718133,0.018675059882544857,0.00017438294020265648,0.00562938227158305,boxes_cylinder_static_noise_medium_2,static_noise,0.3
4,0.5168555642118664,0.38,0.04918233891327801,0.07516539948687265,0.009182338913278007,0.5684210526315789,0.601113172541744,0.5843101893597836,0.03727494593305549,0.00034748708954060345,0.016855564211866403,boxes_cylinder_static_noise_medium_3,static_noise,0.3
35,0.6801021491867068,0.03866666666666667,0.08603666861023872,0.09901349433500663,0.20737000194357205,0.22413793103448276,0.06565656565656566,0.10156250000000001,6.075873583921418,1.0837888163878866,0.18010214918670675,boxes_cylinder_strong_noise_hard_mixed,strong_noise,0.3
8,0.5118908678452929,0.158,0.05196867667777173,0.08211020057148402,0.05396867667777174,0.459915611814346,0.25,0.32392273402674593,0.3796201230865933,0.018239208061861897,0.011890867845292918,boxes_cylinder_strong_noise_medium_2,strong_noise,0.3
12,0.563795658142675,0.07,0.07709176182070394,0.0890334525932114,0.16709176182070395,0.45714285714285713,0.21333333333333335,0.29090909090909095,1.7717511920584956,0.26735592284506354,0.06379565814267496,boxes_cylinder_strong_noise_medium_3,strong_noise,0.3
26,0.7389644422169108,0.020233463035019456,0.09143881982008882,0.0910169662660125,0.23120535678506937,0.3076923076923077,0.058823529411764705,0.09876543209876543,4.502047520531801,0.8562677342962678,0.23896444221691082,l_shape_added_outliers_hard_mixed,added_outliers,0.3
2,0.5018618328763389,0.3557993730407524,0.04308124568584492,0.058245027585210725,0.003081245685844919,0.7202643171806168,0.5046296296296297,0.5934664246823956,0.00618430047974311,1.912302403047247e-05,0.001861832876338898,l_shape_added_outliers_medium_2,added_outliers,0.3
35,0.7434256557097539,0.03801396431342126,0.08334763711339636,0.06555110004637948,0.20533367279997514,0.7142857142857143,0.10670731707317073,0.1856763925729443,5.25495310674085,0.8910871564594632,0.24342565570975394,l_shape_added_outliers_medium_3,added_outliers,0.3
33,0.7018068078743342,0.034,0.08533376638406588,0.06918438236064188,0.2113337663840659,0.5294117647058824,0.0989010989010989,0.16666666666666669,5.09184511284129,0.8682933934687171,0.20180680787433425,l_shape_partial_overlap_hard_mixed,partial_overlap,0.3
47,0.8144073709889296,0.007333333333333333,0.09161792434709758,0.05708549651896761,0.24428459101376426,0.8181818181818182,0.024657534246575342,0.04787234042553191,8.469130209328648,1.710743768978313,0.31440737098892957,l_shape_partial_overlap_medium_2,partial_overlap,0.3
4,0.5253600718260979,0.372,0.05450451837603382,0.05703939023107492,0.014504518376033816,0.7437275985663082,0.49700598802395207,0.5958363244795406,0.056771304752863565,0.000806531538337646,0.025360071826097896,l_shape_partial_overlap_medium_3,partial_overlap,0.3
2,0.5099237144984046,0.228,0.05648073156999068,0.08388865000203176,0.016480731569990678,0.5058479532163743,0.44587628865979384,0.4739726027397261,0.033020255733998305,0.0005451703726538795,0.009923714498404568,l_shape_scene_change_hard_mixed,scene_change,0.3
2,0.5,0.4495476687543493,0.02136028048409517,0.037699597571327126,0.0,0.9860681114551083,0.4953343701399689,0.6594202898550724,0.0,0.0,0.0,l_shape_scene_change_medium_2,scene_change,0.3
2,0.5,0.49230769230769234,0.01383705594672286,0.024860792640249478,0.0,0.9972826086956522,0.5620214395099541,0.7189030362389816,0.0,0.0,0.0,l_shape_scene_change_medium_3,scene_change,0.3
7,0.5497191843971,0.30266666666666664,0.05486685316965416,0.0662227702197063,0.014866853169654158,0.5925110132158591,0.4981481481481482,0.5412474849094567,0.09773216049815417,0.0013697930360566167,0.04971918439709999,l_shape_static_noise_hard_mixed,static_noise,0.3
6,0.5355757321817226,0.3253333333333333,0.05194770523985356,0.06991063568484453,0.011947705239853557,0.6823770491803278,0.43700787401574803,0.5328,0.07124059220939116,0.0008459651076193231,0.03557573218172261,l_shape_static_noise_medium_2,static_noise,0.3
3,0.5347210587140265,0.238,0.0688350912568043,0.09114785154920141,0.0288350912568043,0.34173669467787116,0.4468864468864469,0.38730158730158726,0.08670352244684854,0.0025058529985728336,0.03472105871402653,l_shape_static_noise_medium_3,static_noise,0.3
11,0.5410880360388627,0.10333333333333333,0.06685045592257019,0.06679574312195122,0.12351712258923686,0.6709677419354839,0.1897810218978102,0.2958748221906116,1.2019971826540081,0.1335787085317015,0.041088036038862685,l_shape_strong_noise_hard_mixed,strong_noise,0.3
15,0.5317560972472563,0.11066666666666666,0.06271625274547574,0.07197495451237555,0.11204958607880908,0.6144578313253012,0.19653179190751446,0.29781021897810217,1.5058097481575694,0.1532756331278129,0.031756097247256254,l_shape_strong_noise_medium_2,strong_noise,0.3
18,0.5423403437658569,0.10733333333333334,0.06482909767192215,0.07346886742538383,0.11749576433858883,0.5962732919254659,0.17777777777777778,0.2738944365192582,1.8197296706150172,0.18852863133232559,0.042340343765856936,l_shape_strong_noise_medium_3,strong_noise,0.3
19,0.32840576619169115,0.124,0.058304518391246535,0.15189036763802932,0.09430451839124654,0.2903225806451613,0.2975206611570248,0.29387755102040813,2.467064128710732,0.3400979236511456,0.17159423380830885,real_20260626_143302_palletizer_005_part_2_refined_from_voxel005_easy,real_previous_registration,0.3
14,0.3512416851441242,0.19955654101995565,0.026374818572146887,0.13311574988336877,0.0004434589800443589,0.15925925925925927,0.16666666666666666,0.16287878787878787,0.9921655580192166,0.14124908158978788,0.14875831485587582,real_20260626_144015_pallet_rack_05_part1_refined_from_voxel005_easy,real_previous_registration,0.3
3,0.4890372123643249,0.005912786400591279,0.0781914519591548,0.1162515308276901,0.23227866555856352,0.375,0.006756756756756757,0.013274336283185842,0.7010731325811449,0.16384648128950072,0.010962787635675098,real_20260626_161831_pallet_rack_cluster021_part1_ransac_icp_voxel005_easy,real_previous_registration,0.3
16,0.3241685144124169,0.19881744271988175,0.029426944524672385,0.12152490408005033,0.0011825572801182627,0.26394052044609667,0.19559228650137742,0.22468354430379747,1.1733924611973394,0.1777852944020269,0.1758314855875831,real_20260626_161831_pallet_rack_cluster021_part1_ransac_icp_voxel005_hard,real_previous_registration,0.3
4,0.5973421891954717,0.0,0.1191944288853074,0.21191185106026034,0.27919442888530743,0.0,0.0,0.0,1.186798349350703,0.35335156043370336,0.09734218919547166,real_20260626_161911_pallet_rack_cluster021_part1_refined_from_voxel005_easy,real_previous_registration,0.3
2,0.5378900055526812,0.0,0.15315000925446864,0.1708294156247957,0.3131500092544687,0.0,0.0,0.0,0.6263000185089374,0.19612585659214762,0.03789000555268118,real_20260626_161911_pallet_rack_cluster021_part1_refined_from_voxel005_medium,real_previous_registration,0.3
2,0.5173878722471977,0.0,0.11897978707866294,0.18963641773073536,0.27897978707866294,0.0,0.0,0.0,0.5579595741573259,0.15565944319691222,0.017387872247197733,real_20260626_163327_pallet_rack_cluster022_part1_ransac_icp_voxel005_easy,real_previous_registration,0.3
2,0.6263654929942966,0.0,0.30060915499049434,0.32615352305957535,0.4606091549904944,0.0,0.0,0.0,0.9212183099809887,0.42432158732211456,0.12636549299429656,real_20260626_163327_pallet_rack_cluster022_part1_ransac_icp_voxel005_hard,real_previous_registration,0.3
2,0.4701152073732719,0.0007680491551459293,0.0074875723509491,0.0851633327960113,0.1992319508448541,1.0,0.004132231404958678,0.008230452674897118,0.3984639016897082,0.07938674047489272,0.029884792626728107,real_20260626_163327_pallet_rack_cluster022_part1_ransac_icp_voxel005_medium,real_previous_registration,0.3
2,0.5009255166089598,0.0,0.09154252768159964,0.15262279010991983,0.2515425276815996,0.0,0.0,0.0,0.5030850553631993,0.12654728646489663,0.0009255166089597866,real_20260703_131528_rm00_0260_02_cluster022_part1_ransac_icp_voxel005_easy,real_previous_registration,0.3
2,0.514381905829199,0.0,0.11396984304866493,0.19849881410323333,0.27396984304866495,0.0,0.0,0.0,0.5479396860973299,0.15011894980022022,0.01438190582919896,real_20260703_131528_rm00_0260_02_cluster022_part1_ransac_icp_voxel005_hard,real_previous_registration,0.3
2,0.4896751768074682,0.0,0.07279196134578034,0.1478134199839435,0.23279196134578034,0.0,0.0,0.0,0.4655839226915607,0.10838419453443057,0.010324823192531807,real_20260703_131528_rm00_0260_02_cluster022_part1_ransac_icp_voxel005_medium,real_previous_registration,0.3
14,0.33530143381408395,0.19501133786848074,0.026771601089601946,0.0701124879512196,0.0049886621315192725,0.9244186046511628,0.26588628762541805,0.41298701298701296,1.4243686028420672,0.24578702326729787,0.16469856618591605,real_20260703_135250_rm00_0260_02_cluster029_full_refined_from_voxel005_easy,real_previous_registration,0.3
8,0.4459544605668734,0.024943310657596373,0.08194823645231841,0.08676854029664469,0.21700492579472205,0.6363636363636364,0.04912280701754386,0.09120521172638435,1.7408746049708037,0.37943403710708434,0.05404553943312662,real_20260703_135250_rm00_0260_02_cluster029_full_refined_from_voxel005_medium,real_previous_registration,0.3
2,0.4997696568880491,0.0,0.08961609481341516,0.1288646217265496,0.24961609481341518,0.0,0.0,0.0,0.49923218962683036,0.12461638957979976,0.00023034311195091473,real_20260706_130424_table_cluster004_table1_refined_from_identity_scale1_hard,real_previous_registration,0.3
2,0.5325793086007836,0.0,0.14429884766797277,0.2103770941401623,0.30429884766797277,0.0,0.0,0.0,0.6085976953359455,0.1851955773841122,0.03257930860078362,real_20260706_130424_table_cluster004_table1_refined_from_identity_scale1_medium,real_previous_registration,0.3
8,0.7264370884011451,0.0009523809523809524,0.1342672535544371,0.0562216443368184,0.29331487260205613,1.0,0.002257336343115124,0.0045045045045045045,2.2254719246992027,0.6246627214912364,0.22643708840114507,real_20260706_145031_table2_cluster004_table2_refined_from_identity_easy,real_previous_registration,0.3
15,0.6257188986803843,0.006666666666666667,0.10042094353284904,0.13196252999318753,0.2537542768661824,0.14285714285714285,0.005813953488372093,0.011173184357541898,3.556142917523966,0.8463567041036237,0.12571889868038433,real_20260706_145031_table2_cluster004_table2_refined_from_identity_hard,real_previous_registration,0.3
5,0.7065035989653202,0.0009523809523809524,0.1528297705662519,0.0490975174580626,0.31187738961387096,1.0,0.0036363636363636364,0.007246376811594203,1.6334310069370237,0.5343820108185328,0.20650359896532022,real_20260706_145031_table2_cluster004_table2_refined_from_identity_medium,real_previous_registration,0.3
2,0.4989895343462324,0.04104104104104104,0.07805563031679374,0.32248457563849,0.19701458927575272,0.0,0.0,0.0,0.39402917855150543,0.07762949677498708,0.0010104656537676115,real_20260706_150131_table3_cluster004_table3_refined_from_identity_easy,real_previous_registration,0.3
3,0.6913088696794552,0.0,0.2357627728787333,0.20488803457485313,0.3957627728787333,0.0,0.0,0.0,1.2121108890111587,0.4901483757531537,0.19130886967945515,real_20260706_150131_table3_cluster004_table3_refined_from_identity_medium,real_previous_registration,0.3
21,0.31490763547911743,0.18951392681594756,0.04256741204110646,0.22513307107704367,0.013053485225158909,0.043227665706051875,0.09615384615384616,0.05964214711729623,2.061201929210471,0.3498172001031741,0.18509236452088257,real_20260706_153654_table_fanuc_cluster000_table1_refined_from_identity_easy,real_previous_registration,0.3
18,0.358578198042469,0.14202437731849496,0.05323595112837679,0.13468482672923082,0.07121157380988184,0.1828358208955224,0.16333333333333333,0.17253521126760563,2.4148673410825716,0.37393175295062553,0.141421801957531,real_20260706_153654_table_fanuc_cluster000_table1_refined_from_identity_hard,real_previous_registration,0.3
23,0.3410050690410908,0.16321105794790006,0.048827155083557866,0.1580986945102544,0.04561609713565782,0.13680781758957655,0.13680781758957655,0.13680781758957655,2.635090255266343,0.4020861075124642,0.1589949309589092,real_20260706_153654_table_fanuc_cluster000_table1_refined_from_identity_medium,real_previous_registration,0.3
5,0.5057412904801544,0.046223224351747465,0.07869356881063798,0.10693306807833111,0.19247034445889052,0.5365853658536586,0.24175824175824176,0.3333333333333333,0.9427381472696703,0.17781272468399367,0.005741290480154371,real_20260707_154904_ur10_choko_base_cluster016_base_refined_from_center_v2_medium,real_previous_registration,0.3
20,0.7150845678698676,0.057515337423312884,0.0822517738166255,0.06808171814554595,0.18473643639331264,0.6266666666666667,0.18875502008032127,0.2901234567901234,2.1181723726181434,0.29098827170447433,0.21508456786986763,wall_column_added_outliers_hard_mixed,added_outliers,0.3
2,0.5,0.4175217048145225,0.032277223847897656,0.04763975323660903,0.0,0.8695652173913043,0.5010893246187363,0.635798203178991,0.0,0.0,0.0,wall_column_added_outliers_medium_2,added_outliers,0.3
2,0.5005193356122956,0.35742340926944227,0.04082680692723066,0.05773630357488089,0.0008268069272306597,0.7252747252747253,0.5116279069767442,0.6,0.0016923662810565399,1.4328026899120806e-06,0.0005193356122955572,wall_column_added_outliers_medium_3,added_outliers,0.3
2,0.5,0.32866666666666666,0.03556046173064999,0.06173514579670594,0.0,0.6835699797160243,0.4469496021220159,0.5404971932638332,0.0,0.0,0.0,wall_column_partial_overlap_hard_mixed,partial_overlap,0.3
27,0.6485176145528203,0.11866666666666667,0.06260875639824325,0.06761818195100028,0.10394208973157659,0.6235955056179775,0.20982986767485823,0.31400282885431396,1.4073047806529448,0.10799066309624261,0.1485176145528203,wall_column_partial_overlap_medium_2,partial_overlap,0.3
2,0.5,0.4633333333333333,0.03965708674582989,0.04349682766983897,0.0,0.8503597122302158,0.5300448430493273,0.6530386740331491,0.0,0.0,0.0,wall_column_partial_overlap_medium_3,partial_overlap,0.3
2,0.5,0.3890063424947146,0.03678082091493257,0.05117930785470453,0.0,0.7844202898550725,0.5280487804878049,0.631195335276968,0.0,0.0,0.0,wall_column_scene_change_hard_mixed,scene_change,0.3
2,0.5,0.42217484008528783,0.03657336400373009,0.057470557297802934,0.0,0.7373737373737373,0.5334957369062119,0.6190812720848056,0.0,0.0,0.0,wall_column_scene_change_medium_2,scene_change,0.3
42,0.8529286220726778,0.002926115581565472,0.08849554519790154,0.019384546332575723,0.24556942961633607,1.0,0.00796812749003984,0.015810276679841896,6.965824765355608,1.4181444479052687,0.35478364424877473,wall_column_scene_change_medium_3,scene_change,0.3
8,0.5959340207096565,0.20866666666666667,0.06517025668571026,0.06600668108767285,0.02517025668571026,0.6198083067092651,0.40332640332640335,0.4886649874055416,0.1850602912018044,0.004308706553774684,0.09593402070965651,wall_column_static_noise_hard_mixed,static_noise,0.3
2,0.504720492412456,0.31466666666666665,0.047767677103033146,0.08833886880074304,0.007767677103033145,0.4258474576271186,0.475177304964539,0.4491620111731844,0.01563516445712646,0.00012223416484380366,0.004720492412455979,wall_column_static_noise_medium_2,static_noise,0.3
2,0.5,0.428,0.032147924561225935,0.05928296600916604,0.0,0.7118380062305296,0.5326340326340326,0.6093333333333334,0.0,0.0,0.0,wall_column_static_noise_medium_3,static_noise,0.3
35,0.7140709533491282,0.028,0.08366485326171497,0.06735297703565021,0.21566485326171497,0.7142857142857143,0.072992700729927,0.1324503311258278,5.320783108843595,0.9150917737024682,0.21407095334912818,wall_column_strong_noise_hard_mixed,strong_noise,0.3
3,0.5043237751115347,0.30133333333333334,0.04376182841552974,0.061349608827951804,0.0037618284155297374,0.7699115044247787,0.3643979057591623,0.4946695095948827,0.010968120268087543,4.01279269524034e-05,0.0043237751115347,wall_column_strong_noise_medium_2,strong_noise,0.3
4,0.5125559563073957,0.238,0.04684101205491478,0.07961773565725752,0.0068410120549147815,0.5714285714285714,0.35051546391752575,0.43450479233226835,0.02776760590057433,0.00019285580743850773,0.0125559563073957,wall_column_strong_noise_medium_3,strong_noise,0.3
38,0.6700391816245356,0.041635687732342004,0.08296194266945747,0.08867605925143132,0.20132625493711548,0.4642857142857143,0.11555555555555555,0.18505338078291816,6.047704228250314,1.0031454491500233,0.17003918162453557,box_sphere_added_outliers_hard_mixed,added_outliers,0.4
16,0.5622688947658593,0.16153846153846155,0.04998334960918862,0.07081105029880796,0.04844488807072708,0.6476190476190476,0.24548736462093862,0.35602094240837695,0.5147425449895898,0.020005434522451786,0.062268894765859284,box_sphere_added_outliers_medium_2,added_outliers,0.4
25,0.8747940278142069,0.0,0.0818367598629786,0.14352048397885955,0.24183675986297862,0.0,0.0,0.0,5.242772042722341,1.1692960605722875,0.3878552120334412,box_sphere_added_outliers_medium_3,added_outliers,0.4
50,0.8530098464692656,0.004666666666666667,0.12064047519418976,0.012406773082277086,0.27597380852752307,1.0,0.010835913312693499,0.021439509954058196,10.81390278328077,2.531538900624371,1.1404570240555125,box_sphere_partial_overlap_hard_mixed,partial_overlap,0.4
21,0.607234149326219,0.07866666666666666,0.07129319652800982,0.06145151168223016,0.15262652986134317,0.7796610169491526,0.14442700156985872,0.2437086092715232,2.6950025498524504,0.3665677372588957,0.107234149326219,box_sphere_partial_overlap_medium_2,partial_overlap,0.4
22,0.8719364788042119,0.0006666666666666666,0.0904255201975308,0.1348799569492928,0.24975885353086413,0.0,0.0,0.0,5.074679452036127,1.2022459443816647,0.38920668031226047,box_sphere_partial_overlap_medium_3,partial_overlap,0.4
3,0.5119179294209684,0.21466666666666667,0.04757893252469171,0.05826098051465025,0.00757893252469171,0.7795031055900621,0.29152148664343785,0.4243448858833474,0.02247634430090223,0.00016851047334389237,0.011917929420968365,box_sphere_scene_change_hard_mixed,scene_change,0.4
14,0.5746858359028394,0.08266666666666667,0.07134972962205438,0.09632947298851127,0.14868306295538772,0.3064516129032258,0.18181818181818182,0.22822822822822822,1.7937070245006035,0.23567248086615267,0.07468583590283939,box_sphere_scene_change_medium_2,scene_change,0.4
6,0.5186547859193874,0.202,0.04441591623885787,0.06366724298169882,0.00441591623885787,0.7788778877887789,0.27995255041518385,0.41186736474694585,0.02773439863809192,0.00012837757580955566,0.018654785919387407,box_sphere_scene_change_medium_3,scene_change,0.4
27,0.8487481689880325,0.0,0.06238161355014618,0.11584505187314025,0.22238161355014618,0.0,0.0,0.0,5.648316824785187,1.263207560508446,0.4813164239473311,box_sphere_static_noise_hard_mixed,static_noise,0.4
4,0.5106875761791283,0.2693333333333333,0.0441505920138073,0.06728547920713529,0.004150592013807297,0.6212871287128713,0.3702064896755162,0.4639556377079482,0.01751006223771763,7.683570495512328e-05,0.0106875761791283,box_sphere_static_noise_medium_2,static_noise,0.4
14,0.5912743004088178,0.096,0.0665906126314548,0.08378501918837163,0.1305906126314548,0.4236111111111111,0.1506172839506173,0.22222222222222227,1.4180168214758107,0.1603727578038031,0.09127430040881779,box_sphere_static_noise_medium_3,static_noise,0.4
16,0.4780864927503542,0.10533333333333333,0.06348022032736868,0.08810519819963938,0.11814688699403536,0.36075949367088606,0.1565934065934066,0.21839080459770113,2.112421669598645,0.2803310871215636,0.021913507249645803,box_sphere_strong_noise_hard_mixed,strong_noise,0.4
11,0.44118305972417643,0.198,0.04032848606928405,0.0687196331851224,0.0023284860692840484,0.67003367003367,0.23193473193473194,0.3445887445887446,0.3988073107245047,0.0309166916319065,0.05881694027582357,box_sphere_strong_noise_medium_2,strong_noise,0.4
12,0.43767443008731266,0.18866666666666668,0.04281811975313966,0.08637963115073044,0.014151453086472997,0.42402826855123676,0.21699819168173598,0.28708133971291866,0.4812444906956139,0.03380625220146749,0.06232556991268734,box_sphere_strong_noise_medium_3,strong_noise,0.4
32,0.869402005958197,0.0,0.07447023214909675,0.12851447536421123,0.23447023214909676,0.0,0.0,0.0,4.725194343587634,0.9832574813489976,0.4439448916425326,boxes_cylinder_added_outliers_hard_mixed,added_outliers,0.4
2,0.5,0.4792156862745098,0.03088904821779578,0.0455143080455005,0.0,0.8657937806873978,0.575,0.6910516002612672,0.0,0.0,0.0,boxes_cylinder_added_outliers_medium_2,added_outliers,0.4
3,0.5027582722191388,0.362015503875969,0.04171118669307209,0.06485273378552421,0.0017111866930720893,0.6616702355460385,0.5300171526586621,0.5885714285714285,0.005159026966995557,8.888898739520871e-06,0.0027582722191388243,boxes_cylinder_added_outliers_medium_3,added_outliers,0.4
21,0.871535539845096,0.0,0.06287582517316165,0.13901577972332085,0.22287582517316165,0.0,0.0,0.0,4.317295249979533,0.9673444135586486,0.41493421956803733,boxes_cylinder_partial_overlap_hard_mixed,partial_overlap,0.4
5,0.5868705381796009,0.21066666666666667,0.0683216128152786,0.07110544471242605,0.028321612815278598,0.5759493670886076,0.4449877750611247,0.5020689655172415,0.13690978553977967,0.003754043118333025,0.08687053817960089,boxes_cylinder_partial_overlap_medium_2,partial_overlap,0.4
2,0.5,0.44666666666666666,0.03606104671052348,0.05336290580842016,0.0,0.8567164179104477,0.5786290322580645,0.690734055354994,0.0,0.0,0.0,boxes_cylinder_partial_overlap_medium_3,partial_overlap,0.4
2,0.5043136962398939,0.28532046864231564,0.04534579471826808,0.06574362967085517,0.005345794718268078,0.7198067632850241,0.476038338658147,0.5730769230769232,0.010737915018135397,5.76524824981041e-05,0.0043136962398938605,boxes_cylinder_scene_change_hard_mixed,scene_change,0.4
21,0.6589871752212959,0.12692847124824685,0.05989719346320164,0.055597791444704614,0.0929687222149548,0.7403314917127072,0.2518796992481203,0.3758765778401122,1.0653702929246043,0.07462378097969985,0.1589871752212959,boxes_cylinder_scene_change_medium_2,scene_change,0.4
2,0.5,0.46787709497206703,0.024113540462280005,0.04116364609149197,0.0,0.9164179104477612,0.5551537070524413,0.6914414414414415,0.0,0.0,0.0,boxes_cylinder_scene_change_medium_3,scene_change,0.4
6,0.5296491274599215,0.36533333333333334,0.04791949364940611,0.06777918390286376,0.007919493649406112,0.6423357664233577,0.5398773006134969,0.5866666666666666,0.04498090297430808,0.00033803847416329877,0.029649127459921543,boxes_cylinder_static_noise_hard_mixed,static_noise,0.4
9,0.5639113394467977,0.2793333333333333,0.05074043910434503,0.07350098126992254,0.01074043910434503,0.5990453460620525,0.46741154562383613,0.5251046025104602,0.09062961341284212,0.0009152256948949696,0.06391133944679772,boxes_cylinder_static_noise_medium_2,static_noise,0.4
3,0.5150587891067401,0.38333333333333336,0.049180740097845295,0.07522079273715697,0.009180740097845294,0.568695652173913,0.6066790352504638,0.5870736086175943,0.028004226481270364,0.0002615360434566884,0.015058789106740078,boxes_cylinder_static_noise_medium_3,static_noise,0.4
16,0.6237388952387928,0.05733333333333333,0.08223821279057118,0.0982068690374118,0.18490487945723785,0.26744186046511625,0.11616161616161616,0.16197183098591547,2.507078498505729,0.4028651544275076,0.12373889523879278,boxes_cylinder_strong_noise_hard_mixed,strong_noise,0.4
10,0.5144722375743177,0.15466666666666667,0.051709788447048585,0.08229521309358581,0.05704312178038192,0.45689655172413796,0.24311926605504589,0.31736526946107785,0.5093000854149458,0.02631167596996801,0.014472237574317703,boxes_cylinder_strong_noise_medium_2,strong_noise,0.4
12,0.5743479550205625,0.06466666666666666,0.07656474127003501,0.08837298213563533,0.17189807460336837,0.4845360824742268,0.2088888888888889,0.2919254658385093,1.8531663517124053,0.29198887771136717,0.07434795502056246,boxes_cylinder_strong_noise_medium_3,strong_noise,0.4
22,0.749782743529909,0.01867704280155642,0.08996016500445288,0.09165203131084605,0.23128312220289649,0.2916666666666667,0.051470588235294115,0.08750000000000001,3.946235287023844,0.7752214851870636,0.24978274352990903,l_shape_added_outliers_hard_mixed,added_outliers,0.4
3,0.5048518110612557,0.3503134796238245,0.043041666169934024,0.058123191822959316,0.0030416661699340236,0.7225950782997763,0.4984567901234568,0.5899543378995434,0.009106429996503622,2.7652402537463058e-05,0.004851811061255651,l_shape_added_outliers_medium_2,added_outliers,0.4
27,0.7452655486027694,0.03801396431342126,0.08334763711339636,0.06555110004637948,0.20533367279997514,0.7142857142857143,0.10670731707317073,0.1856763925729443,4.0846464076224835,0.6984468158286721,0.2452655486027694,l_shape_added_outliers_medium_3,added_outliers,0.4
26,0.7053348972595793,0.032,0.08559046885288087,0.07010038023741329,0.21359046885288088,0.5,0.08791208791208792,0.14953271028037385,4.099425757094022,0.7145253833751399,0.20533489725957932,l_shape_partial_overlap_hard_mixed,partial_overlap,0.4
35,0.8135100655827232,0.007333333333333333,0.09161792434709758,0.05708549651896761,0.24428459101376426,0.8181818181818182,0.024657534246575342,0.04787234042553191,6.297005506325503,1.2731508196975858,0.3135100655827232,l_shape_partial_overlap_medium_2,partial_overlap,0.4
3,0.5222653733501698,0.37866666666666665,0.05448472137522939,0.05704104544768808,0.014484721375229388,0.7429577464788732,0.5053892215568863,0.601568068424804,0.04231643806294162,0.00059757824626916,0.02226537335016976,l_shape_partial_overlap_medium_3,partial_overlap,0.4
18,0.5755375478586702,0.13866666666666666,0.055711936496051176,0.07980500705270147,0.07704526982938453,0.5673076923076923,0.30412371134020616,0.39597315436241604,1.0114672046527222,0.06498371562856031,0.07553754785867017,l_shape_scene_change_hard_mixed,scene_change,0.4
2,0.5,0.4495476687543493,0.02136028048409517,0.037699597571327126,0.0,0.9860681114551083,0.4953343701399689,0.6594202898550724,0.0,0.0,0.0,l_shape_scene_change_medium_2,scene_change,0.4
2,0.5,0.49230769230769234,0.01383705594672286,0.024860792640249478,0.0,0.9972826086956522,0.5620214395099541,0.7189030362389816,0.0,0.0,0.0,l_shape_scene_change_medium_3,scene_change,0.4
24,0.6761248687524988,0.11133333333333334,0.06317169518436923,0.055037974572565034,0.1118383618510359,0.718562874251497,0.2222222222222222,0.33946251768033947,1.3986611144583263,0.11936408049885894,0.17612486875249878,l_shape_static_noise_hard_mixed,static_noise,0.4
3,0.518981118099187,0.364,0.05165754433189604,0.07068000501346244,0.011657544331896037,0.6684981684981685,0.479002624671916,0.5581039755351681,0.035383941955879857,0.0004174146018050014,0.01898111809918701,l_shape_static_noise_medium_2,static_noise,0.4
3,0.5461435130010379,0.216,0.06866189653112367,0.09011824838192824,0.028661896531123672,0.35185185185185186,0.4175824175824176,0.3819095477386934,0.086341287782421,0.0024850214163380756,0.04614351300103792,l_shape_static_noise_medium_3,static_noise,0.4
13,0.5473083021067436,0.09933333333333333,0.06580336445841659,0.06692873486813265,0.12647003112508326,0.6644295302013423,0.18065693430656934,0.28407460545193686,1.493105408758513,0.1741533472947312,0.04730830210674364,l_shape_strong_noise_hard_mixed,strong_noise,0.4
11,0.5317643578573994,0.11066666666666666,0.06271625274547574,0.07197495451237555,0.11204958607880908,0.6144578313253012,0.19653179190751446,0.29781021897810217,1.1017550334005586,0.11203512598982987,0.031764357857399395,l_shape_strong_noise_medium_2,strong_noise,0.4
17,0.5447822212249852,0.10333333333333333,0.06471572460129177,0.07284660988977555,0.12138239126795844,0.6129032258064516,0.17592592592592593,0.2733812949640288,1.7781935011325236,0.1908698632847396,0.04478222122498521,l_shape_strong_noise_medium_3,strong_noise,0.4
15,0.327914683808376,0.125,0.058312262349035096,0.15130214890140053,0.09331226234903511,0.296,0.30578512396694213,0.30081300813008127,1.9169556171095055,0.2614489574868331,0.17208531619162398,real_20260626_143302_palletizer_005_part_2_refined_from_voxel005_easy,real_previous_registration,0.4
12,0.3511456023651145,0.20029563932002956,0.026623736059702564,0.13277653715689694,0.0,0.16236162361623616,0.17054263565891473,0.166351606805293,0.7442719881744274,0.1087691582418747,0.1488543976348855,real_20260626_144015_pallet_rack_05_part1_refined_from_voxel005_easy,real_previous_registration,0.4
3,0.4853829498190998,0.005912786400591279,0.0781914519591548,0.1162515308276901,0.23227866555856352,0.375,0.006756756756756757,0.013274336283185842,0.7010731325811449,0.16384648128950072,0.014617050180900204,real_20260626_161831_pallet_rack_cluster021_part1_ransac_icp_voxel005_easy,real_previous_registration,0.4
11,0.3242424242424242,0.19881744271988175,0.029426944524672385,0.12152490408005033,0.0011825572801182627,0.26394052044609667,0.19559228650137742,0.22468354430379747,0.8799704360679972,0.13569405591254058,0.17575757575757578,real_20260626_161831_pallet_rack_cluster021_part1_ransac_icp_voxel005_hard,real_previous_registration,0.4
4,0.6297895855939623,0.0,0.1191944288853074,0.21191185106026034,0.27919442888530743,0.0,0.0,0.0,1.186798349350703,0.35335156043370336,0.12978958559396225,real_20260626_161911_pallet_rack_cluster021_part1_refined_from_voxel005_easy,real_previous_registration,0.4
2,0.5505200074035749,0.0,0.15315000925446864,0.1708294156247957,0.3131500092544687,0.0,0.0,0.0,0.6263000185089374,0.19612585659214762,0.050520007403574874,real_20260626_161911_pallet_rack_cluster021_part1_refined_from_voxel005_medium,real_previous_registration,0.4
2,0.5231838296629303,0.0,0.11897978707866294,0.18963641773073536,0.27897978707866294,0.0,0.0,0.0,0.5579595741573259,0.15565944319691222,0.02318382966293031,real_20260626_163327_pallet_rack_cluster022_part1_ransac_icp_voxel005_easy,real_previous_registration,0.4
2,0.6684873239923955,0.0,0.30060915499049434,0.32615352305957535,0.4606091549904944,0.0,0.0,0.0,0.9212183099809887,0.42432158732211456,0.16848732399239552,real_20260626_163327_pallet_rack_cluster022_part1_ransac_icp_voxel005_hard,real_previous_registration,0.4
6,0.44403943597442497,0.0030721966205837174,0.09543350472080403,0.17443465849866938,0.25236130810022034,0.5,0.008264462809917356,0.016260162601626018,1.4189697428531978,0.33986854744683836,0.10342499665030824,real_20260626_163327_pallet_rack_cluster022_part1_ransac_icp_voxel005_medium,real_previous_registration,0.4
2,0.5012340221452797,0.0,0.09154252768159964,0.15262279010991983,0.2515425276815996,0.0,0.0,0.0,0.5030850553631993,0.12654728646489663,0.0012340221452796785,real_20260703_131528_rm00_0260_02_cluster022_part1_ransac_icp_voxel005_easy,real_previous_registration,0.4
2,0.519175874438932,0.0,0.11396984304866493,0.19849881410323333,0.27396984304866495,0.0,0.0,0.0,0.5479396860973299,0.15011894980022022,0.019175874438931984,real_20260703_131528_rm00_0260_02_cluster022_part1_ransac_icp_voxel005_hard,real_previous_registration,0.4
2,0.4862335690766243,0.0,0.07279196134578034,0.1478134199839435,0.23279196134578034,0.0,0.0,0.0,0.4655839226915607,0.10838419453443057,0.013766430923375705,real_20260703_131528_rm00_0260_02_cluster022_part1_ransac_icp_voxel005_medium,real_previous_registration,0.4
13,0.33353496119284326,0.1984126984126984,0.026831595861058495,0.07047787319867337,0.0015873015873016094,0.92,0.2692307692307692,0.41655886157826644,1.1041635994502377,0.19290093466527472,0.16646503880715674,real_20260703_135250_rm00_0260_02_cluster029_full_refined_from_voxel005_easy,real_previous_registration,0.4
6,0.4455340565026348,0.024943310657596373,0.08194823645231841,0.08676854029664469,0.21700492579472205,0.6363636363636364,0.04912280701754386,0.09120521172638435,1.2926299794162126,0.2789586445492051,0.05446594349736522,real_20260703_135250_rm00_0260_02_cluster029_full_refined_from_voxel005_medium,real_previous_registration,0.4
2,0.49969287585073213,0.0,0.08961609481341516,0.1288646217265496,0.24961609481341518,0.0,0.0,0.0,0.49923218962683036,0.12461638957979976,0.0003071241492678678,real_20260706_130424_table_cluster004_table1_refined_from_identity_scale1_hard,real_previous_registration,0.4
2,0.5434390781343782,0.0,0.14429884766797277,0.2103770941401623,0.30429884766797277,0.0,0.0,0.0,0.6085976953359455,0.1851955773841122,0.043439078134378195,real_20260706_130424_table_cluster004_table1_refined_from_identity_scale1_medium,real_previous_registration,0.4
8,0.7859429721946258,0.0,0.12220895029570031,0.11120523474800566,0.2822089502957003,0.0,0.0,0.0,2.2265424274437446,0.624869167020308,0.28594297219462583,real_20260706_145031_table2_cluster004_table2_refined_from_identity_easy,real_previous_registration,0.4
12,0.633795539046061,0.006666666666666667,0.10042094353284904,0.13196252999318753,0.2537542768661824,0.14285714285714285,0.005813953488372093,0.011173184357541898,2.8590939387689964,0.6840034088540791,0.133795539046061,real_20260706_145031_table2_cluster004_table2_refined_from_identity_hard,real_previous_registration,0.4
4,0.7086599655331157,0.0009523809523809524,0.1528297705662519,0.0490975174580626,0.31187738961387096,1.0,0.0036363636363636364,0.007246376811594203,1.3036547274826467,0.42566904842142017,0.20865996553311572,real_20260706_145031_table2_cluster004_table2_refined_from_identity_medium,real_previous_registration,0.4
2,0.4986527124616432,0.04104104104104104,0.07805563031679374,0.32248457563849,0.19701458927575272,0.0,0.0,0.0,0.39402917855150543,0.07762949677498708,0.0013472875383567784,real_20260706_150131_table3_cluster004_table3_refined_from_identity_easy,real_previous_registration,0.4
3,0.7550784929059403,0.0,0.2357627728787333,0.20488803457485313,0.3957627728787333,0.0,0.0,0.0,1.2121108890111587,0.4901483757531537,0.2550784929059403,real_20260706_150131_table3_cluster004_table3_refined_from_identity_medium,real_previous_registration,0.4
16,0.314792036888057,0.18951392681594756,0.04256741204110646,0.22513307107704367,0.013053485225158909,0.043227665706051875,0.09615384615384616,0.05964214711729623,1.5114725318813802,0.25435160623460895,0.18520796311194299,real_20260706_153654_table_fanuc_cluster000_table1_refined_from_identity_easy,real_previous_registration,0.4
17,0.3557597863341062,0.14520402755696873,0.05277015673474684,0.13468097263983206,0.06756612917777811,0.18248175182481752,0.16666666666666666,0.17421602787456447,2.07817736183044,0.30459145762651957,0.1442402136658938,real_20260706_153654_table_fanuc_cluster000_table1_refined_from_identity_hard,real_previous_registration,0.4
18,0.3407750352225109,0.16321105794790006,0.048827155083557866,0.1580986945102544,0.04561609713565782,0.13680781758957655,0.13680781758957655,0.13680781758957655,2.0046125360335467,0.3017298785000394,0.1592249647774891,real_20260706_153654_table_fanuc_cluster000_table1_refined_from_identity_medium,real_previous_registration,0.4
4,0.5053632960399993,0.046223224351747465,0.07869356881063798,0.10693306807833111,0.19247034445889052,0.5365853658536586,0.24175824175824176,0.3333333333333333,0.757517192806522,0.143505922711754,0.005363296039999299,real_20260707_154904_ur10_choko_base_cluster016_base_refined_from_center_v2_medium,real_previous_registration,0.4
22,0.7565841374033745,0.029141104294478526,0.09139846171168056,0.0566381823752832,0.22225735741720204,0.7631578947368421,0.11646586345381527,0.20209059233449478,3.012696118128476,0.5133599891275117,0.2565841374033745,wall_column_added_outliers_hard_mixed,added_outliers,0.4
2,0.5,0.4175217048145225,0.032277223847897656,0.04763975323660903,0.0,0.8695652173913043,0.5010893246187363,0.635798203178991,0.0,0.0,0.0,wall_column_added_outliers_medium_2,added_outliers,0.4
2,0.5006924474830607,0.35742340926944227,0.04082680692723066,0.05773630357488089,0.0008268069272306597,0.7252747252747253,0.5116279069767442,0.6,0.0016923662810565399,1.4328026899120806e-06,0.000692447483060743,wall_column_added_outliers_medium_3,added_outliers,0.4
2,0.5,0.32866666666666666,0.03556046173064999,0.06173514579670594,0.0,0.6835699797160243,0.4469496021220159,0.5404971932638332,0.0,0.0,0.0,wall_column_partial_overlap_hard_mixed,partial_overlap,0.4
28,0.6577036961035525,0.10866666666666666,0.06379136710187669,0.06683214640413561,0.11512470043521003,0.6380368098159509,0.19659735349716445,0.30057803468208094,1.910587653897984,0.176785290007598,0.1577036961035525,wall_column_partial_overlap_medium_2,partial_overlap,0.4
2,0.5,0.4633333333333333,0.03965708674582989,0.04349682766983897,0.0,0.8503597122302158,0.5300448430493273,0.6530386740331491,0.0,0.0,0.0,wall_column_partial_overlap_medium_3,partial_overlap,0.4
2,0.5,0.3890063424947146,0.03678082091493257,0.05117930785470453,0.0,0.7844202898550725,0.5280487804878049,0.631195335276968,0.0,0.0,0.0,wall_column_scene_change_hard_mixed,scene_change,0.4
2,0.5,0.42217484008528783,0.03657336400373009,0.057470557297802934,0.0,0.7373737373737373,0.5334957369062119,0.6190812720848056,0.0,0.0,0.0,wall_column_scene_change_medium_2,scene_change,0.4
2,0.5216588835833654,0.288222384784199,0.06703749107174767,0.06837596828986671,0.027037491071747667,0.6421319796954315,0.5039840637450199,0.5647321428571429,0.05411109555095439,0.001464005982951357,0.02165888358336543,wall_column_scene_change_medium_3,scene_change,0.4
23,0.7216136160230943,0.06533333333333333,0.07801823603363517,0.04941164309914236,0.17268490270030185,0.7551020408163265,0.15384615384615385,0.2556131260794473,2.26220192272917,0.29763929207265977,0.22161361602309426,wall_column_static_noise_hard_mixed,static_noise,0.4
3,0.5124631376317405,0.30933333333333335,0.0476488082660024,0.0886020107853597,0.007648808266002401,0.4224137931034483,0.46335697399527187,0.4419391206313416,0.023227730305677888,0.0001798678500668847,0.01246313763174045,wall_column_static_noise_medium_2,static_noise,0.4
2,0.5,0.428,0.032147924561225935,0.05928296600916604,0.0,0.7118380062305296,0.5326340326340326,0.6093333333333334,0.0,0.0,0.0,wall_column_static_noise_medium_3,static_noise,0.4
26,0.713710393296428,0.028,0.08366485326171497,0.06735297703565021,0.21566485326171497,0.7142857142857143,0.072992700729927,0.1324503311258278,3.944469511548917,0.6791348025573604,0.21371039329642805,wall_column_strong_noise_hard_mixed,strong_noise,0.4
3,0.5057408643583021,0.3,0.043739699880220965,0.06134175728999353,0.0037396998802209647,0.7688888888888888,0.362303664921466,0.492526690391459,0.010915780328098632,3.974059737513125e-05,0.005740864358302122,wall_column_strong_noise_medium_2,strong_noise,0.4
5,0.5223754054857123,0.222,0.04706586906579712,0.07925048585512667,0.00706586906579712,0.5765765765765766,0.32989690721649484,0.4196721311475409,0.0350351259229374,0.0002455820574802386,0.022375405485712263,wall_column_strong_noise_medium_3,strong_noise,0.4
21,0.6366740856489713,0.06022304832713755,0.0782759196618917,0.09147388593690747,0.17805287133475417,0.4444444444444444,0.16,0.23529411764705882,3.032199075942834,0.4554743862117926,0.13667408564897132,box_sphere_added_outliers_hard_mixed,added_outliers,0.5
13,0.5624947667441259,0.16153846153846155,0.04998334960918862,0.07081105029880796,0.04844488807072708,0.6476190476190476,0.24548736462093862,0.35602094240837695,0.4215165778917763,0.01655959877815535,0.06249476674412591,box_sphere_added_outliers_medium_2,added_outliers,0.5
18,0.8353896550582696,0.0015267175572519084,0.10316850699809799,0.09458305263196425,0.26164178944084604,0.0,0.0,0.0,3.6609627422090396,0.795167087803764,0.33538965505826956,box_sphere_added_outliers_medium_3,added_outliers,0.5
50,0.8520602186381026,0.004666666666666667,0.12064047519418976,0.012406773082277086,0.27597380852752307,1.0,0.010835913312693499,0.021439509954058196,11.11470069383229,2.6431340965690677,1.467610386885284,box_sphere_partial_overlap_hard_mixed,partial_overlap,0.5
16,0.6069653250300096,0.07866666666666666,0.07129319652800982,0.06145151168223016,0.15262652986134317,0.7796610169491526,0.14442700156985872,0.2437086092715232,2.037091854891353,0.27676274875344287,0.10696532503000955,box_sphere_partial_overlap_medium_2,partial_overlap,0.5
19,0.8746963816655581,0.0,0.07920612405746967,0.11295411495704372,0.2392061240574697,0.0,0.0,0.0,4.390569172389695,1.041866534804094,0.41787188543567944,box_sphere_partial_overlap_medium_3,partial_overlap,0.5
4,0.5223201955323015,0.20133333333333334,0.047402180865510554,0.05817907579297491,0.007402180865510553,0.7781456953642384,0.27293844367015097,0.40412725709372316,0.029722376397812028,0.00022096782547847187,0.022320195532301468,box_sphere_scene_change_hard_mixed,scene_change,0.5
12,0.5769021046122508,0.082,0.0714697640647852,0.09637466532354459,0.1494697640647852,0.3089430894308943,0.18181818181818182,0.22891566265060243,1.5588718686770364,0.20790359981566867,0.07690210461225078,box_sphere_scene_change_medium_2,scene_change,0.5
2,0.5047866368222912,0.22333333333333333,0.0448241057231619,0.06458095582489355,0.0048241057231619006,0.7671641791044777,0.30486358244365364,0.4363327674023769,0.009610742545453084,4.618388809675724e-05,0.00478663682229119,box_sphere_scene_change_medium_3,scene_change,0.5
21,0.8502543019111768,0.0,0.06238161355014618,0.11584505187314025,0.22238161355014618,0.0,0.0,0.0,4.355969248794656,0.9694022176639541,0.46072784771059205,box_sphere_static_noise_hard_mixed,static_noise,0.5
4,0.5133065701911721,0.268,0.04417195543653427,0.06684932002169398,0.004171955436534272,0.6243781094527363,0.3702064896755162,0.46481481481481485,0.017478525627706333,7.657478172569588e-05,0.013306570191172096,box_sphere_static_noise_medium_2,static_noise,0.5
12,0.5919136949163636,0.09533333333333334,0.06648173973421662,0.08368891185379534,0.1311484064008833,0.42657342657342656,0.1506172839506173,0.22262773722627738,1.23889543465058,0.14237378492124872,0.09191369491636359,box_sphere_static_noise_medium_3,static_noise,0.5
8,0.48517200727871007,0.09333333333333334,0.06460533794921322,0.08751584001335178,0.1312720046158799,0.37857142857142856,0.14560439560439561,0.21031746031746032,1.1097773452279234,0.15421573233538316,0.014827992721289929,box_sphere_strong_noise_hard_mixed,strong_noise,0.5
7,0.441507281045191,0.19733333333333333,0.0404129872439093,0.0686302551418441,0.0030796539105759774,0.6722972972972973,0.23193473193473194,0.34488734835355284,0.31875360162243377,0.0254127652238902,0.05849271895480901,box_sphere_strong_noise_medium_2,strong_noise,0.5
10,0.43747959406180975,0.18933333333333333,0.042765801313308295,0.08642830890724126,0.01343246797997498,0.4225352112676056,0.21699819168173598,0.2867383512544803,0.3950787287084516,0.028049616313880556,0.06271867523147351,box_sphere_strong_noise_medium_3,strong_noise,0.5
5,0.5845450643560266,0.24251726784343822,0.06333141359722491,0.06325633828761444,0.02333141359722491,0.7468354430379747,0.5108225108225108,0.6066838046272494,0.10787647795325139,0.00234168074449676,0.0845450643560266,boxes_cylinder_added_outliers_hard_mixed,added_outliers,0.5
2,0.5,0.4792156862745098,0.03088904821779578,0.0455143080455005,0.0,0.8657937806873978,0.575,0.6910516002612672,0.0,0.0,0.0,boxes_cylinder_added_outliers_medium_2,added_outliers,0.5
7,0.5112577691954314,0.34806201550387594,0.041980928717293545,0.06446816100425118,0.001980928717293544,0.6659242761692651,0.5128644939965694,0.5794573643410852,0.013238697912724882,2.5219134974778113e-05,0.011257769195431422,boxes_cylinder_added_outliers_medium_3,added_outliers,0.5
19,0.8673136319237005,0.0,0.06287582517316165,0.13901577972332085,0.22287582517316165,0.0,0.0,0.0,3.9760227904301955,0.9020857248313302,0.475810331231054,boxes_cylinder_partial_overlap_hard_mixed,partial_overlap,0.5
36,0.8227971934273456,0.008666666666666666,0.08984078097376748,0.03840815751132311,0.24117411430710084,0.8461538461538461,0.02689486552567237,0.052132701421800945,5.917304641067779,1.153818813269661,0.3227971934273456,boxes_cylinder_partial_overlap_medium_2,partial_overlap,0.5
2,0.5,0.44666666666666666,0.03606104671052348,0.05336290580842016,0.0,0.8567164179104477,0.5786290322580645,0.690734055354994,0.0,0.0,0.0,boxes_cylinder_partial_overlap_medium_3,partial_overlap,0.5
2,0.5053921202998674,0.2832529290144728,0.04542750536502885,0.06570900096861836,0.0054275053650288466,0.7201946472019465,0.4728434504792332,0.5708775313404051,0.010819625664896165,5.853277581565814e-05,0.005392120299867353,boxes_cylinder_scene_change_hard_mixed,scene_change,0.5
5,0.5588271819657501,0.2300140252454418,0.056253888123702654,0.06229332394867346,0.016253888123702653,0.6707317073170732,0.41353383458646614,0.5116279069767441,0.0750810700894527,0.001133336048284566,0.0588271819657501,boxes_cylinder_scene_change_medium_2,scene_change,0.5
2,0.5,0.46787709497206703,0.024113540462280005,0.04116364609149197,0.0,0.9164179104477612,0.5551537070524413,0.6914414414414415,0.0,0.0,0.0,boxes_cylinder_scene_change_medium_3,scene_change,0.5
5,0.5294467735827685,0.36533333333333334,0.04791949364940611,0.06777918390286376,0.007919493649406112,0.6423357664233577,0.5398773006134969,0.5866666666666666,0.03736626723217452,0.00028003437947168684,0.029446773582768482,boxes_cylinder_static_noise_hard_mixed,static_noise,0.5
2,0.5093823037859717,0.37733333333333335,0.04934753206593742,0.0758662463574604,0.00934753206593742,0.5600706713780919,0.590316573556797,0.5747960108794197,0.018729835851909092,0.00017540398005598664,0.009382303785971713,boxes_cylinder_static_noise_medium_2,static_noise,0.5
6,0.546192073227588,0.33866666666666667,0.049213020993988846,0.07398285509719521,0.009213020993988845,0.5787401574803149,0.5454545454545454,0.5616045845272206,0.055405094221576835,0.0005118552766087366,0.046192073227588004,boxes_cylinder_static_noise_medium_3,static_noise,0.5
35,0.7576873705589889,0.011333333333333334,0.08766655855337928,0.09169535829236852,0.23633322522004596,0.23529411764705882,0.020202020202020204,0.037209302325581395,6.851520595779037,1.3870292083357671,0.25768737055898894,boxes_cylinder_strong_noise_hard_mixed,strong_noise,0.5
8,0.514573234158805,0.15466666666666667,0.051709788447048585,0.08229521309358581,0.05704312178038192,0.45689655172413796,0.24311926605504589,0.31736526946107785,0.4066163559391869,0.020996148219036764,0.01457323415880496,boxes_cylinder_strong_noise_medium_2,strong_noise,0.5
16,0.5894241274830416,0.054,0.07730347301966288,0.08675035187167847,0.1833034730196629,0.5061728395061729,0.18222222222222223,0.2679738562091503,2.623560933836038,0.4380325086377191,0.08942412748304163,boxes_cylinder_strong_noise_medium_3,strong_noise,0.5
18,0.7527025882051843,0.01867704280155642,0.08996016500445288,0.09165203131084605,0.23128312220289649,0.2916666666666667,0.051470588235294115,0.08750000000000001,3.2437133368672253,0.6420588021878615,0.2527025882051843,l_shape_added_outliers_hard_mixed,added_outliers,0.5
3,0.50601983525972,0.34717868338557994,0.0430005240298729,0.05818135967338768,0.0030005240298729002,0.7223476297968398,0.49382716049382713,0.5866177818515124,0.009020359289592925,2.7139701793579086e-05,0.006019835259720052,l_shape_added_outliers_medium_2,added_outliers,0.5
22,0.7465004427955957,0.03801396431342126,0.08334763711339636,0.06555110004637948,0.20533367279997514,0.7142857142857143,0.10670731707317073,0.1856763925729443,3.3428348913907615,0.5750708687880408,0.2465004427955957,l_shape_added_outliers_medium_3,added_outliers,0.5
21,0.7069867831123541,0.032,0.08559046885288087,0.07010038023741329,0.21359046885288088,0.5,0.08791208791208792,0.14953271028037385,3.324743918631902,0.5837837542091522,0.20698678311235408,l_shape_partial_overlap_hard_mixed,partial_overlap,0.5
29,0.8162458511198665,0.007333333333333333,0.09161792434709758,0.05708549651896761,0.24428459101376426,0.8181818181818182,0.024657534246575342,0.04787234042553191,5.2663637754669645,1.0729308168796257,0.3162458511198665,l_shape_partial_overlap_medium_2,partial_overlap,0.5
46,0.7106430102089806,0.10133333333333333,0.06474651249290285,0.039512720618906795,0.12341317915956954,0.9276315789473685,0.1688622754491018,0.2857142857142857,4.438222856035217,0.507845476201729,0.22054092646872936,l_shape_partial_overlap_medium_3,partial_overlap,0.5
20,0.5756247820243827,0.13733333333333334,0.05534925460351584,0.07947774389636224,0.07801592127018252,0.5728155339805825,0.30412371134020616,0.3973063973063973,1.2478073699612318,0.08627749113027403,0.07752925440328773,l_shape_scene_change_hard_mixed,scene_change,0.5
2,0.5,0.4495476687543493,0.02136028048409517,0.037699597571327126,0.0,0.9860681114551083,0.4953343701399689,0.6594202898550724,0.0,0.0,0.0,l_shape_scene_change_medium_2,scene_change,0.5
2,0.5,0.49230769230769234,0.01383705594672286,0.024860792640249478,0.0,0.9972826086956522,0.5620214395099541,0.7189030362389816,0.0,0.0,0.0,l_shape_scene_change_medium_3,scene_change,0.5
21,0.6774391844672948,0.11066666666666666,0.06322683315528643,0.05490361886247905,0.11256016648861977,0.7168674698795181,0.22037037037037038,0.33711048158640233,1.3166660176225815,0.11816036063919315,0.17743918446729479,l_shape_static_noise_hard_mixed,static_noise,0.5
4,0.5357465439388238,0.3253333333333333,0.05194770523985356,0.06991063568484453,0.011947705239853557,0.6823770491803278,0.43700787401574803,0.5328,0.047694249178677345,0.0005687134498543774,0.035746543938823816,l_shape_static_noise_medium_2,static_noise,0.5
50,0.8565653485761927,0.0006666666666666666,0.1037386532696627,0.0200025135271106,0.263071986602996,1.0,0.003663003663003663,0.0072992700729927005,9.988804001845855,2.1867759291801656,0.5587342750696213,l_shape_static_noise_medium_3,static_noise,0.5
13,0.5487684058630699,0.098,0.0657032597365413,0.066424991615733,0.1277032597365413,0.6666666666666666,0.17883211678832117,0.2820143884892086,1.528138332266278,0.18214271582056502,0.04876840586306985,l_shape_strong_noise_hard_mixed,strong_noise,0.5
10,0.5323497151742045,0.11,0.06263512739125898,0.07183229138871773,0.112635127391259,0.6181818181818182,0.19653179190751446,0.2982456140350877,1.0174848425654635,0.10514355166567343,0.032349715174204485,l_shape_strong_noise_medium_2,strong_noise,0.5
20,0.5453475242919779,0.10133333333333333,0.06442639217549162,0.0726539547078986,0.12309305884215829,0.618421052631579,0.17407407407407408,0.2716763005780347,2.2092739164674695,0.24956071106966732,0.04678917123902804,l_shape_strong_noise_medium_3,strong_noise,0.5
12,0.327750663170317,0.1255,0.058667860495644215,0.15162235711109515,0.09316786049564423,0.2948207171314741,0.30578512396694213,0.30020283975659223,1.5227935236659618,0.20681009453240817,0.17233505782097147,real_20260626_143302_palletizer_005_part_2_refined_from_voxel005_easy,real_previous_registration,0.5
9,0.3510347376201034,0.20029563932002956,0.026623736059702564,0.13277653715689694,0.0,0.16236162361623616,0.17054263565891473,0.166351606805293,0.5958610495195863,0.0886748180523531,0.1489652623798966,real_20260626_144015_pallet_rack_05_part1_refined_from_voxel005_easy,real_previous_registration,0.5
3,0.48172868727387474,0.005912786400591279,0.0781914519591548,0.1162515308276901,0.23227866555856352,0.375,0.006756756756756757,0.013274336283185842,0.7010731325811449,0.16384648128950072,0.018271312726125255,real_20260626_161831_pallet_rack_cluster021_part1_ransac_icp_voxel005_easy,real_previous_registration,0.5
11,0.3238359201773836,0.20029563932002956,0.02938004499070829,0.12133947037784487,0.0,0.2656826568265683,0.19834710743801653,0.22712933753943218,0.7046563192904658,0.11149778024690146,0.1761640798226164,real_20260626_161831_pallet_rack_cluster021_part1_ransac_icp_voxel005_hard,real_previous_registration,0.5
4,0.6622369819924527,0.0,0.1191944288853074,0.21191185106026034,0.27919442888530743,0.0,0.0,0.0,1.186798349350703,0.35335156043370336,0.16223698199245273,real_20260626_161911_pallet_rack_cluster021_part1_refined_from_voxel005_easy,real_previous_registration,0.5
2,0.5631500092544687,0.0,0.15315000925446864,0.1708294156247957,0.3131500092544687,0.0,0.0,0.0,0.6263000185089374,0.19612585659214762,0.06315000925446868,real_20260626_161911_pallet_rack_cluster021_part1_refined_from_voxel005_medium,real_previous_registration,0.5
2,0.5289797870786629,0.0,0.11897978707866294,0.18963641773073536,0.27897978707866294,0.0,0.0,0.0,0.5579595741573259,0.15565944319691222,0.02897978707866289,real_20260626_163327_pallet_rack_cluster022_part1_ransac_icp_voxel005_easy,real_previous_registration,0.5
2,0.7106091549904944,0.0,0.30060915499049434,0.32615352305957535,0.4606091549904944,0.0,0.0,0.0,0.9212183099809887,0.42432158732211456,0.21060915499049437,real_20260626_163327_pallet_rack_cluster022_part1_ransac_icp_voxel005_hard,real_previous_registration,0.5
11,0.4437933185077396,0.0030721966205837174,0.09543350472080403,0.17443465849866938,0.25236130810022034,0.5,0.008264462809917356,0.016260162601626018,2.6635125375142588,0.6536179328790475,0.26231909064526304,real_20260626_163327_pallet_rack_cluster022_part1_ransac_icp_voxel005_medium,real_previous_registration,0.5
2,0.5015425276815997,0.0,0.09154252768159964,0.15262279010991983,0.2515425276815996,0.0,0.0,0.0,0.5030850553631993,0.12654728646489663,0.0015425276815996813,real_20260703_131528_rm00_0260_02_cluster022_part1_ransac_icp_voxel005_easy,real_previous_registration,0.5
2,0.5239698430486649,0.0,0.11396984304866493,0.19849881410323333,0.27396984304866495,0.0,0.0,0.0,0.5479396860973299,0.15011894980022022,0.023969843048664896,real_20260703_131528_rm00_0260_02_cluster022_part1_ransac_icp_voxel005_hard,real_previous_registration,0.5
2,0.48279196134578034,0.0,0.07279196134578034,0.1478134199839435,0.23279196134578034,0.0,0.0,0.0,0.4655839226915607,0.10838419453443057,0.01720803865421966,real_20260703_131528_rm00_0260_02_cluster022_part1_ransac_icp_voxel005_medium,real_previous_registration,0.5
10,0.33333982504391374,0.1984126984126984,0.026831595861058495,0.07047787319867337,0.0015873015873016094,0.92,0.2692307692307692,0.41655886157826644,0.8646890313931203,0.15313191718283156,0.16666017495608626,real_20260703_135250_rm00_0260_02_cluster029_full_refined_from_voxel005_easy,real_previous_registration,0.5
4,0.44485281283328093,0.024943310657596373,0.08194823645231841,0.08676854029664469,0.21700492579472205,0.6363636363636364,0.04912280701754386,0.09120521172638435,0.8480822284239214,0.1801281271236679,0.05514718716671907,real_20260703_135250_rm00_0260_02_cluster029_full_refined_from_voxel005_medium,real_previous_registration,0.5
2,0.4996160948134152,0.0,0.08961609481341516,0.1288646217265496,0.24961609481341518,0.0,0.0,0.0,0.49923218962683036,0.12461638957979976,0.00038390518658482087,real_20260706_130424_table_cluster004_table1_refined_from_identity_scale1_hard,real_previous_registration,0.5
2,0.5542988476679728,0.0,0.14429884766797277,0.2103770941401623,0.30429884766797277,0.0,0.0,0.0,0.6085976953359455,0.1851955773841122,0.05429884766797277,real_20260706_130424_table_cluster004_table1_refined_from_identity_scale1_medium,real_previous_registration,0.5
7,0.8081351898472554,0.0,0.12220895029570031,0.11120523474800566,0.2822089502957003,0.0,0.0,0.0,1.947486997285813,0.5469577773994092,0.3081351898472554,real_20260706_145031_table2_cluster004_table2_refined_from_identity_easy,real_previous_registration,0.5
10,0.638931171234212,0.006666666666666667,0.10042094353284904,0.13196252999318753,0.2537542768661824,0.14285714285714285,0.005813953488372093,0.011173184357541898,2.385542590957537,0.5716180252337568,0.13893117123421195,real_20260706_145031_table2_cluster004_table2_refined_from_identity_hard,real_previous_registration,0.5
4,0.7561728956755518,0.0009523809523809524,0.1528297705662519,0.0490975174580626,0.31187738961387096,1.0,0.0036363636363636364,0.007246376811594203,1.30019314243228,0.4233345364788509,0.2561728956755518,real_20260706_145031_table2_cluster004_table2_refined_from_identity_medium,real_previous_registration,0.5
2,0.498315890577054,0.04104104104104104,0.07805563031679374,0.32248457563849,0.19701458927575272,0.0,0.0,0.0,0.39402917855150543,0.07762949677498708,0.0016841094229460007,real_20260706_150131_table3_cluster004_table3_refined_from_identity_easy,real_previous_registration,0.5
3,0.8188481161324254,0.0,0.2357627728787333,0.20488803457485313,0.3957627728787333,0.0,0.0,0.0,1.2121108890111587,0.4901483757531537,0.31884811613242536,real_20260706_150131_table3_cluster004_table3_refined_from_identity_medium,real_previous_registration,0.5
12,0.3149772465963817,0.18951392681594756,0.04256741204110646,0.22513307107704367,0.013053485225158909,0.043227665706051875,0.09615384615384616,0.05964214711729623,1.179204953558297,0.1997372197332071,0.1850227534036183,real_20260706_153654_table_fanuc_cluster000_table1_refined_from_identity_easy,real_previous_registration,0.5
16,0.3543906726942616,0.1478537360890302,0.05294286783660633,0.1348301253733527,0.06508913174757613,0.17921146953405018,0.16666666666666666,0.17271157167530224,1.8160086862648375,0.25505739968111374,0.1456093273057384,real_20260706_153654_table_fanuc_cluster000_table1_refined_from_identity_hard,real_previous_registration,0.5
17,0.33984890522789035,0.16480595427963848,0.048476759326775316,0.1581968522707766,0.04367080504713684,0.13548387096774195,0.13680781758957655,0.1361426256077796,1.7377196039486054,0.2524812015676184,0.16015109477210965,real_20260706_153654_table_fanuc_cluster000_table1_refined_from_identity_medium,real_previous_registration,0.5
4,0.506704120049999,0.046223224351747465,0.07869356881063798,0.10693306807833111,0.19247034445889052,0.5365853658536586,0.24175824175824176,0.3333333333333333,0.757517192806522,0.143505922711754,0.006704120049998985,real_20260707_154904_ur10_choko_base_cluster016_base_refined_from_center_v2_medium,real_previous_registration,0.5
50,0.8627875842670586,0.0,0.06118893212948919,0.12980079745391537,0.2211889321294892,0.0,0.0,0.0,10.422741853819861,2.408806417760136,0.881386805936253,wall_column_added_outliers_hard_mixed,added_outliers,0.5
2,0.5,0.4175217048145225,0.032277223847897656,0.04763975323660903,0.0,0.8695652173913043,0.5010893246187363,0.635798203178991,0.0,0.0,0.0,wall_column_added_outliers_medium_2,added_outliers,0.5
2,0.5008655593538259,0.35742340926944227,0.04082680692723066,0.05773630357488089,0.0008268069272306597,0.7252747252747253,0.5116279069767442,0.6,0.0016923662810565399,1.4328026899120806e-06,0.0008655593538259287,wall_column_added_outliers_medium_3,added_outliers,0.5
2,0.5,0.32866666666666666,0.03556046173064999,0.06173514579670594,0.0,0.6835699797160243,0.4469496021220159,0.5404971932638332,0.0,0.0,0.0,wall_column_partial_overlap_hard_mixed,partial_overlap,0.5
4,0.5375170177416816,0.258,0.05357797427962964,0.07609530274776462,0.013577974279629638,0.5503875968992248,0.40264650283553877,0.46506550218340614,0.05109499202131122,0.0006553630207228161,0.03751701774168159,wall_column_partial_overlap_medium_2,partial_overlap,0.5
2,0.5,0.4633333333333333,0.03965708674582989,0.04349682766983897,0.0,0.8503597122302158,0.5300448430493273,0.6530386740331491,0.0,0.0,0.0,wall_column_partial_overlap_medium_3,partial_overlap,0.5
2,0.5,0.3890063424947146,0.03678082091493257,0.05117930785470453,0.0,0.7844202898550725,0.5280487804878049,0.631195335276968,0.0,0.0,0.0,wall_column_scene_change_hard_mixed,scene_change,0.5
2,0.5,0.42217484008528783,0.03657336400373009,0.057470557297802934,0.0,0.7373737373737373,0.5334957369062119,0.6190812720848056,0.0,0.0,0.0,wall_column_scene_change_medium_2,scene_change,0.5
25,0.8490345261998743,0.002926115581565472,0.08849554519790154,0.019384546332575723,0.24556942961633607,1.0,0.00796812749003984,0.015810276679841896,4.112343531529452,0.8342170984694587,0.35058037801328845,wall_column_scene_change_medium_3,scene_change,0.5
34,0.8363487685211995,0.008666666666666666,0.10332915780461896,0.028234803198325664,0.2546624911379523,1.0,0.02702702702702703,0.052631578947368425,5.166844592992485,0.9724239478060432,0.33634876852119955,wall_column_static_noise_hard_mixed,static_noise,0.5
3,0.5155842466950245,0.30666666666666664,0.04767224580487468,0.08840106271454039,0.007672245804874682,0.42391304347826086,0.46099290780141844,0.4416761041902605,0.023256492499899112,0.000180309087683083,0.01558424669502445,wall_column_static_noise_medium_2,static_noise,0.5
2,0.5,0.428,0.032147924561225935,0.05928296600916604,0.0,0.7118380062305296,0.5326340326340326,0.6093333333333334,0.0,0.0,0.0,wall_column_static_noise_medium_3,static_noise,0.5
21,0.7139537693166101,0.028,0.08366485326171497,0.06735297703565021,0.21566485326171497,0.7142857142857143,0.072992700729927,0.1324503311258278,3.195451955911659,0.5536376601248414,0.21395376931661014,wall_column_strong_noise_hard_mixed,strong_noise,0.5
4,0.5107305924905322,0.29133333333333333,0.043467968768950184,0.06094950860316582,0.003467968768950183,0.7757437070938215,0.3549738219895288,0.48706896551724144,0.014198561259482448,5.046382570360524e-05,0.01073059249053221,wall_column_strong_noise_medium_2,strong_noise,0.5
2,0.5072023716395216,0.24866666666666667,0.04725658484092687,0.07935807939465823,0.007256584840926866,0.579088471849866,0.3711340206185567,0.4523560209424084,0.014458956480448523,0.00010453218078735547,0.007202371639521643,wall_column_strong_noise_medium_3,strong_noise,0.5
35,0.8791186199714952,0.0,0.08666546174818042,0.14933293488880534,0.24666546174818044,0.0,0.0,0.0,6.670414925867963,1.3477997981310317,0.38912223472695395,box_sphere_added_outliers_hard_mixed,added_outliers,0.75
9,0.5629195110209175,0.16153846153846155,0.04998334960918862,0.07081105029880796,0.04844488807072708,0.6476190476190476,0.24548736462093862,0.35602094240837695,0.29904507490518495,0.012051109913407344,0.06291951102091753,box_sphere_added_outliers_medium_2,added_outliers,0.75
15,0.9113446148224378,0.0,0.0818367598629786,0.14352048397885955,0.24183675986297862,0.0,0.0,0.0,3.197364213001601,0.7287192868029231,0.4358343352335019,box_sphere_added_outliers_medium_3,added_outliers,0.75
50,0.9023155190566708,0.0,0.05718970093390641,0.0965338840447397,0.2171897009339064,0.0,0.0,0.0,11.42623338030502,2.7470386432328713,2.272502565824006,box_sphere_partial_overlap_hard_mixed,partial_overlap,0.75
14,0.6091724856580841,0.07466666666666667,0.07121417195116744,0.06066177800003002,0.1565475052845008,0.7678571428571429,0.13500784929356358,0.22963951935914553,1.8734958290565573,0.265896403565416,0.10952996980458185,box_sphere_partial_overlap_medium_2,partial_overlap,0.75
14,0.8750019774851472,0.0,0.07920612405746967,0.11295411495704372,0.2392061240574697,0.0,0.0,0.0,3.2333741090475683,0.7685224559670268,0.4397652331403292,box_sphere_partial_overlap_medium_3,partial_overlap,0.75
8,0.5480613344920324,0.17066666666666666,0.047974557068671056,0.057342942808517816,0.037307890402004405,0.7890625,0.2346109175377468,0.3616830796777081,0.17934878006335936,0.005323245774139571,0.048061334492032426,box_sphere_scene_change_hard_mixed,scene_change,0.75
11,0.5846007137979814,0.08,0.0711283062620662,0.09694844614679929,0.15112830626206622,0.3,0.1722488038277512,0.2188449848024316,1.4916954487940544,0.20755830188501662,0.0846007137979814,box_sphere_scene_change_medium_2,scene_change,0.75
2,0.5071799552334367,0.22133333333333333,0.04487592949446427,0.0644916918292892,0.004875929494464269,0.7680722891566265,0.302491103202847,0.43404255319148943,0.009662566316755453,4.668658050350042e-05,0.00717995523343673,box_sphere_scene_change_medium_3,scene_change,0.75
19,0.8447738960056287,0.0,0.06238161355014618,0.11584505187314025,0.22238161355014618,0.0,0.0,0.0,4.112230877553899,0.9477651694432788,0.6761945334038745,box_sphere_static_noise_hard_mixed,static_noise,0.75
8,0.5401162218848236,0.22466666666666665,0.042813329304124285,0.06671428860300282,0.0028133293041242846,0.629080118694362,0.31268436578171094,0.4177339901477833,0.029557477227340007,0.00011234670734412832,0.040116221884823555,box_sphere_static_noise_medium_2,static_noise,0.75
9,0.5927017251087878,0.09533333333333334,0.06648173973421662,0.08368891185379534,0.1311484064008833,0.42657342657342656,0.1506172839506173,0.22262773722627738,0.9554495564734086,0.11263638123371586,0.09270172510878782,box_sphere_static_noise_medium_3,static_noise,0.75
9,0.47794748986599705,0.10533333333333333,0.06348022032736868,0.08810519819963938,0.11814688699403536,0.36075949367088606,0.1565934065934066,0.21839080459770113,1.1809452135713667,0.155824707412556,0.022052510134002945,box_sphere_strong_noise_hard_mixed,strong_noise,0.75
8,0.4408721562592729,0.19866666666666666,0.04036089037381135,0.06865249384975668,0.0016942237071447055,0.6711409395973155,0.2331002331002331,0.3460207612456747,0.21727566121332675,0.018011790471697556,0.06020033466337471,box_sphere_strong_noise_medium_2,strong_noise,0.75
6,0.43761934426204496,0.18933333333333333,0.042765801313308295,0.08642830890724126,0.01343246797997498,0.4225352112676056,0.21699819168173598,0.2867383512544803,0.25767869748800504,0.020357947732079575,0.06267805967787987,box_sphere_strong_noise_medium_3,strong_noise,0.75
18,0.8782532946553527,0.0,0.07447023214909675,0.12851447536421123,0.23447023214909676,0.0,0.0,0.0,2.741243853502857,0.5848284469726183,0.47143190176077243,boxes_cylinder_added_outliers_hard_mixed,added_outliers,0.75
2,0.5,0.4792156862745098,0.03088904821779578,0.0455143080455005,0.0,0.8657937806873978,0.575,0.6910516002612672,0.0,0.0,0.0,boxes_cylinder_added_outliers_medium_2,added_outliers,0.75
8,0.5201766401605794,0.3372093023255814,0.042048777671603255,0.06423593121921427,0.002048777671603254,0.671264367816092,0.5008576329331046,0.5736738703339882,0.015499871111989624,3.0154800196932678e-05,0.020176640160579407,boxes_cylinder_added_outliers_medium_3,added_outliers,0.75
14,0.8677517280274131,0.0,0.06287582517316165,0.13901577972332085,0.22287582517316165,0.0,0.0,0.0,2.953876977191437,0.6762646934053125,0.5304967769884431,boxes_cylinder_partial_overlap_hard_mixed,partial_overlap,0.75
26,0.8305227329517271,0.005333333333333333,0.08933060650448621,0.03862913263022623,0.24399727317115288,0.875,0.017114914425427872,0.03357314148681055,4.4443457618056375,0.896058512845823,0.33052273295172707,boxes_cylinder_partial_overlap_medium_2,partial_overlap,0.75
2,0.5,0.44666666666666666,0.03606104671052348,0.05336290580842016,0.0,0.8567164179104477,0.5786290322580645,0.690734055354994,0.0,0.0,0.0,boxes_cylinder_partial_overlap_medium_3,partial_overlap,0.75
2,0.508088180449801,0.27705031013094417,0.04539932010746352,0.06538882389528725,0.005399320107463516,0.7238805970149254,0.46485623003194887,0.566147859922179,0.010791440407330835,5.822761895110106e-05,0.008088180449800975,boxes_cylinder_scene_change_hard_mixed,scene_change,0.75
16,0.6649373473084002,0.11781206171107994,0.06070245414004362,0.05486267522427654,0.1028903924289637,0.7440476190476191,0.2349624060150376,0.35714285714285715,1.0457728876425114,0.0888729971474096,0.16493734730840015,boxes_cylinder_scene_change_medium_2,scene_change,0.75
2,0.5,0.46787709497206703,0.024113540462280005,0.04116364609149197,0.0,0.9164179104477612,0.5551537070524413,0.6914414414414415,0.0,0.0,0.0,boxes_cylinder_scene_change_medium_3,scene_change,0.75
5,0.5450238868878077,0.3373333333333333,0.04771493349683512,0.0667752297967211,0.007714933496835122,0.6521739130434783,0.5061349693251533,0.5699481865284974,0.037730858088706964,0.0002853534155954919,0.045023886887807674,boxes_cylinder_static_noise_hard_mixed,static_noise,0.75
2,0.5140734556789575,0.37133333333333335,0.049423555102656294,0.07584429895640814,0.009423555102656293,0.5601436265709157,0.5810055865921788,0.5703839122486289,0.018805858888627965,0.00017683101510505782,0.014073455678957458,boxes_cylinder_static_noise_medium_2,static_noise,0.75
5,0.5556832621821993,0.32666666666666666,0.04921579166999564,0.07350531939972171,0.009215791669995636,0.5857142857142857,0.5324675324675324,0.5578231292517006,0.04633796645812855,0.0004296268298138915,0.05568326218219932,boxes_cylinder_static_noise_medium_3,static_noise,0.75
23,0.7559998748465563,0.011333333333333334,0.08766655855337928,0.09169535829236852,0.23633322522004596,0.23529411764705882,0.020202020202020204,0.037209302325581395,4.490333141784418,0.9079733448109536,0.2559998748465563,boxes_cylinder_strong_noise_hard_mixed,strong_noise,0.75
50,0.5152419095037812,0.154,0.051889626723178935,0.08207605196260802,0.05788962672317895,0.4588744588744589,0.24311926605504589,0.3178410794602699,2.898884233059034,0.16862081753738062,0.037633677348034356,boxes_cylinder_strong_noise_medium_2,strong_noise,0.75
11,0.5901392094133769,0.05333333333333334,0.07661947467930184,0.08651918636326418,0.18328614134596852,0.5125,0.18222222222222223,0.26885245901639343,1.8183789476215535,0.30672428979362576,0.09013920941337694,boxes_cylinder_strong_noise_medium_3,strong_noise,0.75
11,0.745701567589798,0.01867704280155642,0.08996016500445288,0.09165203131084605,0.23128312220289649,0.2916666666666667,0.051470588235294115,0.08750000000000001,1.9213487587024507,0.37428281862161344,0.245701567589798,l_shape_added_outliers_hard_mixed,added_outliers,0.75
3,0.5091093499265293,0.3432601880877743,0.04296918718236217,0.058133095610292874,0.002969187182362172,0.726027397260274,0.49074074074074076,0.5856353591160222,0.009042087133381761,2.726500183511578e-05,0.009109349926529342,l_shape_added_outliers_medium_2,added_outliers,0.75
21,0.759207950394491,0.027152831652443754,0.08289764988813111,0.06264331619087289,0.21574481823568736,0.7428571428571429,0.07926829268292683,0.14325068870523416,3.576292554495578,0.6728917567711955,0.2601503769907648,l_shape_added_outliers_medium_3,added_outliers,0.75
23,0.8177465426394448,0.002,0.09551249199649516,0.04527070590262037,0.25351249199649517,1.0,0.01098901098901099,0.02173913043478261,4.375343520422791,0.9095783249597622,0.3177465426394448,l_shape_partial_overlap_hard_mixed,partial_overlap,0.75
50,0.8172031126693986,0.005333333333333333,0.08891818902858006,0.04833213312824118,0.24358485569524674,1.0,0.021917808219178082,0.04289544235924933,11.00088693080818,2.5480178722735602,0.42652381719714083,l_shape_partial_overlap_medium_2,partial_overlap,0.75
24,0.7106877706122862,0.10133333333333333,0.06474651249290285,0.039512720618906795,0.12341317915956954,0.9276315789473685,0.1688622754491018,0.2857142857142857,2.126371692901094,0.23577977545537293,0.21529256360139348,l_shape_partial_overlap_medium_3,partial_overlap,0.75
12,0.5756150951067562,0.13733333333333334,0.05534925460351584,0.07947774389636224,0.07801592127018252,0.5728155339805825,0.30412371134020616,0.3973063973063973,0.7300926513413535,0.0502462052477151,0.07751956748566124,l_shape_scene_change_hard_mixed,scene_change,0.75
2,0.5,0.4495476687543493,0.02136028048409517,0.037699597571327126,0.0,0.9860681114551083,0.4953343701399689,0.6594202898550724,0.0,0.0,0.0,l_shape_scene_change_medium_2,scene_change,0.75
2,0.5,0.49230769230769234,0.01383705594672286,0.024860792640249478,0.0,0.9972826086956522,0.5620214395099541,0.7189030362389816,0.0,0.0,0.0,l_shape_scene_change_medium_3,scene_change,0.75
15,0.6793991335387592,0.10733333333333334,0.06364889783614537,0.05464262825924471,0.11631556450281205,0.7204968944099379,0.21481481481481482,0.3309557774607704,0.9975816535286515,0.09398920632722561,0.17939913353875925,l_shape_static_noise_hard_mixed,static_noise,0.75
5,0.5717471098095703,0.254,0.05226473950974945,0.06850390284725508,0.012264739509749448,0.7086614173228346,0.3543307086614173,0.47244094488188976,0.060096146049462985,0.0007225605425412656,0.07174710980957033,l_shape_static_noise_medium_2,static_noise,0.75
50,0.8746573594963405,0.0,0.05630517891776187,0.1063467311574568,0.21630517891776188,0.0,0.0,0.0,10.723576751915322,2.4617314470859424,1.0822486022233417,l_shape_static_noise_medium_3,static_noise,0.75
8,0.5485744426640652,0.098,0.0657032597365413,0.066424991615733,0.1277032597365413,0.6666666666666666,0.17883211678832117,0.2820143884892086,0.9309195548459185,0.11031596112001785,0.04857444266406519,l_shape_strong_noise_hard_mixed,strong_noise,0.75
7,0.5325746991379389,0.11,0.06263512739125898,0.07183229138871773,0.112635127391259,0.6181818181818182,0.19653179190751446,0.2982456140350877,0.7135182601498851,0.0739603338111544,0.03257469913793887,l_shape_strong_noise_medium_2,strong_noise,0.75
16,0.5453433260136433,0.10133333333333333,0.06442639217549162,0.0726539547078986,0.12309305884215829,0.618421052631579,0.17407407407407408,0.2716763005780347,1.8091552761845873,0.20899647219119644,0.04822661990774413,l_shape_strong_noise_medium_3,strong_noise,0.75
10,0.3278018336314922,0.1255,0.058667860495644215,0.15162235711109515,0.09316786049564423,0.2948207171314741,0.30578512396694213,0.30020283975659223,1.2214940829166392,0.1615014095607551,0.17562229164255627,real_20260626_143302_palletizer_005_part_2_refined_from_voxel005_easy,real_previous_registration,0.75
5,0.3481707317073171,0.21359940872135993,0.026452297326350814,0.13338638316693302,0.0,0.15916955017301038,0.17829457364341086,0.16819012797074956,0.40487804878048783,0.06294860344289797,0.1518292682926829,real_20260626_144015_pallet_rack_05_part1_refined_from_voxel005_easy,real_previous_registration,0.75
50,0.34572331788889205,0.12564671101256467,0.05802506596465912,0.10994344891935733,0.09237835495209445,0.3941176470588235,0.15090090090090091,0.21824104234527686,5.336349110854372,0.6537120771571414,0.18998105409616245,real_20260626_161831_pallet_rack_cluster021_part1_ransac_icp_voxel005_easy,real_previous_registration,0.75
7,0.3237250554323725,0.2017738359201774,0.029339040784252236,0.12118190484926415,0.0,0.2673992673992674,0.20110192837465565,0.229559748427673,0.4700665188470067,0.07757986549831232,0.1762749445676275,real_20260626_161831_pallet_rack_cluster021_part1_ransac_icp_voxel005_hard,real_previous_registration,0.75
3,0.6475728139071435,0.0,0.1191944288853074,0.21191185106026034,0.27919442888530743,0.0,0.0,0.0,0.8738698556017576,0.25542731823371945,0.1475728139071435,real_20260626_161911_pallet_rack_cluster021_part1_refined_from_voxel005_easy,real_previous_registration,0.75
2,0.594725013881703,0.0,0.15315000925446864,0.1708294156247957,0.3131500092544687,0.0,0.0,0.0,0.6263000185089374,0.19612585659214762,0.09472501388170296,real_20260626_161911_pallet_rack_cluster021_part1_refined_from_voxel005_medium,real_previous_registration,0.75
2,0.5434696806179944,0.0,0.11897978707866294,0.18963641773073536,0.27897978707866294,0.0,0.0,0.0,0.5579595741573259,0.15565944319691222,0.04346968061799439,real_20260626_163327_pallet_rack_cluster022_part1_ransac_icp_voxel005_easy,real_previous_registration,0.75
2,0.8159137324857415,0.0,0.30060915499049434,0.32615352305957535,0.4606091549904944,0.0,0.0,0.0,0.9212183099809887,0.42432158732211456,0.3159137324857415,real_20260626_163327_pallet_rack_cluster022_part1_ransac_icp_voxel005_hard,real_previous_registration,0.75
4,0.46048359320494214,0.0015360983102918587,0.09260203341900615,0.1814653951796905,0.2510659351087143,0.5,0.004132231404958678,0.00819672131147541,0.9660811109166174,0.2358368213292965,0.10990755633858273,real_20260626_163327_pallet_rack_cluster022_part1_ransac_icp_voxel005_medium,real_previous_registration,0.75
2,0.5023137915223994,0.0,0.09154252768159964,0.15262279010991983,0.2515425276815996,0.0,0.0,0.0,0.5030850553631993,0.12654728646489663,0.002313791522399411,real_20260703_131528_rm00_0260_02_cluster022_part1_ransac_icp_voxel005_easy,real_previous_registration,0.75
2,0.5359547645729974,0.0,0.11396984304866493,0.19849881410323333,0.27396984304866495,0.0,0.0,0.0,0.5479396860973299,0.15011894980022022,0.0359547645729974,real_20260703_131528_rm00_0260_02_cluster022_part1_ransac_icp_voxel005_hard,real_previous_registration,0.75
2,0.4741879420186705,0.0,0.07279196134578034,0.1478134199839435,0.23279196134578034,0.0,0.0,0.0,0.4655839226915607,0.10838419453443057,0.025812057981329517,real_20260703_131528_rm00_0260_02_cluster022_part1_ransac_icp_voxel005_medium,real_previous_registration,0.75
7,0.33300359511200645,0.2018140589569161,0.026708231645407296,0.07057024979875401,0.0,0.9213483146067416,0.27424749163879597,0.422680412371134,0.5816962742923583,0.10928827135359019,0.16699640488799355,real_20260703_135250_rm00_0260_02_cluster029_full_refined_from_voxel005_easy,real_previous_registration,0.75
12,0.34034649823434315,0.20068027210884354,0.039452553950357634,0.09700654216355242,0.0,0.4915254237288136,0.30526315789473685,0.37662337662337664,1.2285983457616712,0.20596651781322836,0.15965350176565685,real_20260703_135250_rm00_0260_02_cluster029_full_refined_from_voxel005_medium,real_previous_registration,0.75
2,0.4994241422201227,0.0,0.08961609481341516,0.1288646217265496,0.24961609481341518,0.0,0.0,0.0,0.49923218962683036,0.12461638957979976,0.0005758577798772868,real_20260706_130424_table_cluster004_table1_refined_from_identity_scale1_hard,real_previous_registration,0.75
2,0.5814482715019591,0.0,0.14429884766797277,0.2103770941401623,0.30429884766797277,0.0,0.0,0.0,0.6085976953359455,0.1851955773841122,0.0814482715019591,real_20260706_130424_table_cluster004_table1_refined_from_identity_scale1_medium,real_previous_registration,0.75
5,0.8098232478539596,0.0,0.12220895029570031,0.11120523474800566,0.2822089502957003,0.0,0.0,0.0,1.3649482583888164,0.37714852978996827,0.30982324785395965,real_20260706_145031_table2_cluster004_table2_refined_from_identity_easy,real_previous_registration,0.75
7,0.6370533235959099,0.006666666666666667,0.10042094353284904,0.13196252999318753,0.2537542768661824,0.14285714285714285,0.005813953488372093,0.011173184357541898,1.6665517306920274,0.3986796428401793,0.13705332359590994,real_20260706_145031_table2_cluster004_table2_refined_from_identity_hard,real_previous_registration,0.75
3,0.7524799904545947,0.0009523809523809524,0.1528297705662519,0.0490975174580626,0.31187738961387096,1.0,0.0036363636363636364,0.007246376811594203,0.9647211927740769,0.3107931074713749,0.2524799904545947,real_20260706_145031_table2_cluster004_table2_refined_from_identity_medium,real_previous_registration,0.75
2,0.497473835865581,0.04104104104104104,0.07805563031679374,0.32248457563849,0.19701458927575272,0.0,0.0,0.0,0.39402917855150543,0.07762949677498708,0.0025261641344189734,real_20260706_150131_table3_cluster004_table3_refined_from_identity_easy,real_previous_registration,0.75
3,0.95,0.0,0.2357627728787333,0.20488803457485313,0.3957627728787333,0.0,0.0,0.0,1.2121108890111587,0.4901483757531537,0.44999999999999996,real_20260706_150131_table3_cluster004_table3_refined_from_identity_medium,real_previous_registration,0.75
8,0.31414646443197913,0.18951392681594756,0.04256741204110646,0.22513307107704367,0.013053485225158909,0.043227665706051875,0.09615384615384616,0.05964214711729623,0.8363111500257975,0.1479001668405608,0.18585353556802087,real_20260706_153654_table_fanuc_cluster000_table1_refined_from_identity_easy,real_previous_registration,0.75
14,0.35434791360452245,0.1478537360890302,0.05294286783660633,0.1348301253733527,0.06508913174757613,0.17921146953405018,0.16666666666666666,0.17271157167530224,1.4327466173408405,0.1866252215406375,0.14699296730940692,real_20260706_153654_table_fanuc_cluster000_table1_refined_from_identity_hard,real_previous_registration,0.75
12,0.33902391746279037,0.16533758639021798,0.04838174463098154,0.15816394135543188,0.043044158240763575,0.13504823151125403,0.13680781758957655,0.13592233009708737,1.209118582748121,0.17715682850860603,0.16097608253720963,real_20260706_153654_table_fanuc_cluster000_table1_refined_from_identity_medium,real_previous_registration,0.75
4,0.5057428013812386,0.046223224351747465,0.07869356881063798,0.10693306807833111,0.19247034445889052,0.5365853658536586,0.24175824175824176,0.3333333333333333,0.7588693409452931,0.14401746373834823,0.005742801381238616,real_20260707_154904_ur10_choko_base_cluster016_base_refined_from_center_v2_medium,real_previous_registration,0.75
50,0.8067825417842653,0.006901840490797546,0.10095875022471557,0.05285453727774467,0.25405690973391803,0.8888888888888888,0.0321285140562249,0.06201550387596899,10.964330137999095,2.581653293419703,1.1711145778995904,wall_column_added_outliers_hard_mixed,added_outliers,0.75
2,0.5,0.4175217048145225,0.032277223847897656,0.04763975323660903,0.0,0.8695652173913043,0.5010893246187363,0.635798203178991,0.0,0.0,0.0,wall_column_added_outliers_medium_2,added_outliers,0.75
2,0.5012983390307388,0.35742340926944227,0.04082680692723066,0.05773630357488089,0.0008268069272306597,0.7252747252747253,0.5116279069767442,0.6,0.0016923662810565399,1.4328026899120806e-06,0.0012983390307388376,wall_column_added_outliers_medium_3,added_outliers,0.75
2,0.5,0.32866666666666666,0.03556046173064999,0.06173514579670594,0.0,0.6835699797160243,0.4469496021220159,0.5404971932638332,0.0,0.0,0.0,wall_column_partial_overlap_hard_mixed,partial_overlap,0.75
18,0.6607330612055985,0.10466666666666667,0.06408618344770936,0.06673598491732045,0.1194195167810427,0.6305732484076433,0.18714555765595464,0.2886297376093295,1.372408224251442,0.1380965109970263,0.1607330612055985,wall_column_partial_overlap_medium_2,partial_overlap,0.75
2,0.5,0.4633333333333333,0.03965708674582989,0.04349682766983897,0.0,0.8503597122302158,0.5300448430493273,0.6530386740331491,0.0,0.0,0.0,wall_column_partial_overlap_medium_3,partial_overlap,0.75
2,0.5,0.3890063424947146,0.03678082091493257,0.05117930785470453,0.0,0.7844202898550725,0.5280487804878049,0.631195335276968,0.0,0.0,0.0,wall_column_scene_change_hard_mixed,scene_change,0.75
2,0.5,0.42217484008528783,0.03657336400373009,0.057470557297802934,0.0,0.7373737373737373,0.5334957369062119,0.6190812720848056,0.0,0.0,0.0,wall_column_scene_change_medium_2,scene_change,0.75
2,0.5406104067188101,0.26335040234089246,0.06708876632195365,0.06591333981020005,0.02708876632195365,0.6722222222222223,0.4820717131474104,0.5614849187935035,0.054162370801160375,0.0014667813203419326,0.04061040671881011,wall_column_scene_change_medium_3,scene_change,0.75
50,0.8057610850677411,0.014666666666666666,0.09870123549164682,0.024051566393624112,0.24403456882498017,1.0,0.04573804573804574,0.08747514910536779,10.037875292203475,2.259185161068936,1.2749857507621474,wall_column_static_noise_hard_mixed,static_noise,0.75
2,0.51180123103114,0.31066666666666665,0.047781700251299804,0.08877257041128357,0.007781700251299803,0.4206008583690987,0.46335697399527187,0.4409448818897637,0.01564918760539312,0.00012245221606789768,0.011801231031139947,wall_column_static_noise_medium_2,static_noise,0.75
2,0.5,0.428,0.032147924561225935,0.05928296600916604,0.0,0.7118380062305296,0.5326340326340326,0.6093333333333334,0.0,0.0,0.0,wall_column_static_noise_medium_3,static_noise,0.75
15,0.714566030989415,0.027333333333333334,0.0826973351966663,0.06778381231790333,0.215364001863333,0.7073170731707317,0.0705596107055961,0.12831858407079644,2.3425746891896098,0.4154535824197017,0.21597402539941613,wall_column_strong_noise_hard_mixed,strong_noise,0.75
4,0.5161448228758093,0.2826666666666667,0.04341379659886253,0.061098876284612774,0.0034137965988625257,0.7735849056603774,0.34345549738219894,0.47570703408266857,0.014177011849402017,5.031967932002771e-05,0.016144822875809317,wall_column_strong_noise_medium_2,strong_noise,0.75
3,0.5213498183857596,0.22333333333333333,0.04707510122761231,0.07928557429662556,0.007075101227612311,0.5761194029850746,0.3316151202749141,0.420937840785169,0.02130831348478532,0.00015136393440556313,0.021349818385759556,wall_column_strong_noise_medium_3,strong_noise,0.75
28,0.9180559933326976,0.0,0.08666546174818042,0.14933293488880534,0.24666546174818044,0.0,0.0,0.0,5.477998291128284,1.1400498751798758,0.4447322993472541,box_sphere_added_outliers_hard_mixed,added_outliers,1.0
8,0.5633113725501108,0.16,0.04999968164163951,0.07051037207283208,0.049999681641639517,0.6538461538461539,0.24548736462093862,0.3569553805774278,0.28550152176284893,0.012217945962747497,0.0633126459835528,box_sphere_added_outliers_medium_2,added_outliers,1.0
12,0.9226133240813703,0.0,0.0818367598629786,0.14352048397885955,0.24183675986297862,0.0,0.0,0.0,2.5781434219036634,0.5935537321271717,0.45526628462945595,box_sphere_added_outliers_medium_3,added_outliers,1.0
30,0.8757495768827094,0.0,0.05718970093390641,0.0965338840447397,0.2171897009339064,0.0,0.0,0.0,6.690897822708597,1.5844856012585593,1.8194027357908285,box_sphere_partial_overlap_hard_mixed,partial_overlap,1.0
10,0.6089422859632996,0.07533333333333334,0.07114585091696368,0.060830215352698835,0.15581251758363035,0.7699115044247787,0.13657770800627944,0.23199999999999998,1.32278366056528,0.1880218240084277,0.10902554896211147,box_sphere_partial_overlap_medium_2,partial_overlap,1.0
14,0.8770079874692669,0.0,0.07920612405746967,0.11295411495704372,0.2392061240574697,0.0,0.0,0.0,3.2760434511254375,0.7865116667235573,0.506534498779631,box_sphere_partial_overlap_medium_3,partial_overlap,1.0
8,0.5505001450262789,0.17,0.047939662610977,0.057277318298879165,0.037939662610977,0.788235294117647,0.23344947735191637,0.3602150537634409,0.20818973512411648,0.0067493143218446666,0.050500145026278864,box_sphere_scene_change_hard_mixed,scene_change,1.0
8,0.5841991471987207,0.08,0.0711283062620662,0.09694844614679929,0.15112830626206622,0.3,0.1722488038277512,0.2188449848024316,1.0757278798614265,0.14924157509516456,0.08419914719872068,box_sphere_scene_change_medium_2,scene_change,1.0
2,0.5095732736445824,0.21666666666666667,0.0447607405314905,0.06434514351271439,0.004760740531490497,0.7692307692307693,0.29655990510083036,0.4280821917808219,0.00954737735378168,4.5576542476690256e-05,0.00957327364458238,box_sphere_scene_change_medium_3,scene_change,1.0
13,0.8692081569646982,0.0,0.06238161355014618,0.11584505187314025,0.22238161355014618,0.0,0.0,0.0,2.776985692032495,0.638743956146438,0.5901552485635287,box_sphere_static_noise_hard_mixed,static_noise,1.0
3,0.5173288468961297,0.26066666666666666,0.04412608851307659,0.06664738510745224,0.004126088513076588,0.6265984654731458,0.3613569321533923,0.4583723105706268,0.01279051196114142,5.4623333958700404e-05,0.01732884689612968,box_sphere_static_noise_medium_2,static_noise,1.0
50,0.5929471515706368,0.09466666666666666,0.06647526761341364,0.08370489514281815,0.13180860094674698,0.4295774647887324,0.1506172839506173,0.22303473491773307,6.431615510065399,0.8403110857935884,0.11883285192313964,box_sphere_static_noise_medium_3,static_noise,1.0
7,0.47744763224733977,0.10533333333333333,0.06348022032736868,0.08810519819963938,0.11814688699403536,0.36075949367088606,0.1565934065934066,0.21839080459770113,0.916037369784372,0.12062387854182127,0.02255236775266023,box_sphere_strong_noise_hard_mixed,strong_noise,1.0
7,0.4409770118411789,0.19866666666666666,0.04036089037381135,0.06865249384975668,0.0016942237071447055,0.6711409395973155,0.2331002331002331,0.3460207612456747,0.16468272962773423,0.014182068722329301,0.06301341154998008,box_sphere_strong_noise_medium_2,strong_noise,1.0
6,0.4376005589359736,0.18933333333333333,0.042765801313308295,0.08642830890724126,0.01343246797997498,0.4225352112676056,0.21699819168173598,0.2867383512544803,0.21056608078129524,0.01619949947831721,0.06657123005862786,box_sphere_strong_noise_medium_3,strong_noise,1.0
13,0.8695821209098301,0.0,0.07447023214909675,0.12851447536421123,0.23447023214909676,0.0,0.0,0.0,1.8839581460192076,0.39233200082196473,0.43170119231344317,boxes_cylinder_added_outliers_hard_mixed,added_outliers,1.0
2,0.5,0.4792156862745098,0.03088904821779578,0.0455143080455005,0.0,0.8657937806873978,0.575,0.6910516002612672,0.0,0.0,0.0,boxes_cylinder_added_outliers_medium_2,added_outliers,1.0
2,0.5036318922433753,0.35968992248062015,0.041823063947583665,0.06468859432022685,0.001823063947583664,0.6637931034482759,0.5283018867924528,0.5883476599808978,0.003639010069271323,6.621222473851781e-06,0.0036318922433753453,boxes_cylinder_added_outliers_medium_3,added_outliers,1.0
10,0.8957516503463232,0.0,0.06287582517316165,0.13901577972332085,0.22287582517316165,0.0,0.0,0.0,2.10634142587258,0.4858295904273519,0.5042483496536767,boxes_cylinder_partial_overlap_hard_mixed,partial_overlap,1.0
19,0.8262971948008652,0.006,0.08840116085507405,0.03695616650386091,0.24240116085507404,0.8888888888888888,0.019559902200488997,0.03827751196172249,3.2097164249221737,0.6453702587689931,0.3266925513805691,boxes_cylinder_partial_overlap_medium_2,partial_overlap,1.0
2,0.5,0.44666666666666666,0.03606104671052348,0.05336290580842016,0.0,0.8567164179104477,0.5786290322580645,0.690734055354994,0.0,0.0,0.0,boxes_cylinder_partial_overlap_medium_3,partial_overlap,1.0
14,0.5714913080790975,0.17987594762232942,0.044800048740825604,0.06134029358613603,0.024924101118496196,0.7777777777777778,0.3242811501597444,0.45772266065388956,0.206603593889954,0.004334196557002273,0.07466289083037614,boxes_cylinder_scene_change_hard_mixed,scene_change,1.0
12,0.6650061034039763,0.11781206171107994,0.06070245414004362,0.05486267522427654,0.1028903924289637,0.7440476190476191,0.2349624060150376,0.35714285714285715,0.7811157442712044,0.06674897542618177,0.16500610340397626,boxes_cylinder_scene_change_medium_2,scene_change,1.0
2,0.5,0.46787709497206703,0.024113540462280005,0.04116364609149197,0.0,0.9164179104477612,0.5551537070524413,0.6914414414414415,0.0,0.0,0.0,boxes_cylinder_scene_change_medium_3,scene_change,1.0
5,0.5600341597571711,0.3253333333333333,0.04778852368162485,0.0664573681264314,0.007788523681624852,0.6536885245901639,0.4892638036809816,0.5596491228070175,0.03780560356021037,0.0002864297958536439,0.06003415975717108,boxes_cylinder_static_noise_hard_mixed,static_noise,1.0
11,0.6615443331372439,0.14333333333333334,0.05433189231115844,0.068054424695685,0.07099855897782512,0.6604651162790698,0.2644320297951583,0.3776595744680851,0.34177072554644716,0.0181843479024815,0.16154433313724392,boxes_cylinder_static_noise_medium_2,static_noise,1.0
4,0.5564907697233792,0.32466666666666666,0.049295793690373825,0.07361664890925677,0.009295793690373824,0.5831622176591376,0.5269016697588126,0.5536062378167642,0.037541178552063445,0.0003524184074347853,0.056490769723379186,boxes_cylinder_static_noise_medium_3,static_noise,1.0
19,0.764351931929237,0.009333333333333334,0.08827088445454719,0.08947974994583416,0.23893755112121387,0.2857142857142857,0.020202020202020204,0.03773584905660377,3.7636135170858327,0.7729296872413209,0.264351931929237,boxes_cylinder_strong_noise_hard_mixed,strong_noise,1.0
4,0.514696087057088,0.15466666666666667,0.051709788447048585,0.08229521309358581,0.05704312178038192,0.45689655172413796,0.24311926605504589,0.31736526946107785,0.20522449864225933,0.010757656712939611,0.014696087057088025,boxes_cylinder_strong_noise_medium_2,strong_noise,1.0
8,0.5900061955476827,0.054,0.07730347301966288,0.08675035187167847,0.1833034730196629,0.5061728395061729,0.18222222222222223,0.2679738562091503,1.317473237460171,0.22249383611464385,0.09000619554768274,boxes_cylinder_strong_noise_medium_3,strong_noise,1.0
50,0.7637746671697121,0.01556420233463035,0.08735391866862918,0.09305847807432993,0.23178971633399884,0.3,0.04411764705882353,0.07692307692307693,11.118540863148427,2.5280173303235896,0.36243226077447166,l_shape_added_outliers_hard_mixed,added_outliers,1.0
3,0.5122071576475421,0.3401253918495298,0.04291069784260016,0.05798214087326036,0.00291069784260016,0.728110599078341,0.4876543209876543,0.5841035120147875,0.009014276666371251,2.710425543869648e-05,0.0122071576475421,l_shape_added_outliers_medium_2,added_outliers,1.0
17,0.7588358779904909,0.027928626842513578,0.08319063422459888,0.06263800333414273,0.2152620073820853,0.75,0.08231707317073171,0.14835164835164835,2.9523215289995193,0.565335079645291,0.2600924467855228,l_shape_added_outliers_medium_3,added_outliers,1.0
31,0.8221297653614106,0.002,0.09551249199649516,0.04527070590262037,0.25351249199649517,1.0,0.01098901098901099,0.02173913043478261,6.635410708010532,1.5079277286644857,0.7988854131410732,l_shape_partial_overlap_hard_mixed,partial_overlap,1.0
50,0.8216632675570374,0.004,0.08671537126439353,0.04958857794956572,0.24271537126439355,1.0,0.01643835616438356,0.03234501347708895,11.304380338376244,2.660276639503905,0.4843353376867334,l_shape_partial_overlap_medium_2,partial_overlap,1.0
24,0.710725016814904,0.10133333333333333,0.06474651249290285,0.039512720618906795,0.12341317915956954,0.9276315789473685,0.1688622754491018,0.2857142857142857,2.326275687567022,0.2689245259866429,0.22046398307665283,l_shape_partial_overlap_medium_3,partial_overlap,1.0
39,0.5756190870692408,0.13733333333333334,0.05534925460351584,0.07947774389636224,0.07801592127018252,0.5728155339805825,0.30412371134020616,0.3973063973063973,2.8774921314714708,0.2186785825672991,0.10124585005863307,l_shape_scene_change_hard_mixed,scene_change,1.0
2,0.5,0.4495476687543493,0.02136028048409517,0.037699597571327126,0.0,0.9860681114551083,0.4953343701399689,0.6594202898550724,0.0,0.0,0.0,l_shape_scene_change_medium_2,scene_change,1.0
2,0.5,0.49230769230769234,0.01383705594672286,0.024860792640249478,0.0,0.9972826086956522,0.5620214395099541,0.7189030362389816,0.0,0.0,0.0,l_shape_scene_change_medium_3,scene_change,1.0
13,0.6801697585518353,0.10666666666666667,0.0635784964925661,0.05481735811577067,0.11691182982589943,0.71875,0.21296296296296297,0.3285714285714285,0.9353300424351505,0.09258388223352629,0.18016975855183526,l_shape_static_noise_hard_mixed,static_noise,1.0
2,0.5240273622371444,0.35,0.05193642179389311,0.07041459239625603,0.011936421793893107,0.6723809523809524,0.463254593175853,0.5485625485625486,0.02395010291246529,0.00028680669926046417,0.024027362237144412,l_shape_static_noise_medium_2,static_noise,1.0
50,0.8139139369760371,0.006666666666666667,0.10290207548929313,0.054797515441012176,0.2562354088226265,0.8,0.029304029304029304,0.05653710247349823,11.104859043977312,2.6044224070528563,1.661706780265563,l_shape_static_noise_medium_3,static_noise,1.0
6,0.5485643438860333,0.098,0.0657032597365413,0.066424991615733,0.1277032597365413,0.6666666666666666,0.17883211678832117,0.2820143884892086,0.6928187650128913,0.08177608116396183,0.04856434388603326,l_shape_strong_noise_hard_mixed,strong_noise,1.0
8,0.5324147924592818,0.11,0.06263512739125898,0.07183229138871773,0.112635127391259,0.6181818181818182,0.19653179190751446,0.2982456140350877,0.8405091902875665,0.08964046585837133,0.03464797286610144,l_shape_strong_noise_medium_2,strong_noise,1.0
12,0.5453254931160355,0.10133333333333333,0.06442639217549162,0.0726539547078986,0.12309305884215829,0.618421052631579,0.17407407407407408,0.2716763005780347,1.3532558054001762,0.15640770020212097,0.04820878701013587,l_shape_strong_noise_medium_3,strong_noise,1.0
9,0.3277700311444628,0.1255,0.058667860495644215,0.15162235711109515,0.09316786049564423,0.2948207171314741,0.30578512396694213,0.30020283975659223,1.0489278760678757,0.1324949494746189,0.17679546922093503,real_20260626_143302_palletizer_005_part_2_refined_from_voxel005_easy,real_previous_registration,1.0
4,0.33843311160384326,0.23503325942350334,0.027579015297207025,0.1331344354313477,0.0,0.16981132075471697,0.20930232558139536,0.18749999999999997,0.3231337767923134,0.053397486847273246,0.16156688839615674,real_20260626_144015_pallet_rack_05_part1_refined_from_voxel005_easy,real_previous_registration,1.0
11,0.3452141618760024,0.1271249076127125,0.05820877143589979,0.10940659579842217,0.0910838638231873,0.4011627906976744,0.1554054054054054,0.22402597402597402,1.594437434044263,0.2746714595583765,0.1623687320435836,real_20260626_161831_pallet_rack_cluster021_part1_ransac_icp_voxel005_easy,real_previous_registration,1.0
4,0.3181079083518108,0.21655580192165558,0.029097751141571798,0.12027754650990112,0.0,0.27986348122866894,0.22589531680440772,0.25,0.36378418329637846,0.06639917098626744,0.1818920916481892,real_20260626_161831_pallet_rack_cluster021_part1_ransac_icp_voxel005_hard,real_previous_registration,1.0
3,0.6967637518761914,0.0,0.1191944288853074,0.21191185106026034,0.27919442888530743,0.0,0.0,0.0,0.8738698556017576,0.25542731823371945,0.19676375187619144,real_20260626_161911_pallet_rack_cluster021_part1_refined_from_voxel005_easy,real_previous_registration,1.0
2,0.6263000185089372,0.0,0.15315000925446864,0.1708294156247957,0.3131500092544687,0.0,0.0,0.0,0.6263000185089374,0.19612585659214762,0.12630001850893724,real_20260626_161911_pallet_rack_cluster021_part1_refined_from_voxel005_medium,real_previous_registration,1.0
2,0.5579595741573259,0.0,0.11897978707866294,0.18963641773073536,0.27897978707866294,0.0,0.0,0.0,0.5579595741573259,0.15565944319691222,0.05795957415732589,real_20260626_163327_pallet_rack_cluster022_part1_ransac_icp_voxel005_easy,real_previous_registration,1.0
2,0.9212183099809887,0.0,0.30060915499049434,0.32615352305957535,0.4606091549904944,0.0,0.0,0.0,0.9212183099809887,0.42432158732211456,0.42121830998098875,real_20260626_163327_pallet_rack_cluster022_part1_ransac_icp_voxel005_hard,real_previous_registration,1.0
36,0.46014358805185324,0.0015360983102918587,0.09260203341900615,0.1814653951796905,0.2510659351087143,0.5,0.004132231404958678,0.00819672131147541,8.301414226830493,1.9472854691373631,3.347086752414373,real_20260626_163327_pallet_rack_cluster022_part1_ransac_icp_voxel005_medium,real_previous_registration,1.0
2,0.5030850553631993,0.0,0.09154252768159964,0.15262279010991983,0.2515425276815996,0.0,0.0,0.0,0.5030850553631993,0.12654728646489663,0.0030850553631992517,real_20260703_131528_rm00_0260_02_cluster022_part1_ransac_icp_voxel005_easy,real_previous_registration,1.0
2,0.5479396860973299,0.0,0.11396984304866493,0.19849881410323333,0.27396984304866495,0.0,0.0,0.0,0.5479396860973299,0.15011894980022022,0.0479396860973299,real_20260703_131528_rm00_0260_02_cluster022_part1_ransac_icp_voxel005_hard,real_previous_registration,1.0
2,0.4655839226915607,0.0,0.07279196134578034,0.1478134199839435,0.23279196134578034,0.0,0.0,0.0,0.4655839226915607,0.10838419453443057,0.03441607730843932,real_20260703_131528_rm00_0260_02_cluster022_part1_ransac_icp_voxel005_medium,real_previous_registration,1.0
5,0.31871828706384564,0.24263038548752835,0.02620691064161568,0.07166288163675874,0.0,0.9065420560747663,0.32441471571906355,0.47783251231527096,0.5006289848017641,0.09137301085703453,0.18128171293615436,real_20260703_135250_rm00_0260_02_cluster029_full_refined_from_voxel005_easy,real_previous_registration,1.0
7,0.3405591678710279,0.20068027210884354,0.039452553950357634,0.09700654216355242,0.0,0.4915254237288136,0.30526315789473685,0.37662337662337664,0.46591450457043465,0.06849425327863827,0.1594408321289721,real_20260703_135250_rm00_0260_02_cluster029_full_refined_from_voxel005_medium,real_previous_registration,1.0
2,0.4992321896268303,0.0,0.08961609481341516,0.1288646217265496,0.24961609481341518,0.0,0.0,0.0,0.49923218962683036,0.12461638957979976,0.0007678103731696972,real_20260706_130424_table_cluster004_table1_refined_from_identity_scale1_hard,real_previous_registration,1.0
2,0.6085976953359455,0.0,0.14429884766797277,0.2103770941401623,0.30429884766797277,0.0,0.0,0.0,0.6085976953359455,0.1851955773841122,0.10859769533594554,real_20260706_130424_table_cluster004_table1_refined_from_identity_scale1_medium,real_previous_registration,1.0
4,0.8095375494384313,0.0,0.12220895029570031,0.11120523474800566,0.2822089502957003,0.0,0.0,0.0,1.073882486919678,0.2922418991628425,0.30953754943843126,real_20260706_145031_table2_cluster004_table2_refined_from_identity_easy,real_previous_registration,1.0
10,0.7430588997033887,0.0009523809523809524,0.0955891134476615,0.1072620680313521,0.25463673249528057,0.0,0.0,0.0,2.463070944251737,0.6095083842586315,0.24305889970338868,real_20260706_145031_table2_cluster004_table2_refined_from_identity_hard,real_previous_registration,1.0
4,0.9156127126410438,0.0,0.12948636268412547,0.14934632102975784,0.2894863626841255,0.0,0.0,0.0,1.231816528528457,0.3811303096791827,0.4156127126410438,real_20260706_145031_table2_cluster004_table2_refined_from_identity_medium,real_previous_registration,1.0
2,0.496631781154108,0.04104104104104104,0.07805563031679374,0.32248457563849,0.19701458927575272,0.0,0.0,0.0,0.39402917855150543,0.07762949677498708,0.0033682188458920015,real_20260706_150131_table3_cluster004_table3_refined_from_identity_easy,real_previous_registration,1.0
3,0.95,0.0,0.2357627728787333,0.20488803457485313,0.3957627728787333,0.0,0.0,0.0,1.2121108890111587,0.4901483757531537,0.44999999999999996,real_20260706_150131_table3_cluster004_table3_refined_from_identity_medium,real_previous_registration,1.0
6,0.3143451541269492,0.18951392681594756,0.04256741204110646,0.22513307107704367,0.013053485225158909,0.043227665706051875,0.09615384615384616,0.05964214711729623,0.5810671327419377,0.10022657933793161,0.1856548458730508,real_20260706_153654_table_fanuc_cluster000_table1_refined_from_identity_easy,real_previous_registration,1.0
7,0.35431101451079755,0.1483836777954425,0.05304972954978229,0.13489438259121428,0.06466605175433979,0.17857142857142858,0.16666666666666666,0.17241379310344826,0.8486048128518161,0.1277041063763514,0.14627158148377412,real_20260706_153654_table_fanuc_cluster000_table1_refined_from_identity_hard,real_previous_registration,1.0
10,0.3388430005795184,0.16640085061137694,0.04840110097493969,0.15777121411484202,0.04200025036356276,0.13738019169329074,0.14006514657980457,0.13870967741935486,0.9029422184895796,0.12514132027420294,0.1680981687324073,real_20260706_153654_table_fanuc_cluster000_table1_refined_from_identity_medium,real_previous_registration,1.0
3,0.5067925856924997,0.046223224351747465,0.07869356881063798,0.10693306807833111,0.19247034445889052,0.5365853658536586,0.24175824175824176,0.3333333333333333,0.569034619266809,0.10798024218360067,0.006792585692499742,real_20260707_154904_ur10_choko_base_cluster016_base_refined_from_center_v2_medium,real_previous_registration,1.0
50,0.8602840313457796,0.0,0.06118893212948919,0.12980079745391537,0.2211889321294892,0.0,0.0,0.0,11.277097818968024,2.6943115862769162,1.7432152891302979,wall_column_added_outliers_hard_mixed,added_outliers,1.0
2,0.5,0.4175217048145225,0.032277223847897656,0.04763975323660903,0.0,0.8695652173913043,0.5010893246187363,0.635798203178991,0.0,0.0,0.0,wall_column_added_outliers_medium_2,added_outliers,1.0
2,0.5017311187076517,0.3566378633150039,0.04081330782945736,0.05770260491382238,0.0008133078294573562,0.724669603524229,0.5100775193798449,0.5987261146496814,0.0016788671832832364,1.4106626204521113e-06,0.0017311187076517465,wall_column_added_outliers_medium_3,added_outliers,1.0
2,0.5,0.32866666666666666,0.03556046173064999,0.06173514579670594,0.0,0.6835699797160243,0.4469496021220159,0.5404971932638332,0.0,0.0,0.0,wall_column_partial_overlap_hard_mixed,partial_overlap,1.0
14,0.6606106530940864,0.10466666666666667,0.06408618344770936,0.06673598491732045,0.1194195167810427,0.6305732484076433,0.18714555765595464,0.2886297376093295,1.0855581766614193,0.11072223346301555,0.1606106530940864,wall_column_partial_overlap_medium_2,partial_overlap,1.0
2,0.5,0.4633333333333333,0.03965708674582989,0.04349682766983897,0.0,0.8503597122302158,0.5300448430493273,0.6530386740331491,0.0,0.0,0.0,wall_column_partial_overlap_medium_3,partial_overlap,1.0
2,0.5,0.3890063424947146,0.03678082091493257,0.05117930785470453,0.0,0.7844202898550725,0.5280487804878049,0.631195335276968,0.0,0.0,0.0,wall_column_scene_change_hard_mixed,scene_change,1.0
2,0.5,0.42217484008528783,0.03657336400373009,0.057470557297802934,0.0,0.7373737373737373,0.5334957369062119,0.6190812720848056,0.0,0.0,0.0,wall_column_scene_change_medium_2,scene_change,1.0
14,0.8524095738186757,0.002926115581565472,0.08849554519790154,0.019384546332575723,0.24556942961633607,1.0,0.00796812749003984,0.015810276679841896,2.405497698603216,0.505121199319386,0.3639011954308058,wall_column_scene_change_medium_3,scene_change,1.0
50,0.8176811458902113,0.008666666666666666,0.10332915780461896,0.028234803198325664,0.2546624911379523,1.0,0.02702702702702703,0.052631578947368425,10.496836397416393,2.409132343905049,1.7945949221864508,wall_column_static_noise_hard_mixed,static_noise,1.0
6,0.5788386798428172,0.218,0.04785540807914213,0.0833471564841174,0.007855408079142132,0.46788990825688076,0.3617021276595745,0.40800000000000003,0.04727474800055074,0.00037254529006155047,0.07883867984281723,wall_column_static_noise_medium_2,static_noise,1.0
2,0.5,0.428,0.032147924561225935,0.05928296600916604,0.0,0.7118380062305296,0.5326340326340326,0.6093333333333334,0.0,0.0,0.0,wall_column_static_noise_medium_3,static_noise,1.0
13,0.7143880888530705,0.027333333333333334,0.0826973351966663,0.06778381231790333,0.215364001863333,0.7073170731707317,0.0705596107055961,0.12831858407079644,2.1350580462898687,0.39576416565275147,0.2181427406130736,wall_column_strong_noise_hard_mixed,strong_noise,1.0
2,0.50705627323774,0.2986666666666667,0.043572083805908,0.061263148684491085,0.003572083805907997,0.7700892857142857,0.3612565445026178,0.49180327868852464,0.007100220424778009,2.520753071784168e-05,0.007056273237740052,wall_column_strong_noise_medium_2,strong_noise,1.0
9,0.5595984616467493,0.17866666666666667,0.045679881801022,0.07868618815285897,0.02701321513435534,0.5671641791044776,0.2611683848797251,0.35764705882352943,0.15681244595773003,0.0034430336479715894,0.05959846164674931,wall_column_strong_noise_medium_3,strong_noise,1.0
