scenario,seed,method,lambda_gain,final_rmse_all,final_rmse_inlier,final_fitness,final_rotation_error_deg,final_translation_error,final_alignment_error,iae_alignment,ise_alignment,mean_alignment_error,tv_translation_update,tv_rotation_update,mean_selected_correspondences,mean_predicted_weight
added_outliers,0,distance_weighted_icp,0.01,0.08688676862018826,0.035196721851108684,0.2927777777777778,11.433776135958773,0.14902174182630862,0.3502462718060846,10.963829037568352,3.877723867523353,0.3536719044376888,0.0001578241353314024,0.009666698315410862,1800.0,0.4727040301082473
added_outliers,0,distance_weighted_icp,0.03,0.08336052651461959,0.0350290976557712,0.3055555555555556,11.251670277566484,0.14025471879409399,0.3361319480843784,10.748386887090968,3.7279080334317203,0.3467221576480957,0.0005165091466247122,0.033036435132209496,1800.0,0.48421147255444386
added_outliers,0,distance_weighted_icp,0.05,0.0798367367339963,0.03521549694347086,0.32722222222222225,11.00346759042032,0.1317071016751602,0.3215785143133597,10.526472879194316,3.577902447866257,0.33956364126433275,0.0009454190581218039,0.059454144411333905,1800.0,0.4940606497876686
added_outliers,0,distance_weighted_icp,0.1,0.07006024044529817,0.03510881669459743,0.3938888888888889,10.03207057882444,0.10859825752161266,0.2789792037551552,9.934585238001079,3.200033188679054,0.3204704915484219,0.0022659910372623635,0.1419980503794465,1800.0,0.5248397124089197
added_outliers,0,distance_weighted_icp,0.2,0.04818440382515681,0.03432309542231235,0.6894444444444444,7.16446265506984,0.05958556408102607,0.17941459445688127,8.522594469157331,2.433031024696576,0.27492240223088166,0.00491714093790482,0.3139949657832548,1800.0,0.5935956037639869
added_outliers,0,distance_weighted_icp,0.4,0.018717450152983487,0.01868263323622383,0.9994444444444445,1.1820600401055024,0.0072794178706506955,0.03781746842468921,5.885453006085713,1.434154855898756,0.1898533227769585,0.012874823055885911,0.7316768045703395,1800.0,0.6999171041436479
added_outliers,0,distance_weighted_icp,0.75,0.015685581250301173,0.015685581250301173,1.0,0.0636634747804091,0.0004893337062512225,0.016811549704356485,3.505381940234999,0.8093661083628747,0.11307683678177416,0.02767120375053519,1.9360156310627983,1800.0,0.7776085035786956
added_outliers,0,distance_weighted_icp,1.0,0.01568558125634933,0.01568558125634933,1.0,0.06366760927234888,0.0004893738932905308,0.01681163124236335,2.8083821377090157,0.6289766850540124,0.09059297218416179,0.03507571937434793,2.7094854329049425,1800.0,0.7999724530272508
added_outliers,0,mlp_weighted_icp,0.01,0.0858918513185947,0.03509231124643518,0.295,11.329705795665529,0.14493883483425865,0.34412774410950864,10.867976879994451,3.810554836234311,0.3505798993546597,0.0003054244763284317,0.011779056313857072,1800.0,0.4768973749913098
added_outliers,0,mlp_weighted_icp,0.03,0.08030913981370674,0.0352670352925702,0.3238888888888889,10.823311009392556,0.12897570500036273,0.31751795490799506,10.460254108726994,3.5339036873153398,0.3374275518944192,0.0009492214810157499,0.04212337684022504,1800.0,0.49626919003253206
added_outliers,0,mlp_weighted_icp,0.05,0.07464881667092758,0.035360502783628005,0.35833333333333334,10.168974506585942,0.11404473869659001,0.290383300433377,10.047605783642696,3.2687927069733163,0.3241163156013773,0.0016408961529440548,0.08124945109086487,1800.0,0.5171439696712576
added_outliers,0,mlp_weighted_icp,0.1,0.05944193945969289,0.03505321965243827,0.5016666666666667,8.320803910443596,0.08001435656204264,0.2226643351261715,8.986994357607877,2.656538688098278,0.2899030437938025,0.0038590730370768648,0.18595793400669292,1800.0,0.5700251647751152
added_outliers,0,mlp_weighted_icp,0.2,0.03576165746024478,0.030564278434784434,0.8816666666666667,4.663776844338847,0.03226707376984999,0.11466649967348325,7.044617632028877,1.7726285190442501,0.22724573006544765,0.00883211933714702,0.4250556569766428,1800.0,0.6530520270403946
added_outliers,0,mlp_weighted_icp,0.4,0.015741844719492745,0.015741844719492745,1.0,0.10997885219069152,0.0007530254283301907,0.01759465866972985,4.349649807023529,0.9671596815252469,0.1403112840975332,0.021942096090649288,1.2394686372450996,1800.0,0.7528840179657709
added_outliers,0,mlp_weighted_icp,0.75,0.015685604839488713,0.015685604839488713,1.0,0.07303628292784209,0.0005149780423107031,0.01693094571107784,2.6325712993127377,0.5515480449211775,0.08492165481653993,0.041341277423105706,2.3001077814595483,1800.0,0.80705294108605
added_outliers,0,mlp_weighted_icp,1.0,0.015685604840378006,0.015685604840378006,1.0,0.07303634186859703,0.000514978478915357,0.016930946737979333,2.138237993868338,0.431038224158326,0.06897541915704317,0.055069495847538084,3.0769186076120154,1800.0,0.8225157435333906
added_outliers,0,unweighted_icp,0.01,0.08606564870046074,0.03507562832873837,0.2927777777777778,11.230870429240124,0.14742990921537633,0.3458042622082383,10.894545446271517,3.829093823439821,0.35143694987972635,0.00021845335243393953,0.01697169040413742,1800.0,0.4750907971831684
added_outliers,0,unweighted_icp,0.03,0.08086414296774723,0.03530067084588327,0.3161111111111111,10.654046298558034,0.13585551921162994,0.3232601251649575,10.543639597971058,3.589252174583416,0.34011740638616317,0.0007268291772967119,0.059565375384502475,1800.0,0.49083875542335403
added_outliers,0,unweighted_icp,0.05,0.0759640782558253,0.035502878338916535,0.3433333333333333,10.051448100713548,0.12483493513522996,0.3013134943981908,10.199197159066072,3.364179874866994,0.3290063599698733,0.0012469925632816593,0.10281720559227661,1800.0,0.5060355229082689
added_outliers,0,unweighted_icp,0.1,0.062224167924201504,0.03527487529376353,0.4461111111111111,8.389481916755003,0.09400429094890118,0.2401232780406527,9.29829573640595,2.8264458875454066,0.2999450237550307,0.0029551241154003463,0.21697710002837223,1800.0,0.5510438587806769
added_outliers,0,unweighted_icp,0.2,0.03884416155978969,0.03233679547981817,0.8411111111111111,5.050996609619168,0.04213550117689533,0.1314896288328767,7.478257090327405,1.9529136600910737,0.24123409968798082,0.007081098862898694,0.430633465419627,1800.0,0.633768493665454
added_outliers,0,unweighted_icp,0.4,0.015858607683210596,0.015858607683210596,1.0,0.2143455760860571,0.0015397695815641968,0.019541833025635363,4.747258068161542,1.083167277715883,0.15313735703746909,0.01809834260417297,1.2033095915069714,1800.0,0.7390781665668135
added_outliers,0,unweighted_icp,0.75,0.015685579524242935,0.015685579524242935,1.0,0.06331548635416276,0.000484791458569837,0.0168035258463544,2.8739364636203097,0.6202655951528311,0.09270762785871967,0.032757067398969934,2.210939592461294,1800.0,0.7986704219125126
added_outliers,0,unweighted_icp,1.0,0.01568557952424289,0.01568557952424289,1.0,0.06331554483036193,0.0004847920315435498,0.01680352700409006,2.3039986411043683,0.4800428979346762,0.07432253680981833,0.044622046926045315,3.071035498135065,1800.0,0.8169227800068638
added_outliers,1,distance_weighted_icp,0.01,0.08149930483460989,0.03584293430371108,0.31444444444444447,11.482785100406316,0.14856453266095823,0.3448916884996313,10.794935688493027,3.7591750382183595,0.34822373188687183,0.0001778563428977771,0.006816879638711743,1800.0,0.4494351590093804
added_outliers,1,distance_weighted_icp,0.03,0.078390641070621,0.034960581870455885,0.33111111111111113,11.397974218440693,0.13877997794431807,0.331150361199346,10.584987302701903,3.61540504641676,0.3414512033129646,0.0005803828443515975,0.025711678931921382,1800.0,0.4603551693803928
added_outliers,1,distance_weighted_icp,0.05,0.07536508578933608,0.03413944077979843,0.3416666666666667,11.293662303624382,0.1287948803185574,0.3170965891441373,10.369895334490971,3.4721537936363185,0.33451275272551523,0.0009880258564239804,0.04916083205200489,1800.0,0.47049991329537044
added_outliers,1,distance_weighted_icp,0.1,0.06806583689797704,0.034311929573752294,0.38722222222222225,10.7624909819972,0.10426257719651204,0.27995332391446104,9.818990558421405,3.1241401167671197,0.3167416309168195,0.0022028328420085385,0.11400841458725822,1800.0,0.49570544909464637
added_outliers,1,distance_weighted_icp,0.2,0.05157157341336305,0.035152294761055455,0.635,8.510922825773223,0.05864289775384339,0.19532369942493866,8.605311605374693,2.456244323523265,0.2775906969475707,0.004744239338926743,0.31170028427482066,1800.0,0.5511045057600588
added_outliers,1,distance_weighted_icp,0.4,0.022899087985157725,0.022874713970225273,0.9994444444444445,2.264437084145406,0.010746684195127887,0.056290143021739666,6.22928644306805,1.5081712995465122,0.2009447239699371,0.012136048490178901,0.7842734309426821,1800.0,0.6624357195692397
added_outliers,1,distance_weighted_icp,0.75,0.015392329239331275,0.015392329239331275,1.0,0.0656928283951567,0.0007103023859652149,0.01675955990924806,3.7380342428254014,0.8504746072986397,0.12058174976856134,0.025371474174640432,2.106942901907633,1800.0,0.7563958807539931
added_outliers,1,distance_weighted_icp,1.0,0.015392329317091873,0.015392329317091873,1.0,0.06570587085483051,0.0007102405051572726,0.01675962853079745,2.971947448449894,0.6573890332715936,0.09586927253064173,0.0337438688129893,2.9242731388786423,1800.0,0.7844488883662878
added_outliers,1,mlp_weighted_icp,0.01,0.08065756931717435,0.035738777319990846,0.32055555555555554,11.38073014581357,0.14530048126032866,0.33976535203563873,10.717101574038391,3.705424045780384,0.3457129540012384,0.0002972170545220803,0.010706864609422335,1800.0,0.4528376036249124
added_outliers,1,mlp_weighted_icp,0.03,0.07591759264004358,0.03428440999370799,0.3377777777777778,11.063407299737097,0.1297632983665101,0.31631496400392467,10.350477382755857,3.459337347930816,0.3338863671856728,0.000974731218463658,0.034939283780843086,1800.0,0.46975129612946864
added_outliers,1,mlp_weighted_icp,0.05,0.07141115894253626,0.03409772056426911,0.3611111111111111,10.630803475986134,0.11530716903875482,0.2930263627411524,9.98773732215646,3.22735204366569,0.3221850749082729,0.0016224643232457061,0.06375679286939094,1800.0,0.4867878680105114
added_outliers,1,mlp_weighted_icp,0.1,0.06000470697514272,0.03502267741584445,0.48055555555555557,9.184882002472424,0.0825117509825462,0.23436527798241316,9.085393484716468,2.700207860998833,0.29307720918440217,0.0034918606337533166,0.14314862248375193,1800.0,0.5281859239959763
added_outliers,1,mlp_weighted_icp,0.2,0.03949653958541292,0.03212613782488857,0.8238888888888889,5.575960009647046,0.03618478083782538,0.13144092051970876,7.334475154118554,1.8744347413971654,0.23659597271350175,0.008564210833899976,0.3276814665509922,1800.0,0.6117214552146814
added_outliers,1,mlp_weighted_icp,0.4,0.015543097636197248,0.015543097636197248,1.0,0.2527858813636175,0.0018084053096903284,0.019879361759523755,4.653905589283555,1.0396967781233164,0.15012598675108244,0.0207970662615227,1.0501093841960045,1800.0,0.7271021810006059
added_outliers,1,mlp_weighted_icp,0.75,0.015392415053948756,0.015392415053948756,1.0,0.0676097279723602,0.0007189528878929209,0.01678746522156528,2.784941509457605,0.5855525119749261,0.0898368228857292,0.03991543471338232,2.139597823349322,1800.0,0.7936026656823458
added_outliers,1,mlp_weighted_icp,1.0,0.015392415054144196,0.015392415054144196,1.0,0.06760974112490203,0.0007189528160231741,0.01678746528141639,2.257260038589415,0.4578781016865098,0.07281483995449725,0.05323725171330184,2.827154923380825,1800.0,0.8120885137401879
added_outliers,1,unweighted_icp,0.01,0.08112946470053828,0.03573625284382795,0.3161111111111111,11.427893162301192,0.14767081633837434,0.34307921266192454,10.76627100264967,3.7393132862924263,0.34729906460160226,0.00021371997576346421,0.010006622018758082,1800.0,0.4504830561760729
added_outliers,1,unweighted_icp,0.03,0.07739277027810636,0.03462792515761829,0.3327777777777778,11.256137865399124,0.13622726715102282,0.3261814160831204,10.503827963120795,3.5608223177687193,0.3388331601006708,0.0007387731501625867,0.03576169050666744,1800.0,0.46346203547112563
added_outliers,1,unweighted_icp,0.05,0.07382337731271117,0.03413643541037756,0.35,11.040824801990643,0.12489444551600665,0.30912607084862426,10.241049686939997,3.388148900232787,0.33035644151419347,0.0012937655184902409,0.0659047130563678,1800.0,0.47597100577434037
added_outliers,1,unweighted_icp,0.1,0.06515959343207148,0.03482475271954416,0.41388888888888886,10.21688983372108,0.09693754740798789,0.2642660391772702,9.569005578723068,2.974563372029074,0.30867759931364736,0.0027860590285637052,0.16160854937391717,1800.0,0.5063390890685765
added_outliers,1,unweighted_icp,0.2,0.04638487939923236,0.03446011369564539,0.7161111111111111,7.323525221112383,0.048325023445677434,0.16794515505603363,8.11990360275784,2.222448141321426,0.261932374282511,0.006327763275262315,0.3935330803317155,1800.0,0.573648492990119
added_outliers,1,unweighted_icp,0.4,0.01722371122451829,0.01722371122451829,1.0,0.9378186415549563,0.004819147009982786,0.031421044650050634,5.521210480655714,1.2921238824618848,0.17810356389211981,0.0145590271854687,0.9496907250064943,1800.0,0.6920683641016443
added_outliers,1,unweighted_icp,0.75,0.015392327919944217,0.015392327919944217,1.0,0.0655368052219781,0.0007107359326030201,0.01675843190476702,3.2970627970219444,0.7292830597872376,0.10635686442006272,0.02950259392453554,2.219214833368791,1800.0,0.7733219041026631
added_outliers,1,unweighted_icp,1.0,0.015392327919939672,0.015392327919939672,1.0,0.06553737372305585,0.0007107328841161186,0.016758434541286348,2.623624452453242,0.5601771477881161,0.08463304685333038,0.038448806253558857,2.945750028989699,1800.0,0.7977723767739264
added_outliers,2,distance_weighted_icp,0.01,0.08662153996537562,0.035209465735822634,0.26555555555555554,11.484537583692386,0.14845613684158884,0.34992305264388834,10.953089738190494,3.870134657259483,0.3533254754254998,0.00017661513356738993,0.010699130665961237,1800.0,0.4606653372144192
added_outliers,2,distance_weighted_icp,0.03,0.0834243631028436,0.03523042165549527,0.275,11.338035193481563,0.13923670947457994,0.3360414245122392,10.740376293326058,3.7223251008655285,0.34646375139761476,0.0005805430125850816,0.03659193320699383,1800.0,0.46777941738743384
added_outliers,2,distance_weighted_icp,0.05,0.07998146465379889,0.03543421567601425,0.2972222222222222,11.095839054662264,0.12945923870101353,0.32039909390143506,10.515615787799138,3.570616264306748,0.33921341250964965,0.0010743967293022024,0.06521095616937486,1800.0,0.4786535452897105
added_outliers,2,distance_weighted_icp,0.1,0.07068567521969671,0.03480037346147436,0.345,10.176661783156936,0.1039944358239248,0.2764467288751909,9.887480750316639,3.1715356807008703,0.31895099194569804,0.0023595135920244335,0.144565478054687,1800.0,0.5111261282052806
added_outliers,2,distance_weighted_icp,0.2,0.047386698334222606,0.0341742514821719,0.6944444444444444,6.967945219496077,0.05483108635370118,0.17189723688288455,8.436173433832916,2.393300001657293,0.272134626897836,0.005421941206160564,0.42282686934119895,1800.0,0.5845535989272925
added_outliers,2,distance_weighted_icp,0.4,0.01742457474230891,0.01738071153535883,0.9994444444444445,0.9558301132541772,0.0060919119938090925,0.03307478786865978,5.703081501750404,1.384918539832198,0.18397037102420657,0.014235411114511093,0.9628178899997273,1800.0,0.7006957972239725
added_outliers,2,distance_weighted_icp,0.75,0.015551623696997688,0.015499455583655052,0.9994444444444445,0.07003480700462235,0.000876580269392697,0.017128552036436605,3.4170670690244953,0.7845261798685427,0.11022796996853211,0.027388130976892643,2.2147534728190754,1800.0,0.7775216772910529
added_outliers,2,distance_weighted_icp,1.0,0.015551623645372483,0.015499455739886458,0.9994444444444445,0.07001855497820018,0.0008765643520356011,0.017128373547190084,2.7437447393306256,0.609649974711021,0.08850789481711695,0.03515245243562706,2.9815997570795587,1800.0,0.7999761196196148
added_outliers,2,mlp_weighted_icp,0.01,0.08566375826658021,0.035446730308730245,0.27166666666666667,11.32302851465105,0.14469656994205715,0.34359061335514784,10.85426158123894,3.800960015200772,0.3501374703625465,0.0003234890262659552,0.014552731252364476,1800.0,0.4634265799303532
added_outliers,2,mlp_weighted_icp,0.03,0.08016966908931152,0.03556890210929071,0.2972222222222222,10.777596136737282,0.12800391011273343,0.31594954056941776,10.436490124224893,3.5181181491047613,0.3366609717491901,0.0010307819875289468,0.05305877682888121,1800.0,0.48071888550975683
added_outliers,2,mlp_weighted_icp,0.05,0.07435546122321093,0.034963373126694695,0.32055555555555554,10.132077133935809,0.11199289558466279,0.2876691281472318,10.00442726694072,3.2419155520688254,0.3227234602238942,0.0018019470959866738,0.08434469317082964,1800.0,0.5021949482464932
added_outliers,2,mlp_weighted_icp,0.1,0.059056878900377384,0.03572960746085701,0.4866666666666667,8.27322893872319,0.07643785329976152,0.2182270215873708,8.920771084245017,2.6207984808545386,0.28776680916919406,0.004111157043761382,0.18543105802393645,1800.0,0.5571912441188714
added_outliers,2,mlp_weighted_icp,0.2,0.03370651962523036,0.02953602053649561,0.9005555555555556,4.29811867448019,0.030083700337385267,0.10677140670741753,6.920156991783681,1.727543311760523,0.2232308707026994,0.009798499805716386,0.4068450883674786,1800.0,0.649729216244263
added_outliers,2,mlp_weighted_icp,0.4,0.015591973369078594,0.015540780309262037,0.9994444444444445,0.15834874907384477,0.0013876761014588548,0.018563136961275897,4.240172470890857,0.9363739749096258,0.13677975712551152,0.023303051711361697,1.2468412842493095,1800.0,0.7524368407689429
added_outliers,2,mlp_weighted_icp,0.75,0.015551692187790669,0.015499523276688004,0.9994444444444445,0.0709444875795575,0.0008873923956871254,0.01714852945927337,2.5724425953961174,0.5324355691992325,0.08298201920632636,0.044056052723371965,2.376393768494922,1800.0,0.8067009001757923
added_outliers,2,mlp_weighted_icp,1.0,0.01555169218787321,0.015499523276712517,0.9994444444444445,0.07094448847657107,0.0008873923947205934,0.017148529467359515,2.111563361311475,0.4205594955779304,0.06811494713907983,0.05874140373422777,3.1915826670803367,1800.0,0.821470051515629
added_outliers,2,unweighted_icp,0.01,0.08618123880699208,0.035282531605934524,0.26722222222222225,11.435676025469887,0.1475236137921021,0.34806161285379306,10.923118944095377,3.8490637622532433,0.3523586756159799,0.00021610720989608746,0.015598899878140352,1800.0,0.4615091653322652
added_outliers,2,unweighted_icp,0.03,0.08222395184635613,0.03544323340000062,0.2822222222222222,11.199470156663505,0.13671046097054268,0.33092911438353384,10.65978285695286,3.6673087107672893,0.3438639631275116,0.0007039640745877019,0.05614301742561756,1800.0,0.4707250277895238
added_outliers,2,unweighted_icp,0.05,0.07804676665066555,0.03505006637912173,0.3022222222222222,10.846051652900492,0.12532982969478118,0.31183711287445165,10.383559495539206,3.4834182605765194,0.33495353211416795,0.001261500047588514,0.09783734526550614,1800.0,0.48480871808666515
added_outliers,2,unweighted_icp,0.1,0.06651655562641039,0.03567952536726704,0.39222222222222225,9.47087044757164,0.09589889868267418,0.25712415878480094,9.618010524785502,3.011007646649941,0.3102584040253388,0.002957124195491441,0.2348196518131216,1800.0,0.5245971362258569
added_outliers,2,unweighted_icp,0.2,0.04050028322292407,0.03258882832610597,0.8055555555555556,5.603696991852274,0.04342860332982524,0.13996585647127205,7.855081699017753,2.1303506417409155,0.2533897322263791,0.006953580030509233,0.5455982927164225,1800.0,0.6104702325124849
added_outliers,2,unweighted_icp,0.4,0.015940199100881583,0.015890628032776792,0.9994444444444445,0.4275132769559157,0.002907089650028686,0.023122421520469425,5.06970908624411,1.1967773983784822,0.16353900278206807,0.016692609570180917,1.4101858380849048,1800.0,0.7233969396692664
added_outliers,2,unweighted_icp,0.75,0.015551621818737574,0.01549946724454315,0.9994444444444445,0.07002618766592553,0.0008809831727328761,0.017132866868129707,3.014117731396627,0.6695895608539238,0.09722960423860087,0.03203460482216671,2.7781806731124727,1800.0,0.7913732308188226
added_outliers,2,unweighted_icp,1.0,0.01555162181872281,0.015499467254562787,0.9994444444444445,0.07002527674379841,0.000880981860716082,0.017132856446876874,2.4480572289052884,0.5265327110009641,0.07896958802920286,0.04283995724126258,3.933909794037967,1800.0,0.8103644698828413
clean,0,distance_weighted_icp,0.01,0.09451569677233546,0.03493765261433079,0.2677777777777778,11.301638008055983,0.14589636721248822,0.35342844406538354,11.16265704132133,4.020006472947694,0.36008571101036546,0.0002729825086747619,0.013073558736444061,1800.0,0.5441897754673749
clean,0,distance_weighted_icp,0.03,0.08714436493499349,0.035471008981854485,0.2972222222222222,10.805923378938799,0.1320089678680274,0.3272125665924089,10.754032947075856,3.734919245793215,0.3469042886153502,0.0008720044931549832,0.042771763489411994,1800.0,0.5524408081510909
clean,0,distance_weighted_icp,0.05,0.08015126350705178,0.035132018983964605,0.31722222222222224,10.21311337613097,0.11880873400819719,0.3010911312765586,10.347466170143019,3.4657296899990766,0.3337892312949361,0.0015367344384661227,0.07347695692309478,1800.0,0.5634233182698601
clean,0,distance_weighted_icp,0.1,0.0641021998250457,0.03487929996797873,0.4311111111111111,8.708694146467261,0.08674401425744604,0.23793315554716435,9.342906666289567,2.8619096514999915,0.30138408600934086,0.0031901957151394926,0.16021082959414445,1800.0,0.5950714882251374
clean,0,distance_weighted_icp,0.2,0.03862124337675196,0.03140727445388938,0.8377777777777777,5.30174829603885,0.03667380166303956,0.12831252800018003,7.475019945386419,1.9620794207814176,0.2411296756576264,0.007632517244139861,0.3821443959858112,1800.0,0.6641584774111082
clean,0,distance_weighted_icp,0.4,0.005182881774885215,0.005182881774885215,1.0,0.05080623075963312,0.00039956784975245116,0.006090511932233998,4.545147645652012,1.0696439816327097,0.14661766598877457,0.020262361521422283,1.220263527862655,1800.0,0.7701506119605713
clean,0,distance_weighted_icp,0.75,0.005146680568749969,0.005146680568749969,1.0,0.013557246036897152,2.304306464210728e-05,0.005305296093761048,2.579977345848289,0.603666769925004,0.08322507567252545,0.03761095443165553,2.243646993057903,1800.0,0.8304331944975608
clean,0,distance_weighted_icp,1.0,0.005146680568749978,0.005146680568749978,1.0,0.013557246082788877,2.304306477083975e-05,0.005305296094348707,2.009477819778414,0.4671976380171532,0.06482186515414239,0.05014793924502175,2.952578766192697,1800.0,0.8483289252271894
clean,0,mlp_weighted_icp,0.01,0.09327858469686412,0.034969477516844746,0.27111111111111114,11.232552677090045,0.14260797843872242,0.348212089906487,11.082095117982036,3.9626551112800543,0.35748693928974307,0.00039069963266858483,0.015273469977918107,1800.0,0.5457946443862958
clean,0,mlp_weighted_icp,0.03,0.08359736999556514,0.03549491733864015,0.3088888888888889,10.483010075648439,0.1230298431985484,0.31145731395059795,10.508908102038882,3.5709522277688155,0.33899703554964133,0.001277995684329754,0.051543135202986375,1800.0,0.5594440390178927
clean,0,mlp_weighted_icp,0.05,0.07454240232820668,0.035072019161079965,0.35,9.628839874306095,0.10530200032705926,0.2761328013983269,9.94676358080435,3.214304931765829,0.3208633413162693,0.0022530686669202365,0.09713023781451108,1800.0,0.5765613342955721
clean,0,mlp_weighted_icp,0.1,0.05592376233384242,0.0349230302505991,0.5266666666666666,7.526909072367779,0.06856189729098285,0.19975475034850307,8.643688214878049,2.488077471616001,0.2788286520928403,0.005147447246737764,0.21613639051036312,1800.0,0.6193809366655959
clean,0,mlp_weighted_icp,0.2,0.028265480416015735,0.02652706309448633,0.9605555555555556,3.364274475160756,0.021923794053074878,0.08383201922069818,6.473275613098852,1.5726071164920137,0.20881534235802748,0.01247608095460516,0.48352981504947523,1800.0,0.7026917254715103
clean,0,mlp_weighted_icp,0.4,0.0051474104543455515,0.0051474104543455515,1.0,0.011386415833941177,6.223383828906967e-05,0.005323508450974033,3.654533813945427,0.8316962970748002,0.11788818754662668,0.029118344143375725,1.3881709063431096,1800.0,0.7987587003478211
clean,0,mlp_weighted_icp,0.75,0.005146682395165784,0.005146682395165784,1.0,0.013766718215128902,2.4355321015074796e-05,0.005308704898332148,2.0821857899050067,0.4714230606016167,0.0671672835453228,0.05466678307364309,2.48004235319698,1800.0,0.8466992363455382
clean,0,mlp_weighted_icp,1.0,0.0051466823951658,0.0051466823951658,1.0,0.01376671821712816,2.4355321020854413e-05,0.005308704898357936,1.6385166620991656,0.3701250802585228,0.052855376196747274,0.07288904409830442,3.608708104726527,1800.0,0.860098844216417
clean,0,unweighted_icp,0.01,0.09260965410388049,0.03503745901443727,0.27111111111111114,10.974074791011576,0.14303160855623817,0.34538201057023443,11.034794682671391,3.929220876991587,0.35596111879585135,0.0003882456203788999,0.0254786776387933,1800.0,0.5458690746898465
clean,0,unweighted_icp,0.03,0.08221345848148134,0.03537951424994856,0.30277777777777776,9.920424519568018,0.12467057009196535,0.30608827376912684,10.401512839572106,3.5001971459395476,0.3355326722442615,0.0012815126891795809,0.07902636245137283,1800.0,0.5599353427919336
clean,0,unweighted_icp,0.05,0.07336069118240766,0.035300018989555926,0.3472222222222222,8.960663707802443,0.10811894432657013,0.2710862725870022,9.815962000984136,3.1333101577452975,0.3166439355156173,0.002303445321923397,0.13628279189276588,1800.0,0.576742045300502
clean,0,unweighted_icp,0.1,0.055598562628953234,0.03528267248409692,0.5077777777777778,6.989241777871463,0.07256585128223678,0.19805683168990465,8.52232163632685,2.420463852228333,0.2749136011718339,0.005132809540799534,0.31191435345764007,1800.0,0.6192213702052001
clean,0,unweighted_icp,0.2,0.02887091082103272,0.027089391456493857,0.9572222222222222,3.3402078303809803,0.024275666069709437,0.08654865519455196,6.418539907418134,1.5367648862914047,0.20704967443284306,0.011861107154200714,0.7257880189732082,1800.0,0.7025565844885683
clean,0,unweighted_icp,0.4,0.005147508628096576,0.005147508628096576,1.0,0.011482335561122717,6.715084834401416e-05,0.005329482832051817,3.6204246171270213,0.8075859221132885,0.1167878908750652,0.028401536635221124,1.8165904286821852,1800.0,0.7994530128995323
clean,0,unweighted_icp,0.75,0.0051466805603379824,0.0051466805603379824,1.0,0.013543513662286129,2.2869668856115537e-05,0.005304985365816959,2.0487878911688098,0.4544092929501827,0.06608993197318741,0.05332882705040033,3.2324090556158196,1800.0,0.8475520706155912
clean,0,unweighted_icp,1.0,0.005146680560337983,0.005146680560337983,1.0,0.013543513664105318,2.2869668861086045e-05,0.005304985365840123,1.598665059249241,0.35327739964567945,0.05156984062094326,0.07110510273397794,4.557536959124894,1800.0,0.8613909990596206
clean,1,distance_weighted_icp,0.01,0.095002848941358,0.034939506614950815,0.275,11.264355637910878,0.14579569974606285,0.3534421050665296,11.174625413605128,4.028683716511853,0.3604717875356493,0.0002770992311745959,0.011883849613364073,1800.0,0.5511941882088595
clean,1,distance_weighted_icp,0.03,0.08735468056591646,0.03453529956198449,0.30277777777777776,10.706931589775808,0.1314224242450031,0.32584642070867764,10.744135134045553,3.7285331278775216,0.3465850043240501,0.0008609641964052307,0.040722582669324416,1800.0,0.5603957174771133
clean,1,distance_weighted_icp,0.05,0.08000999336448043,0.03418385281267171,0.32555555555555554,10.080796923453345,0.1173989833025189,0.2982169459015328,10.316695670576351,3.4465107381723796,0.332796634534721,0.0015216288754171376,0.07173689369509934,1800.0,0.5719105893129904
clean,1,distance_weighted_icp,0.1,0.06305985350311198,0.03425782885567521,0.43444444444444447,8.455588209154557,0.08400918842732437,0.23162492402198193,9.257963750792058,2.8160729503350344,0.29864399196103414,0.003227426905787501,0.1560691699050418,1800.0,0.6014972690272247
clean,1,distance_weighted_icp,0.2,0.03937469890368222,0.03177096663894067,0.83,5.3620398862815515,0.035329798263756026,0.12832489603025377,7.382202152377301,1.9198860032676661,0.23813555330249359,0.007643999208491405,0.3556347840720957,1800.0,0.6665337233299459
clean,1,distance_weighted_icp,0.4,0.005032914143048277,0.005032914143048277,1.0,0.05458646257510707,0.0005522139864812475,0.006130992755280595,4.498296924832372,1.048756277331859,0.14510635241394748,0.019943544430199515,1.241747727640984,1800.0,0.7722295917479125
clean,1,distance_weighted_icp,0.75,0.004993418549104382,0.004993418549104382,1.0,0.016130014101553014,0.00018274412606078088,0.005337462816180694,2.5447215215483916,0.5901719124466279,0.08208779101769005,0.037846942869223035,2.3665179292945546,1800.0,0.8322145335077368
clean,1,distance_weighted_icp,1.0,0.0049934185491044,0.0049934185491044,1.0,0.016130014140430835,0.0001827441255715929,0.005337462816080301,1.9945949533120815,0.4614619009065307,0.0643417726874865,0.05046259049450854,3.196630106771706,1800.0,0.8489426310164774
clean,1,mlp_weighted_icp,0.01,0.09370585274705424,0.03487004061797275,0.27944444444444444,11.150948684973711,0.14296651589532983,0.34818185549212116,11.091976183608647,3.969804120631416,0.3578056833422144,0.000376716432573107,0.017354838508739798,1800.0,0.5530370175934751
clean,1,mlp_weighted_icp,0.03,0.0838171134658335,0.03426141879170225,0.31055555555555553,10.323908010415362,0.12411658362992044,0.31117277719990755,10.506590059067927,3.569663331545843,0.33892225996993314,0.001237223818090659,0.05757747506776815,1800.0,0.56788548063213
clean,1,mlp_weighted_icp,0.05,0.07468423871961943,0.03431989846101799,0.3511111111111111,9.439068355431967,0.10675362723780016,0.2758285495117393,9.940390734451043,3.2106569549971335,0.320657765627453,0.0021901357701849112,0.09959545957287667,1800.0,0.5834047476345323
clean,1,mlp_weighted_icp,0.1,0.05544809965302961,0.0349242436549002,0.5333333333333333,7.311902856513383,0.06904290804573934,0.19761003626390278,8.616539156791376,2.4753710121167063,0.27795287602552826,0.004925864131404629,0.21745858419371916,1800.0,0.6215155803972799
clean,1,mlp_weighted_icp,0.2,0.028783717348324654,0.026476740002620104,0.9472222222222222,3.34301875718064,0.02235735353268515,0.08457125845281621,6.457907023994641,1.5644843284699002,0.20831958141918194,0.011772991093350189,0.4705374025464056,1800.0,0.7044496487567633
clean,1,mlp_weighted_icp,0.4,0.004994270236969887,0.004994270236969887,1.0,0.013950758388455746,0.00023088188070165727,0.005364659701556101,3.6443255953257503,0.8268581688493238,0.1175588901717984,0.028008793282995145,1.3945614335718548,1800.0,0.8003888845031505
clean,1,mlp_weighted_icp,0.75,0.004993420961482071,0.004993420961482071,1.0,0.016132898547603917,0.00018293670742748348,0.005337686654385594,2.0886457065239927,0.47191998314510986,0.06737566795238686,0.05257785551064186,2.5976269587036374,1800.0,0.847298295002215
clean,1,mlp_weighted_icp,1.0,0.004993420961482093,0.004993420961482093,1.0,0.016132898549931936,0.00018293670740593832,0.00533768665438735,1.624212149684388,0.36633580006753047,0.05239394031239961,0.07010380734762289,3.46925244435068,1800.0,0.8613618669709622
clean,1,unweighted_icp,0.01,0.0929547684100269,0.03500788911843967,0.2816666666666667,10.93595910177271,0.14303343484815978,0.3453477942759138,11.04447907046558,3.9362135149455986,0.3562735184021155,0.00039073854019424997,0.025489369968857548,1800.0,0.5526179652100667
clean,1,unweighted_icp,0.03,0.0823139642379253,0.03423215656178864,0.31444444444444447,9.861139138286154,0.12433392628832493,0.3052592819091118,10.397426533624426,3.4979048894940448,0.3354008559233686,0.0012637094833057188,0.08663905366623728,1800.0,0.5679984173351795
clean,1,unweighted_icp,0.05,0.07320673058244644,0.034005686431006626,0.34944444444444445,8.866973992470344,0.10741298289632835,0.2692894534034782,9.795758955857513,3.1218596558697818,0.3159922243825004,0.0022539883057180066,0.14309520246186014,1800.0,0.584186455166671
clean,1,unweighted_icp,0.1,0.05505620673203991,0.034803531092555975,0.5116666666666667,6.92068841814097,0.07093424653163688,0.1951973374450865,8.47093916272355,2.3960890071946275,0.27325610202334033,0.00505865064232117,0.3203880394723282,1800.0,0.6229815801768959
clean,1,unweighted_icp,0.2,0.029973212158467606,0.02749965573911431,0.9422222222222222,3.5166256595081467,0.02403934545959241,0.08917881421314149,6.409220569380312,1.5284464079663602,0.20674905062517135,0.012038467967854549,0.7318991828531209,1800.0,0.7037520764318013
clean,1,unweighted_icp,0.4,0.0049945416197385755,0.0049945416197385755,1.0,0.014262640488978354,0.0002381245825223449,0.005375292607150704,3.6337603794826476,0.8062093114010818,0.11721807675750476,0.028461713016628566,1.9295318869468319,1800.0,0.8001100055453506
clean,1,unweighted_icp,0.75,0.004993418547197359,0.004993418547197359,1.0,0.016128466009615428,0.00018282084682668708,0.0053375240541202,2.043992852550576,0.45134923098754615,0.0659352533080831,0.05343657277171874,3.6776391373857313,1800.0,0.8484994265691904
clean,1,unweighted_icp,1.0,0.004993418547197361,0.004993418547197361,1.0,0.016128466011901068,0.00018282084680650967,0.005337524054122881,1.5944789786103697,0.35127250480433114,0.051434805761624826,0.07124876369571753,4.990452084222607,1800.0,0.8621731362979725
clean,2,distance_weighted_icp,0.01,0.098469472878997,0.035491633231606715,0.24388888888888888,11.221428532790943,0.14510414663478882,0.35578790484169526,11.272550011015806,4.099720682534818,0.3636306455166389,0.00029690966676737985,0.014097234090738486,1800.0,0.566337720429712
clean,2,distance_weighted_icp,0.03,0.08947736835985887,0.03523953206887814,0.26055555555555554,10.565506702395002,0.12934473819810866,0.3244771735819175,10.789041647101365,3.761012611150559,0.3480336015193989,0.0009376006435393492,0.049103746337809256,1800.0,0.5768385160867671
clean,2,distance_weighted_icp,0.05,0.08075166718131577,0.034460142528892845,0.2777777777777778,9.89397927031437,0.11370570094619031,0.29339716083064976,10.303381406526173,3.4413667551578997,0.33236714214600555,0.0016469385383912102,0.08281269804022584,1800.0,0.5896331805588795
clean,2,distance_weighted_icp,0.1,0.062430680089504906,0.03519075413753083,0.42333333333333334,8.077147786692247,0.07883116178216425,0.22203331973859164,9.133451398230413,2.7536420102371064,0.2946274644590456,0.0036587740438305933,0.1926812496589064,1800.0,0.6216170190063496
clean,2,distance_weighted_icp,0.2,0.03383664788759205,0.02911562512252259,0.8877777777777778,4.2806374843150214,0.029018337108143444,0.10566135983888572,7.0560288503315185,1.8056415041500435,0.2276138338816619,0.008733807530662425,0.43838388074240087,1800.0,0.6923633591494485
clean,2,distance_weighted_icp,0.4,0.005093249519472377,0.005093249519472377,1.0,0.03141879673652043,0.00023425379354383592,0.005641691280381417,4.119353528892833,0.9680391377637612,0.13288237189976881,0.02205048110817663,1.306171728423899,1800.0,0.7900562847438021
clean,2,distance_weighted_icp,0.75,0.005088164517651945,0.005088164517651945,1.0,0.017207441541597486,0.0001277111765548149,0.005387950109622734,2.345645778222718,0.5478211649625695,0.07566599284589413,0.041505602167957886,2.336240099021379,1800.0,0.8409542965319412
clean,2,distance_weighted_icp,1.0,0.005088164517651942,0.005088164517651942,1.0,0.017207441533079484,0.00012771117647064753,0.005387950109453384,1.8400166365558464,0.428484604651075,0.059355375372769234,0.055340802891129505,2.839244711672622,1800.0,0.8556325365276716
clean,2,mlp_weighted_icp,0.01,0.09692896173791957,0.03565993744792075,0.24888888888888888,11.092994853277734,0.1420477785663559,0.3499066888370528,11.179483820055165,4.0329200284021764,0.36062851032436016,0.00040802218737284306,0.0204052865893926,1800.0,0.5683073735158454
clean,2,mlp_weighted_icp,0.03,0.0852063278744668,0.03475832465762039,0.26666666666666666,10.177262502772809,0.1212103229955259,0.30818927589772077,10.523325066821691,3.5833289383616465,0.33946209892973195,0.0013174648922186808,0.06854647701751398,1800.0,0.5846066292584529
clean,2,mlp_weighted_icp,0.05,0.07473842239281776,0.03553543271721735,0.32,9.2499886030282,0.1022352149402506,0.2694735233633504,9.892780982175374,3.1858845410418457,0.3191219671669476,0.002326213223997042,0.11556415265936548,1800.0,0.6016768943625698
clean,2,mlp_weighted_icp,0.1,0.05422564175797755,0.03557535354905481,0.5561111111111111,6.9575183509109815,0.06391428381701388,0.18771510908410124,8.472119712760898,2.4087224040491306,0.27329418428260965,0.005341866754164421,0.25539796274830884,1800.0,0.6417460697709444
clean,2,mlp_weighted_icp,0.2,0.02490204803470568,0.02452933759601165,0.9911111111111112,2.7354511434258577,0.018514429235497155,0.07077098870446141,6.17659400392397,1.4800116234313907,0.19924496786851517,0.013205598390803808,0.5441888553498034,1800.0,0.7254861566471109
clean,2,mlp_weighted_icp,0.4,0.005088385571013564,0.005088385571013564,1.0,0.01954705736543978,0.00014787573729818163,0.005431731881966143,3.4303529163030473,0.779694883607648,0.11065654568719507,0.030453529281791382,1.583942828936792,1800.0,0.8112940459842122
clean,2,mlp_weighted_icp,0.75,0.005088167835645013,0.005088167835645013,1.0,0.017522647215481052,0.00012924911326614409,0.005392643421065968,1.9636182871910035,0.44460861860001766,0.06334252539325817,0.05713789914123252,2.8450357653113225,1800.0,0.8528469137630035
clean,2,mlp_weighted_icp,1.0,0.005088167835645009,0.005088167835645009,1.0,0.017522647214817083,0.00012924911325995185,0.0053926434210531315,1.5477641363367705,0.34990534456850503,0.04992787536570227,0.07618386552168843,3.750238065031634,1800.0,0.8645171476413176
clean,2,unweighted_icp,0.01,0.09620598188478643,0.035552923148652826,0.24666666666666667,10.856300291312305,0.14205949146541755,0.346828476263327,11.127896413058489,3.9961938759043436,0.35896440042124156,0.00043383993091461833,0.02700976211674701,1800.0,0.5686051795160916
clean,2,unweighted_icp,0.03,0.0837377588452741,0.035090612153401486,0.2683333333333333,9.635023853069097,0.12146679105618932,0.3015547884321544,10.401181427207444,3.503244625997702,0.33552198152282076,0.0013749787654658396,0.09026059924283111,1800.0,0.5864264154672583
clean,2,unweighted_icp,0.05,0.07342168432172716,0.0355056442374966,0.31555555555555553,8.601989410847635,0.1031231251292963,0.2625647035594998,9.731225759671894,3.0876172587171773,0.3139105083765127,0.0024810015490863875,0.1619698250174938,1800.0,0.6035260269615483
clean,2,unweighted_icp,0.1,0.05369082312227467,0.036145007586300036,0.5372222222222223,6.379608838508831,0.06598391895805839,0.18347083046542134,8.296851166401074,2.316577942323016,0.2676403602064863,0.005819345508665587,0.36062386345543956,1800.0,0.6439340587231221
clean,2,unweighted_icp,0.2,0.024767974850792802,0.024647448435425295,0.9972222222222222,2.6494789954224363,0.018458375091304883,0.06972113989632206,6.044239329523954,1.4190771216319962,0.1949754622427082,0.013524516379622311,0.7549736072469769,1800.0,0.7273511472500327
clean,2,unweighted_icp,0.4,0.005088348248050757,0.005088348248050757,1.0,0.019024539392907044,0.00014582805359533886,0.0054244216955751665,3.3395098064122286,0.7433620570856213,0.10772612278749125,0.03131419167981015,1.9638108212855225,1800.0,0.8127908067514048
clean,2,unweighted_icp,0.75,0.005088164516484919,0.005088164516484919,1.0,0.017203417561036393,0.00012765934867007875,0.005387858040765361,1.8826568383685902,0.417415227821458,0.06073086575382549,0.058747895102470894,3.654580440489245,1800.0,0.8546211895783119
clean,2,unweighted_icp,1.0,0.0050881645164849165,0.0050881645164849165,1.0,0.017203417560598473,0.0001276593486651121,0.005387858040756013,1.4836092867982158,0.3290882572207286,0.047858364090265025,0.07833052680332399,4.942690014672442,1800.0,0.8658011507870472
partial_overlap,0,distance_weighted_icp,0.01,0.13555124530592566,0.03425487299994897,0.18555555555555556,11.484353066065468,0.1448291360093363,0.39522391197591666,12.443848928529997,4.99556579788458,0.40141448156548376,0.0003124210650297891,0.009955934306042979,1791.0,0.38348002371259954
partial_overlap,0,distance_weighted_icp,0.03,0.1284234060299697,0.03477090612967094,0.21333333333333335,11.37613334909682,0.128517957228782,0.3707026967497199,12.061861718280017,4.696935250402554,0.3890923134929038,0.0010127150950203384,0.0355451386609293,1791.5483870967741,0.3942605613151896
partial_overlap,0,distance_weighted_icp,0.05,0.12162931803307135,0.035033571341305046,0.24333333333333335,11.169790949775896,0.11313952226385013,0.3464667497946804,11.683294251399627,4.413516587327149,0.3768804597225686,0.0017058404087635067,0.0669185023603806,1792.3548387096773,0.40580062054231786
partial_overlap,0,distance_weighted_icp,0.1,0.10801845452837557,0.034310639423867376,0.3194444444444444,10.346446333477646,0.07913495868577829,0.29061787654893034,10.771946302213658,3.781097302202352,0.34748213878108575,0.0038744616677963586,0.15651619775587955,1795.741935483871,0.43252944955840006
partial_overlap,0,distance_weighted_icp,0.2,0.0890908319608039,0.03372296474799263,0.53,7.958730499938676,0.027550056692509213,0.1962281936526999,9.130517981675528,2.814185322366385,0.2945328381185654,0.008665262315746155,0.3642747173803723,1797.774193548387,0.48742585049581266
partial_overlap,0,distance_weighted_icp,0.4,0.07754312566930878,0.027809410868806676,0.7338888888888889,2.838251029004551,0.01843336919911596,0.12435900515847026,6.903154091477098,1.7819484282991702,0.2226823900476483,0.022181136607887553,0.8750669699768389,1798.8387096774193,0.5630786998778748
partial_overlap,0,distance_weighted_icp,0.75,0.07775154799786178,0.024263020040875938,0.7488888888888889,1.225433747984265,0.015419350330848429,0.10542523580855287,5.353820663892254,1.1635156534996611,0.1727038923836211,0.04329341528322835,1.667023339114299,1799.2903225806451,0.6111343839331699
partial_overlap,0,distance_weighted_icp,1.0,0.07787146270638241,0.0238511354095935,0.7488888888888889,1.1444249709135634,0.014723368794176635,0.10403908120969468,4.860928655109016,0.9762228830357867,0.15680415016480698,0.05746800932411181,2.3752706183007968,1799.4516129032259,0.6248762664549943
partial_overlap,0,mlp_weighted_icp,0.01,0.13458833374678583,0.034606304248446504,0.19277777777777777,11.514442759834298,0.14284697146943506,0.3925797328145639,12.402968836287958,4.963001023729199,0.40009576891251475,0.00040135674845485426,0.01407752290564871,1791.0,0.3849574892073713
partial_overlap,0,mlp_weighted_icp,0.03,0.12574595162752852,0.03477586342559697,0.22277777777777777,11.307791417548486,0.12339023055949346,0.36221409636250684,11.93501146259265,4.6006525588549785,0.38500036976105323,0.001302466894872688,0.053085188855752474,1791.8709677419354,0.39852689039169154
partial_overlap,0,mlp_weighted_icp,0.05,0.11800056740508966,0.034846501685357814,0.2644444444444444,10.955737465508191,0.10561166430895523,0.3331696063691268,11.469459272926262,4.259008903483843,0.36998255719116974,0.0023031468028156055,0.09848389804857297,1792.9354838709678,0.4128047593932268
partial_overlap,0,mlp_weighted_icp,0.1,0.1035301056052277,0.03413608029789398,0.3527777777777778,9.676619036068194,0.06875953184111147,0.26905582780702114,10.395723741337353,3.5392610200805246,0.3353459271399146,0.0051203375370595,0.22486451828917042,1796.1935483870968,0.44495227734575393
partial_overlap,0,mlp_weighted_icp,0.2,0.08643855633997302,0.03223532767845502,0.6311111111111111,5.927183074419219,0.018488117521789638,0.16419850460595484,8.513587656843175,2.5023766251257005,0.2746318598981669,0.011978794410931177,0.4680242675827362,1798.032258064516,0.5098627890205945
partial_overlap,0,mlp_weighted_icp,0.4,0.07956610468044062,0.01986850676560705,0.7388888888888889,0.9066104862762093,0.007595309708793456,0.09622751925199617,6.118648937809264,1.5015191706342785,0.19737577218739563,0.028679364441573797,1.2128420814853726,1798.967741935484,0.5849929092723521
partial_overlap,0,mlp_weighted_icp,0.75,0.07972359424079722,0.01923092437511023,0.7366666666666667,0.5931749843108582,0.00754412036552005,0.09319946444942585,4.684048166216239,0.9616737190315331,0.1510983279424593,0.05396888177759164,2.242154148168634,1799.3548387096773,0.6250651332929615
partial_overlap,0,mlp_weighted_icp,1.0,0.07972359675498975,0.019230920916570544,0.7366666666666667,0.5931736255428564,0.007544116435650379,0.09319944944606869,4.269864244450671,0.8078112951464683,0.1377375562726023,0.0723117085150047,2.8578953090905332,1799.4516129032259,0.6366372632302802
partial_overlap,0,unweighted_icp,0.01,0.13272507820853358,0.03453962236582412,0.19444444444444445,11.364546716446137,0.1373667460207628,0.38373729139375773,12.262586137371269,4.85224660246143,0.3955672947539119,0.0005974339023361557,0.009769450179545665,1791.0,0.38745132013838557
partial_overlap,0,unweighted_icp,0.03,0.12098932532986917,0.035624380781353014,0.25055555555555553,11.033502495695537,0.10813383947556512,0.3394581897623897,11.55424466772558,4.319197865685219,0.37271756992663163,0.0019330028974695094,0.03998504910051484,1793.6129032258063,0.4070923149934739
partial_overlap,0,unweighted_icp,0.05,0.11138075518262248,0.034917576302723186,0.29888888888888887,10.609987734112263,0.08314879261485855,0.3006294251386037,10.895332978535087,3.861021899924825,0.3514623541462931,0.003539034492860745,0.06290354218405862,1796.032258064516,0.4264412555100492
partial_overlap,0,unweighted_icp,0.1,0.09435577020375537,0.03355488671688346,0.43166666666666664,9.328049411758945,0.03594146256273382,0.22357772688407865,9.479416126711797,2.9919314652277813,0.3057876169907031,0.008207220101077082,0.15390611499059287,1797.967741935484,0.47070463243942917
partial_overlap,0,unweighted_icp,0.2,0.08012115249972514,0.03350898653293279,0.585,6.658663372160121,0.026054974884776236,0.17276276110610259,7.6698847989796155,2.0627356183018453,0.24741563867676178,0.019915641984790906,0.36988783278376025,1798.9032258064517,0.5329579540761594
partial_overlap,0,unweighted_icp,0.4,0.07587350275455823,0.03270091070303866,0.6305555555555555,3.1393004090365655,0.04495654408370561,0.1522230509286295,6.3931656029266115,1.4668570386430364,0.2062311484815036,0.04347585472328903,0.9062124124347629,1799.3870967741937,0.5853098085573043
partial_overlap,0,unweighted_icp,0.75,0.07566237948229124,0.032812995829513164,0.6361111111111111,2.0679091848372013,0.04573195041268955,0.1420734217433528,5.5692385737744905,1.1185804397300128,0.17965285721853194,0.08385167180319361,1.6698656007645587,1799.6451612903227,0.6114811418774969
partial_overlap,0,unweighted_icp,1.0,0.07564627170899099,0.03269048551951211,0.6394444444444445,1.945655890694092,0.04456394068323045,0.13966677129916236,5.2812989458093735,1.005401653040927,0.17036448212288302,0.1130445412734896,2.3272901970637268,1799.7096774193549,0.6183502301957959
partial_overlap,1,distance_weighted_icp,0.01,0.18386172733859468,0.03502725008412275,0.195,11.524947432619573,0.1434708309748,0.4425820326395904,13.972470416004747,6.29848192194401,0.4507248521291854,0.00037051460101594086,0.01905721323231943,1648.1290322580646,0.4841103367732754
partial_overlap,1,distance_weighted_icp,0.03,0.17164344396863349,0.034491919934131865,0.22611111111111112,11.543926326899468,0.1245292436947148,0.41161195093234293,13.478068901631762,5.866168853939228,0.43477641618166973,0.0012051230240568297,0.06287974730116953,1665.225806451613,0.4920890097323782
partial_overlap,1,distance_weighted_icp,0.05,0.1611160387317016,0.03492954263881166,0.25666666666666665,11.518757199216271,0.10667084462836886,0.3829744553522332,13.013381902079352,5.478676621992812,0.4197865129703017,0.0021132622902339552,0.11744125796115559,1680.6129032258063,0.49802821388019325
partial_overlap,1,distance_weighted_icp,0.1,0.13959233374374094,0.03507925389876194,0.34944444444444445,10.933847849476212,0.06656677994196479,0.31549759218046786,11.910590040719985,4.632374138196808,0.38421258195870917,0.004540687945541341,0.24497349911058292,1703.8387096774193,0.5143648667051658
partial_overlap,1,distance_weighted_icp,0.2,0.11539705948894516,0.03330128918380397,0.5416666666666666,8.43288509458895,0.01545619428534696,0.21518210472018162,9.99495187186499,3.392542686493571,0.3224178023182255,0.01131508890631679,0.5795417945908842,1726.258064516129,0.5540497700017906
partial_overlap,1,distance_weighted_icp,0.4,0.1017372252697046,0.029336275801533095,0.6861111111111111,3.375294108733348,0.027413338306716297,0.1629035046637544,7.859460135816638,2.246408697861336,0.25353097212311737,0.026606650180022298,1.401890730782918,1750.7096774193549,0.6091057355466375
partial_overlap,1,distance_weighted_icp,0.75,0.10294995333076509,0.027355820691928722,0.7244444444444444,1.8246263495519939,0.02363269933611019,0.14482891616239524,6.435339897698129,1.569563903687827,0.20759160960316544,0.051123189712193526,2.814320598607337,1765.3548387096773,0.6471232476128652
partial_overlap,1,distance_weighted_icp,1.0,0.10316742527858976,0.02711751118686331,0.725,1.7985514984724518,0.022901494098048703,0.14405443436136295,5.985864145435954,1.364284610813145,0.1930923917882566,0.06835105797053032,3.6312407458240066,1769.1290322580646,0.6585598108677917
partial_overlap,1,mlp_weighted_icp,0.01,0.18321538281960903,0.03502464258132927,0.1988888888888889,11.354551348808792,0.14184348184548928,0.43860437815318626,13.909821784058003,6.242534140329483,0.4487039285180001,0.0004464061638336404,0.01806966560836154,1648.8709677419354,0.4862989721572198
partial_overlap,1,mlp_weighted_icp,0.03,0.1701317109255735,0.034463159863607186,0.2311111111111111,11.007975857499819,0.12069508664703431,0.400906556147606,13.304765069085004,5.719493906273762,0.429185969970484,0.0013941501969064903,0.06247102139015235,1668.225806451613,0.4957480432073228
partial_overlap,1,mlp_weighted_icp,0.05,0.15896408782529925,0.03482399172097577,0.2633333333333333,10.572609200443107,0.10098748891758454,0.36567766874731483,12.733895507093447,5.254550579913192,0.41077082280946603,0.0024622160583655317,0.11522928683930005,1684.4193548387098,0.5035382454116151
partial_overlap,1,mlp_weighted_icp,0.1,0.13718181511560154,0.03490646047874938,0.39444444444444443,9.160951513094355,0.059540415532632535,0.28833174577917764,11.419024762740374,4.286042199924898,0.368355637507754,0.00558340604119586,0.23472522287949013,1706.258064516129,0.5249937596094141
partial_overlap,1,mlp_weighted_icp,0.2,0.11624121885059288,0.030720541796521023,0.6255555555555555,5.736655679683192,0.012436700391014143,0.18604447603843893,9.302079819091603,3.0000395384824476,0.3000670909384388,0.014008270295574731,0.5567210005059224,1725.967741935484,0.5753738296165338
partial_overlap,1,mlp_weighted_icp,0.4,0.10890691145489045,0.019871881249239012,0.725,1.1431516980432361,0.008096420884680886,0.1284348493200037,6.937268320398681,1.8604118889768473,0.22378284904511875,0.03153987248495631,1.3835940850067785,1746.1612903225807,0.637573932057542
partial_overlap,1,mlp_weighted_icp,0.75,0.1097452982760463,0.018498179663089403,0.7216666666666667,0.7186946296810508,0.006633221571762304,0.12356546614461911,5.554277504312837,1.2528198562989705,0.17917024207460763,0.059845772709650136,2.71882763090231,1756.9354838709678,0.6724010241722919
partial_overlap,1,mlp_weighted_icp,1.0,0.10976676941525591,0.018475022939094855,0.7216666666666667,0.7129684811079249,0.0066215316993389565,0.12351798592567412,5.150954939219968,1.077181995893454,0.16615983674903123,0.08025388208708792,3.541807983900424,1759.6774193548388,0.6826168583476719
partial_overlap,1,unweighted_icp,0.01,0.17621048089409247,0.03485763094097235,0.2127777777777778,11.613052204582914,0.13219524243434042,0.424536245374262,13.688997660618236,6.0480568135257435,0.4415805696973625,0.0008033537804396595,0.032942658961375895,1659.5483870967741,0.48899820253718596
partial_overlap,1,unweighted_icp,0.03,0.1522700300304232,0.03467300952010053,0.27555555555555555,11.722595784375597,0.09338094677373042,0.3628769346479096,12.68069941972898,5.212683909543185,0.4090548199912574,0.0026428328491493133,0.12423058522164485,1694.1935483870968,0.5020804394417587
partial_overlap,1,unweighted_icp,0.05,0.13511738696303105,0.0340048106981586,0.3277777777777778,11.598015035777593,0.06241601279233224,0.3135135501131392,11.794130649842264,4.546158893672034,0.3804558274142666,0.004896305895268972,0.22500734656953825,1709.3870967741937,0.516186898355456
partial_overlap,1,unweighted_icp,0.1,0.10975707466023867,0.033580875759143224,0.44055555555555553,10.76621948845371,0.032779440718172646,0.25019871026294843,10.148606670209162,3.452704519808564,0.3273744087164246,0.011447855234470988,0.4779546381621558,1734.741935483871,0.5462132277964729
partial_overlap,1,unweighted_icp,0.2,0.09335479621475393,0.034639647239641386,0.4761111111111111,7.988386100913998,0.08287261880452322,0.2561112760284171,9.047182357172918,2.7546678353472314,0.2918445921668683,0.026931434965269938,1.0445673456562368,1760.7096774193549,0.5744042083736994
partial_overlap,1,unweighted_icp,0.4,0.08882329095950134,0.03233375452766826,0.42944444444444446,4.944731905224155,0.11581941047814148,0.2540900204898844,8.576906073624556,2.4477419625278634,0.2766743894717599,0.0585562945538065,2.401196298146603,1778.8709677419354,0.5960137768513399
partial_overlap,1,unweighted_icp,0.75,0.08853043905296322,0.032781786875627945,0.43333333333333335,3.972655031625206,0.11882341242969573,0.247080401798911,8.249640926848082,2.2512481413807945,0.26611744925316394,0.11147383325708915,4.704505684829437,1787.5806451612902,0.60552178431485
partial_overlap,1,unweighted_icp,1.0,0.08852817006624124,0.03274878861121055,0.4305555555555556,3.912383310748556,0.11907623691472441,0.24672824008845123,8.138345572884313,2.1870260237019434,0.2625272765446553,0.14887417267696604,6.360801079652512,1790.0,0.6077881505389394
partial_overlap,2,distance_weighted_icp,0.01,0.1710420796858621,0.03413551787300347,0.16666666666666666,11.632664896095394,0.14359471020509298,0.430963438851909,13.577380844229237,5.947169428726273,0.43798002723320123,0.00037528078170744435,0.019463679198331325,1689.774193548387,0.47065821106635264
partial_overlap,2,distance_weighted_icp,0.03,0.1601827989639441,0.03553594025870914,0.19277777777777777,11.735166904624062,0.1248212824637698,0.40235575047395455,13.136066990917765,5.571369392915469,0.42374409648121825,0.0012118069731600596,0.06489543091828862,1705.225806451613,0.47587327291835574
partial_overlap,2,distance_weighted_icp,0.05,0.15035481031838527,0.03566717902443034,0.2238888888888889,11.76060320617777,0.10672132351897595,0.37468216589913894,12.697740038912436,5.214842762501733,0.4096045173842721,0.002129168645462153,0.11815290941256512,1720.3870967741937,0.48206049757775393
partial_overlap,2,distance_weighted_icp,0.1,0.13030122717441978,0.035502200487428526,0.32666666666666666,11.39223306622923,0.06666809711129887,0.31089165494801096,11.659376769424231,4.434925813918547,0.3761089280459429,0.004567360118984275,0.27553849413075887,1743.1935483870968,0.4973918609472107
partial_overlap,2,distance_weighted_icp,0.2,0.10422019959955221,0.032669467121115424,0.5555555555555556,8.53724529174431,0.01273678935724608,0.2023294418742414,9.776677804122091,3.24824905223191,0.31537670335877716,0.011020331375794707,0.6159510284748002,1765.4193548387098,0.5329042280719698
partial_overlap,2,distance_weighted_icp,0.4,0.0880762958954492,0.030122006616625435,0.6977777777777778,3.1081959040434377,0.030493239025250623,0.1496514939611342,7.550519262681878,2.1044252560614076,0.24356513750586703,0.026609684902247573,1.4903299675531585,1781.483870967742,0.589085839423781
partial_overlap,2,distance_weighted_icp,0.75,0.08772913803347392,0.029691282508430842,0.7116666666666667,1.7128655007145681,0.030385116505204236,0.13524290954582385,6.131139712315594,1.4523681152266927,0.19777870039727724,0.051958796686799515,3.0819859267300096,1789.3870967741937,0.6268100053401144
partial_overlap,2,distance_weighted_icp,1.0,0.0879671839570077,0.029431414665774598,0.7144444444444444,1.6167027425560807,0.029266689909673037,0.13340090129224155,5.68969985795978,1.2575796678745876,0.18353870509547676,0.06969786242198114,4.268076468912121,1791.6129032258063,0.637880093815348
partial_overlap,2,mlp_weighted_icp,0.01,0.16978211125655715,0.03441481700361958,0.17,11.462659741882963,0.14144031688897057,0.42584902556435733,13.497820977553452,5.878149329249821,0.4354135799210791,0.00047038657812809823,0.02083379674086594,1691.6451612903227,0.47216221958650473
partial_overlap,2,mlp_weighted_icp,0.03,0.15707270209817248,0.03517315364689465,0.19277777777777777,11.167930888677,0.11961118425294236,0.3883631952378849,12.907495877421589,5.383225728497851,0.4163708347555351,0.001550693407225972,0.06500455910602895,1713.4516129032259,0.48019715812614366
partial_overlap,2,mlp_weighted_icp,0.05,0.14615968113545216,0.03552582806254343,0.23055555555555557,10.809623349143514,0.10021485682775898,0.3544707714546463,12.347748274405602,4.941121149345605,0.3983144604646968,0.0027514656176279547,0.12785407970955778,1729.0,0.4877811599872296
partial_overlap,2,mlp_weighted_icp,0.1,0.12505891550629847,0.03536704760747813,0.385,9.480527017421252,0.05925229318461144,0.2791164788651225,11.071915084391126,4.029808389886218,0.35715855110939115,0.006145458061793988,0.2525249205569692,1750.0,0.5106994701671448
partial_overlap,2,mlp_weighted_icp,0.2,0.10291203081749906,0.030315157653344513,0.6255555555555555,5.779777780441171,0.012021457567666032,0.1727312661895768,8.965730431028351,2.800193588383835,0.28921711067833394,0.014840031957334555,0.5825319979715825,1769.9032258064517,0.5570722820803494
partial_overlap,2,mlp_weighted_icp,0.4,0.09436008907209084,0.01985205148382449,0.7294444444444445,0.9583530468606833,0.010047043857750388,0.11399066339844807,6.574492534692394,1.7096297771300266,0.21208040434491593,0.03355254643215959,1.5278280798531072,1783.1935483870968,0.6177730189873162
partial_overlap,2,mlp_weighted_icp,0.75,0.09472479949373408,0.01905495199511979,0.7283333333333334,0.5746082126030085,0.009809262435643517,0.11028014405540769,5.170845788375669,1.126990452340305,0.1668014770443764,0.06327329578737445,2.8768121124484387,1789.4516129032259,0.6534646523684045
partial_overlap,2,mlp_weighted_icp,1.0,0.09472480098858592,0.01905494867475597,0.7283333333333334,0.5746061050790109,0.009809263654132252,0.11028012569350827,4.776203779449238,0.9649504220870729,0.15407108965965285,0.08447395487229395,3.8332462767712854,1791.0645161290322,0.663227020838297
partial_overlap,2,unweighted_icp,0.01,0.1640110949467548,0.03506270336055955,0.17888888888888888,11.599051500887862,0.13284914196377864,0.41285075191941206,13.300242806700087,5.70918705025073,0.4290400905387125,0.0007777549382632148,0.03225402584194275,1705.0,0.47462745201783313
partial_overlap,2,unweighted_icp,0.03,0.14171289998134604,0.03558895851188346,0.2461111111111111,11.385097079564467,0.0945158636244302,0.3500797344014209,12.309917705169656,4.9132588219469495,0.39709411952160184,0.002489011929612159,0.11992804195303718,1737.4516129032259,0.4890113543747454
partial_overlap,2,unweighted_icp,0.05,0.12395106049951769,0.0334348527891486,0.31055555555555553,10.889094034139738,0.06197260315988468,0.2948146040007998,11.376535743027318,4.238680728161395,0.36698502396862315,0.004601449280584922,0.20972056173512219,1750.9354838709678,0.5056876815325247
partial_overlap,2,unweighted_icp,0.1,0.09775183213328326,0.03414292186783755,0.45166666666666666,9.084483888313995,0.029217234090799564,0.2178139051072228,9.549069996259595,3.0986378121366993,0.30803451600837406,0.010937657088673875,0.46857910521836077,1770.0,0.5385223938383404
partial_overlap,2,unweighted_icp,0.2,0.08303596361632193,0.03428223984857282,0.5066666666666667,5.688940473337011,0.07151946434968962,0.21144483269938166,8.145437823698336,2.296036618287894,0.26275605882897857,0.026706381172623483,1.0391748445359061,1783.9032258064517,0.5756744789189404
partial_overlap,2,unweighted_icp,0.4,0.07978144271420194,0.03140277353332238,0.4688888888888889,2.638424593181216,0.09644952825115824,0.20261521689717232,7.338642969407309,1.8521996895425659,0.23673041836797773,0.056693768407083026,2.361442580438231,1790.9032258064517,0.5979133864495093
partial_overlap,2,unweighted_icp,0.75,0.07969780289237237,0.0315303546091362,0.46944444444444444,2.3006835052549137,0.10072173542205223,0.20342637336697372,6.959045850045957,1.6458216984783194,0.22448535000148248,0.10767436246196439,4.693286622985509,1794.1935483870968,0.6060352489813885
partial_overlap,2,unweighted_icp,1.0,0.07969714711259547,0.03145684240200246,0.4666666666666667,2.304731409115563,0.10106137872396583,0.20380583992771692,6.852189799204408,1.5881433504373228,0.22103838061949702,0.1439369373615441,6.5492449324477775,1794.9032258064517,0.6079358735003326
static_noise,0,distance_weighted_icp,0.01,0.09240989647841871,0.03528185284543564,0.27666666666666667,11.277293326392288,0.14608535598495834,0.3512681857272999,11.094905834551737,3.971357776002747,0.35790018821134634,0.0002590053638768552,0.01317587771484758,1800.0,0.5451618217411951
static_noise,0,distance_weighted_icp,0.03,0.08527209211190113,0.03546975026088784,0.30277777777777776,10.763117528267681,0.13239807544163493,0.3253013428362129,10.68945114513482,3.690188919983669,0.3448210046817684,0.0008311442700534855,0.045968397197844894,1800.0,0.5547825779163473
static_noise,0,distance_weighted_icp,0.05,0.07851722663181412,0.03563731200598311,0.33166666666666667,10.189906930155251,0.11939200355387003,0.29980829948723664,10.288482227234047,3.426163360797371,0.3318865234591628,0.0014512965848447557,0.07901757272606513,1800.0,0.5649335905945054
static_noise,0,distance_weighted_icp,0.1,0.06349508869626322,0.035054416237903285,0.44555555555555554,8.74495829112642,0.08917922232566286,0.24012389393319028,9.315552647884868,2.8425928338924322,0.3005016983188667,0.0031160803926503743,0.1787352725552271,1800.0,0.5949775306968843
static_noise,0,distance_weighted_icp,0.2,0.0401524022009843,0.032466763914648165,0.8188888888888889,5.515991918904342,0.041041791982714106,0.13635411337274184,7.544609389503379,1.981601519781483,0.2433744964355929,0.00712348146590407,0.40923318028961025,1800.0,0.6568626703038037
static_noise,0,distance_weighted_icp,0.4,0.016007503461177925,0.016007503461177925,1.0,0.31307617342995264,0.0019533878926770664,0.021091653088154517,4.8476334777206,1.106325407750455,0.15637527347485808,0.018319822395748305,1.205105430028414,1800.0,0.7504946928542893
static_noise,0,distance_weighted_icp,0.75,0.01568759261088268,0.01568759261088268,1.0,0.059810465517021114,0.00047970886019553613,0.01676540612624843,2.8888115435738886,0.6212428836569301,0.09318746914754479,0.03579834075518948,2.1543252034609983,1800.0,0.8079769669232439
static_noise,0,distance_weighted_icp,1.0,0.015687581063769857,0.015687581063769857,1.0,0.06115929006033289,0.0004844660571890015,0.01678364002156219,2.339285944357454,0.4859034845048634,0.07546083691475658,0.047677491007320945,2.6974793488708846,1800.0,0.8238795010108586
static_noise,0,mlp_weighted_icp,0.01,0.09124212545977459,0.03514772452615694,0.2783333333333333,11.196078513284693,0.142858336689267,0.34606124728188853,11.013673350440754,3.9138788990440885,0.35527978549808886,0.00038080582097677507,0.015873173214742655,1800.0,0.5470922227711068
static_noise,0,mlp_weighted_icp,0.03,0.08189195017655732,0.035541126834766054,0.3161111111111111,10.428682802533885,0.1236086061245214,0.30978738432641756,10.443920571874186,3.526882531051892,0.3369006636088447,0.0012571611088977885,0.05653244758907191,1800.0,0.5616310500097588
static_noise,0,mlp_weighted_icp,0.05,0.07328589488144684,0.0351633925315969,0.36444444444444446,9.589037971341352,0.106474522828394,0.2756507974232544,9.894017208264374,3.179699281510132,0.31916184542788306,0.002195466385920831,0.09752881026920059,1800.0,0.5780673487386134
static_noise,0,mlp_weighted_icp,0.1,0.05597600250812917,0.034939974702298544,0.5377777777777778,7.593868873917353,0.07165704586419878,0.20357173711150148,8.64649020990598,2.4834258984125483,0.27891903902922516,0.005053847057138128,0.2184267935065285,1800.0,0.6179299680216999
static_noise,0,mlp_weighted_icp,0.2,0.03219015496964338,0.029051987104795778,0.9277777777777778,3.8663096422170247,0.026314220075563086,0.0971674714673767,6.587906347275301,1.5980947824977856,0.21251310797662262,0.012036134728132346,0.4734491849380664,1800.0,0.6904464017057036
static_noise,0,mlp_weighted_icp,0.4,0.015703352971036613,0.015703352971036613,1.0,0.05421368727543228,0.0004523461724254819,0.016697836016216418,3.9596598753622083,0.8575355986773922,0.12773096372136156,0.02807119209823596,1.323910456290872,1800.0,0.7777733379744464
static_noise,0,mlp_weighted_icp,0.75,0.01568761859847018,0.01568761859847018,1.0,0.06386308598915234,0.0004850253227744814,0.016811274781136185,2.405986984484011,0.4889782349919403,0.07761248337045197,0.05298154005428437,2.4942393626936847,1800.0,0.8226803562742592
static_noise,0,mlp_weighted_icp,1.0,0.015687618598495007,0.015687618598495007,1.0,0.06386308772180115,0.00048502533900132916,0.01681127481471435,1.9742341076569132,0.3855504049761714,0.06368497121473914,0.07064205349760032,3.2899003498537165,1800.0,0.8350908080249592
static_noise,0,unweighted_icp,0.01,0.09057591793259218,0.03498932873071295,0.275,10.938011405962838,0.14342471732995232,0.3433807493221729,10.969284606578524,3.882694344925582,0.3538478905347911,0.00036750569685052565,0.026137162200172228,1800.0,0.5471797962880731
static_noise,0,unweighted_icp,0.03,0.08052479425379484,0.03590857799241103,0.31666666666666665,9.871243768281238,0.12557986361696233,0.3048170955535695,10.346354220353101,3.462944069970071,0.3337533619468742,0.0012049626479964481,0.08680028194012038,1800.0,0.5606442819543536
static_noise,0,unweighted_icp,0.05,0.07202358811678533,0.034818170819354365,0.3472222222222222,8.93245175886414,0.10972593331297673,0.27107403901840343,9.773168767147311,3.105227909834253,0.3152635086176552,0.0021733651913188037,0.15410869604115082,1800.0,0.5766489559299464
static_noise,0,unweighted_icp,0.1,0.05538071551401689,0.03562251862489686,0.5311111111111111,7.012719774705478,0.07576663681833057,0.20127455007940223,8.5310208663684,2.41968415573365,0.27519422149575484,0.004889011187636344,0.3499146360901215,1800.0,0.6174175534587324
static_noise,0,unweighted_icp,0.2,0.03279339848829412,0.029636184633088532,0.9227777777777778,3.8218587313277803,0.029527272150447842,0.10053925795201976,6.5439274931463425,1.5680474860526208,0.21109443526278523,0.011192963965781772,0.7057759632202997,1800.0,0.6907018215603077
static_noise,0,unweighted_icp,0.4,0.015705545158939356,0.015705545158939356,1.0,0.05591950345824799,0.0005195806247473944,0.016784320818269232,3.9544929024312725,0.8423829250204732,0.12756428717520235,0.02674018193941816,1.8149586769905999,1800.0,0.7775969734123611
static_noise,0,unweighted_icp,0.75,0.015687590866202538,0.015687590866202538,1.0,0.05943144593492385,0.00047557277428462324,0.0167574780998364,2.3759082037947215,0.4724735921176578,0.07664220012241037,0.05057471283165826,3.468592023337473,1800.0,0.8235800394398005
static_noise,0,unweighted_icp,1.0,0.015687590866202538,0.015687590866202538,1.0,0.05943146259152123,0.00047557292182098484,0.016757478413938737,1.9255200606026954,0.3663737261911462,0.062113550342022435,0.06739150768818819,4.587877377233215,1800.0,0.8366495964347319
static_noise,1,distance_weighted_icp,0.01,0.09231324842857419,0.035553871548989514,0.2927777777777778,11.233083097858954,0.14639960514500405,0.3510436845521678,11.095111123191721,3.9715277416925683,0.3579068104255394,0.0002535807494148384,0.013613984516388926,1800.0,0.5436359112783686
static_noise,1,distance_weighted_icp,0.03,0.08477260593704604,0.03474160690507996,0.315,10.643837400617459,0.13248709858664742,0.3236980785298681,10.6711234682142,3.677965689146925,0.34422978929723225,0.0008127743627490951,0.04518482453873206,1800.0,0.5546369038057364
static_noise,1,distance_weighted_icp,0.05,0.0777785999754864,0.0338460987498158,0.33166666666666667,10.010191322909915,0.11917527670333893,0.2970557899079245,10.251344932903338,3.4026744404080564,0.33068854622268834,0.0014126938115824133,0.07925410467917325,1800.0,0.5655811004925183
static_noise,1,distance_weighted_icp,0.1,0.062083702133648194,0.03482566347460839,0.4477777777777778,8.392093563576568,0.08798801346293329,0.2339926512323472,9.237028576141181,2.7996825607413776,0.2979686637464897,0.002995099471486474,0.17191017709170375,1800.0,0.5917387312649726
static_noise,1,distance_weighted_icp,0.2,0.040893975351915315,0.032895621238315714,0.8072222222222222,5.54049301460189,0.04170825404869714,0.13800715954663137,7.460618737045343,1.9413127094745803,0.2406651205498498,0.007059084108902613,0.4194330094839182,1800.0,0.650619499196534
static_noise,1,distance_weighted_icp,0.4,0.015704003969243437,0.015704003969243437,1.0,0.3611442262032361,0.0025942754366621934,0.02190972166793799,4.824805109857529,1.0903283135415454,0.1556388745115332,0.01795645293157215,1.0161850082175754,1800.0,0.7471334260425175
static_noise,1,distance_weighted_icp,0.75,0.015393765035919382,0.015393765035919382,1.0,0.06601989955664109,0.0007134294963937577,0.01676739352787955,2.8812304354856524,0.6140077102357628,0.09294291727373072,0.03480675594998475,2.1556872278790755,1800.0,0.8067713422740381
static_noise,1,distance_weighted_icp,1.0,0.015393765038033271,0.015393765038033271,1.0,0.06601995907127264,0.0007134282934110811,0.01676739292215708,2.3352570068989835,0.4818641133796165,0.07533087119028979,0.04598447985409488,2.852607607230432,1800.0,0.8232458046014814
static_noise,1,mlp_weighted_icp,0.01,0.09101634743095535,0.035349094180651804,0.29555555555555557,11.117283408996292,0.14352155068461303,0.3457107322055313,11.010709907762354,3.9118241378019616,0.3551841905729792,0.0003492836217929534,0.018058388063538516,1800.0,0.545919757107194
static_noise,1,mlp_weighted_icp,0.03,0.0813113262337283,0.03431700297144798,0.32222222222222224,10.282253171566856,0.12504767340187578,0.30918153135127263,10.433262779802464,3.5199247332442987,0.3365568638645956,0.0011500517289710845,0.0591643025275327,1800.0,0.5615370698359905
static_noise,1,mlp_weighted_icp,0.05,0.07280733537489058,0.03414594333381627,0.35944444444444446,9.402886890020195,0.10856857676163005,0.2754047810367226,9.881860141346795,3.1721561043879105,0.31876968197892885,0.002018822404512477,0.1074344217913823,1800.0,0.5754422634478435
static_noise,1,mlp_weighted_icp,0.1,0.05481863871548564,0.0352020818239517,0.5472222222222223,7.325129395819814,0.07270790854869764,0.2007778412223814,8.61005571591933,2.466118034603079,0.2777437327715913,0.004708198691847777,0.22101721710534408,1800.0,0.6099955025078422
static_noise,1,mlp_weighted_icp,0.2,0.03244984277770989,0.029225254091213543,0.9216666666666666,3.7831262265723757,0.027688095414482514,0.09796920045791616,6.577607802931757,1.5910156924444656,0.21218089686876634,0.010877166705072267,0.4687093517079887,1800.0,0.6850162726235632
static_noise,1,mlp_weighted_icp,0.4,0.01541699093028743,0.01541699093028743,1.0,0.09554757637566585,0.0010811138328132006,0.01745358052685729,3.9616592736233596,0.8561879878329736,0.12779546043946322,0.026091300688500605,1.3372906460599827,1800.0,0.7751469097470157
static_noise,1,mlp_weighted_icp,0.75,0.015393863820502136,0.015393863820502136,1.0,0.06914102029176836,0.0007227041781957158,0.016807978201615534,2.4054332263077485,0.48713522627354716,0.07759462020347575,0.04921325167579749,2.456227677609478,1800.0,0.8219649481045751
static_noise,1,mlp_weighted_icp,1.0,0.015393863820545025,0.015393863820545025,1.0,0.06914102119861575,0.000722704170898991,0.016807978203430173,1.962074372852525,0.3820523588740113,0.06329272170492016,0.06561766896469391,3.3039541329657824,1800.0,0.8354942274536837
static_noise,1,unweighted_icp,0.01,0.09039632087314936,0.0355357845733727,0.29888888888888887,10.920102061893775,0.14377020088861256,0.34336754238069966,10.97175067424141,3.884458433066022,0.3539274411045616,0.0003556145505492423,0.02581722765263197,1800.0,0.5458222791477185
static_noise,1,unweighted_icp,0.03,0.08013950147535565,0.03415682790812427,0.32166666666666666,9.841921350099385,0.12599106858797884,0.3045497835643283,10.343527305066464,3.461235682391081,0.3336621711311763,0.0011478041591340376,0.08707074958616237,1800.0,0.5610938572080864
static_noise,1,unweighted_icp,0.05,0.07171299801073273,0.03413636479891932,0.35944444444444446,8.876286607573808,0.1102080710415867,0.2706839351280575,9.76794007327058,3.1022237073713606,0.31509484107324454,0.0020270113279193037,0.15851268828812975,1800.0,0.5754022388431453
static_noise,1,unweighted_icp,0.1,0.05476965540591702,0.035431127132494245,0.5305555555555556,6.959177124623291,0.07591037318088023,0.20027179983303017,8.509579169777348,2.4097190307761376,0.2745025538637854,0.004530038963168491,0.35084106048716823,1800.0,0.6100659996605835
static_noise,1,unweighted_icp,0.2,0.03369978305892956,0.030206428076122886,0.9077777777777778,3.9284578802662473,0.03051147942814182,0.10349584128973385,6.577399447420175,1.5750654180630264,0.21217417572323147,0.01061232825536302,0.7294265579717939,1800.0,0.6824274857774502
static_noise,1,unweighted_icp,0.4,0.015424665406737237,0.015424665406737237,1.0,0.11360984460532499,0.0011351065974947916,0.017695870450285277,3.985673032414997,0.8474532031742069,0.1285700978198386,0.025714548237839602,1.8380424851073582,1800.0,0.7738122964992987
static_noise,1,unweighted_icp,0.75,0.015393763271073216,0.015393763271073216,1.0,0.06585000743934515,0.0007146602672799747,0.01676692361274664,2.3956968013465745,0.4764548093009852,0.07728054197892176,0.048620693448211114,3.45792928433398,1800.0,0.8221517501633464
static_noise,1,unweighted_icp,1.0,0.015393763271073217,0.015393763271073217,1.0,0.06585000988762243,0.000714660210153773,0.016766923580103215,1.9589329389932266,0.3741408756079066,0.06319138512881377,0.06479725582103317,4.564960244402324,1800.0,0.8353516565207694
static_noise,2,distance_weighted_icp,0.01,0.09480851390012351,0.035018663775568136,0.2477777777777778,11.212908789981725,0.14550380583054057,0.3524414076304813,11.159243657314995,4.017682897298269,0.35997560184887084,0.0002787213112723285,0.014769111676492395,1800.0,0.5584672335326377
static_noise,2,distance_weighted_icp,0.03,0.08615213855276106,0.03508521580864303,0.2722222222222222,10.51076712915679,0.13008653882675922,0.3213463486710882,10.683612259105532,3.68780196317349,0.34463265351953326,0.000862452557464639,0.04772103625213211,1800.0,0.5684276663996946
static_noise,2,distance_weighted_icp,0.05,0.07797153951138046,0.034754809381285424,0.3011111111111111,9.795157367582412,0.11506494180774868,0.2909880549949533,10.20454697378873,3.375497220960953,0.32917893463834613,0.0014988096638434343,0.0855369166674261,1800.0,0.5802502142136527
static_noise,2,distance_weighted_icp,0.1,0.06141056499014656,0.03571391403152141,0.44166666666666665,8.072383441253006,0.08271725205035477,0.22485165145303138,9.089011520054347,2.7219288707343745,0.29319392000175315,0.0033800909088324014,0.18942126824229444,1800.0,0.6085964089975393
static_noise,2,distance_weighted_icp,0.2,0.03667031967799397,0.031201335262325477,0.8616666666666667,4.709217819620505,0.03533813173932945,0.11910062961352846,7.168891124567763,1.8301368922874304,0.2312545524054117,0.008010153856943135,0.4047318833030731,1800.0,0.6710449021409931
static_noise,2,distance_weighted_icp,0.4,0.015660397768158342,0.015609950935746582,0.9994444444444445,0.23311291154715022,0.0018049291492394785,0.019796456032869322,4.476397256802761,1.0021126761129453,0.14439991150976647,0.02055555111980874,1.1323683372579851,1800.0,0.7628842015354577
static_noise,2,distance_weighted_icp,0.75,0.015551623646167297,0.015499455737168908,0.9994444444444445,0.07001882385101191,0.0008765646040979243,0.01712837648877534,2.6902607444590734,0.5666276345316369,0.0867826046599701,0.03879594388630965,2.2435213018444706,1800.0,0.8148277675449438
static_noise,2,distance_weighted_icp,1.0,0.015551623645372483,0.015499455739886458,0.9994444444444445,0.070018554978202,0.0008765643520356047,0.017128373547190108,2.1844792864907108,0.4442424560714309,0.07046707375776487,0.05170723746733973,2.8068950036605758,1800.0,0.8292929606374682
static_noise,2,mlp_weighted_icp,0.01,0.09336999682960896,0.03497167732800385,0.24944444444444444,11.089115717745846,0.1426279952563208,0.3468891492633882,11.07285913427372,3.9562729050504046,0.3571890043314103,0.0003920776747997006,0.020816202897221664,1800.0,0.5601263773880495
static_noise,2,mlp_weighted_icp,0.03,0.08216415649574635,0.03494556214692625,0.28555555555555556,10.11588678304455,0.1224601744960465,0.30578319882223837,10.432223172979667,3.5212560284092356,0.3365233281606344,0.0012461291337007331,0.06679084282335093,1800.0,0.5746863730666201
static_noise,2,mlp_weighted_icp,0.05,0.07266748470415083,0.035221515266637575,0.32666666666666666,9.181506999217614,0.10483725109243791,0.2693198057887649,9.820468490492464,3.138185584173509,0.3167893061449182,0.0022798077907721717,0.12389355886699167,1800.0,0.5896340171154635
static_noise,2,mlp_weighted_icp,0.1,0.05414779955190247,0.0351090247380509,0.5416666666666666,7.081388769975544,0.06881473699907996,0.19377642425073788,8.480890861746001,2.403785723251892,0.27357712457245165,0.0051815326407588114,0.2622565897447968,1800.0,0.6261934678016201
static_noise,2,mlp_weighted_icp,0.2,0.029797124160721087,0.027871792910096033,0.9516666666666667,3.395677519936064,0.02439112951042594,0.08814502887050767,6.359425610658642,1.5181225576098656,0.20514276163414974,0.012430936076284777,0.5819914075168884,1800.0,0.7004505044699081
static_noise,2,mlp_weighted_icp,0.4,0.015562041197534387,0.015510510300614462,0.9994444444444445,0.10279881830912202,0.0010953308770156474,0.017685360257641253,3.80193332993094,0.8126347627148348,0.12264301064293355,0.028784575723178926,1.5909051301461954,1800.0,0.7835809166156651
static_noise,2,mlp_weighted_icp,0.75,0.015551708789922689,0.015499536962345196,0.9994444444444445,0.07268604425690327,0.0008951908842108271,0.01717376011670255,2.319022649253234,0.4632783760961371,0.0748071822339753,0.05425977494066189,2.868305520496757,1800.0,0.8262008585989193
static_noise,2,mlp_weighted_icp,1.0,0.015551708789936494,0.015499536962349675,0.9994444444444445,0.07268604407207588,0.0008951908841255126,0.017173760114782763,1.90031260634253,0.3653709663913428,0.06130040665621064,0.07234636660040523,3.712062178619722,1800.0,0.8383014250068292
static_noise,2,unweighted_icp,0.01,0.09277077259151664,0.03502758725278085,0.24888888888888888,10.879000551146893,0.14276371568436028,0.34432449378734586,11.031348698942558,3.926981928316735,0.3558499580304051,0.0003959863315953384,0.026846780363497944,1800.0,0.560294711055352
static_noise,2,unweighted_icp,0.03,0.08115725018557632,0.0353005865177589,0.2872222222222222,9.671107519282726,0.12313400408432033,0.30100232946272387,10.335404092233485,3.458085067440589,0.33340013200753177,0.001306665833872382,0.08677896988248417,1800.0,0.5755363771450187
static_noise,2,unweighted_icp,0.05,0.07178133866649887,0.03550458794590111,0.3283333333333333,8.653725066673571,0.10598159260966367,0.2643001819428983,9.699470671630781,3.0646203448529516,0.31288615069776715,0.002342569010430242,0.1608433410423321,1800.0,0.5902261812425712
static_noise,2,unweighted_icp,0.1,0.05404127347819494,0.03539861814009231,0.5127777777777778,6.599254527277981,0.07133715526256211,0.19137097401353687,8.358619518308574,2.3381048983696173,0.26963288768737337,0.005199037381835327,0.345864649119479,1800.0,0.6255714909949108
static_noise,2,unweighted_icp,0.2,0.030191303266621058,0.028639035610624003,0.9594444444444444,3.339267660380484,0.025572942534756213,0.08915692240518211,6.30024571880557,1.4839846310033555,0.20323373286469582,0.012227323259815437,0.788742903855027,1800.0,0.6990163317987157
static_noise,2,unweighted_icp,0.4,0.015562702148110305,0.015511253467757887,0.9994444444444445,0.09941153628633322,0.0010789992336570908,0.01763581674463073,3.7500393552038433,0.7889837350175171,0.12096901145818849,0.028576909278212857,1.8871755729040984,1800.0,0.7835926773361597
static_noise,2,unweighted_icp,0.75,0.015551621818722813,0.015499467254513965,0.9994444444444445,0.07002528826010927,0.0008809818938494755,0.01713285659517338,2.288490009791252,0.44903196869559275,0.07382225838036298,0.053939990537377074,3.559065076310073,1800.0,0.8260887531737892
static_noise,2,unweighted_icp,1.0,0.015551621818722813,0.01549946725456279,0.9994444444444445,0.07002527674379823,0.000880981860716082,0.017132856446876878,1.8572475334835563,0.3487100048219304,0.05991121075753408,0.07197047631226355,4.697971004042836,1800.0,0.8387317709036409
strong_noise,0,distance_weighted_icp,0.01,0.08341208473863423,0.03608770077074283,0.3327777777777778,11.272374446540333,0.1477281839074425,0.34386401311148007,10.824174141531097,3.7797547259418587,0.3491669077913257,0.00020960374512394583,0.012603960843642468,1800.0,0.4788178998158066
strong_noise,0,distance_weighted_icp,0.03,0.07823688783064892,0.03593458665730231,0.35944444444444446,10.709919695681672,0.13705707010426296,0.3223931548917286,10.494136854934982,3.5553097968871015,0.33852054370758006,0.0006841562099298743,0.040874263262826734,1800.0,0.4872427008909243
strong_noise,0,distance_weighted_icp,0.05,0.07300613694510191,0.03621418611429994,0.39944444444444444,10.098320725967307,0.126795887796423,0.300785232001198,10.160884073415131,3.3383931939700835,0.32777045398113325,0.0011991592465719577,0.07357073810761607,1800.0,0.49806635583272785
strong_noise,0,distance_weighted_icp,0.1,0.061606854983795964,0.03546109757294956,0.48277777777777775,8.686598849416853,0.10288133563429155,0.25135417911225605,9.351377744571865,2.850854758940002,0.30165734659909244,0.002489188850905543,0.16770301860295195,1800.0,0.5224074488585372
strong_noise,0,distance_weighted_icp,0.2,0.04606312215076137,0.03411654284497322,0.7072222222222222,6.376045511380779,0.061924325453673934,0.17174790271824308,7.9406501510062775,2.126754986738939,0.25615000487117023,0.005648858589010293,0.39787229717854405,1800.0,0.5674659967398127
strong_noise,0,distance_weighted_icp,0.4,0.032752923457663084,0.030643012460185182,0.945,2.5821759371475763,0.021166444006304463,0.07974112683544331,5.832844223998647,1.3103820283182885,0.18815626529027893,0.013869490070917923,0.9496453377160492,1800.0,0.6387230388899113
strong_noise,0,distance_weighted_icp,0.75,0.029297846360073303,0.02793800803320972,0.9694444444444444,0.3175669971177821,0.0026238977775985576,0.03509741410884968,3.821228788085378,0.7550272772930013,0.12326544477694767,0.028366521991943297,2.0573723270576694,1800.0,0.6993976430754003
strong_noise,0,distance_weighted_icp,1.0,0.029283707353487058,0.027975726927348968,0.9711111111111111,0.3880819658868358,0.0025812490240775844,0.035745776036433,3.174183421833017,0.5913291234710993,0.10239301360751668,0.03880231833063097,2.6633256071486735,1800.0,0.7173968726147734
strong_noise,0,mlp_weighted_icp,0.01,0.08262704955648122,0.03610641306202094,0.3377777777777778,11.213919635595428,0.14515854587139093,0.3399247917838264,10.762887319627563,3.737351735138356,0.347189913536373,0.00031183670048206733,0.014118707438253653,1800.0,0.4798254832060427
strong_noise,0,mlp_weighted_icp,0.03,0.07598362238488986,0.036057885083489345,0.37777777777777777,10.512468199641239,0.13007712267379318,0.31118542705509544,10.312643750470887,3.4358672072891028,0.33266592743454476,0.0010076762772144384,0.04667960378643238,1800.0,0.49352537486147635
strong_noise,0,mlp_weighted_icp,0.05,0.06982616773731226,0.03575257949885349,0.41888888888888887,9.792236022266573,0.11701232593036971,0.28476085389034766,9.878845118413434,3.161714554101376,0.3186724231746269,0.0017715557379231024,0.08475925535737826,1800.0,0.5072813235501591
strong_noise,0,mlp_weighted_icp,0.1,0.05732941478456827,0.035370148659894386,0.545,8.325839136630508,0.08884089419639205,0.2294287003472654,8.909265704196882,2.6039257110921397,0.28739566787731874,0.003911885405537262,0.19497677943862618,1800.0,0.5378806468883068
strong_noise,0,mlp_weighted_icp,0.2,0.04194607884925318,0.033180419326645234,0.7772222222222223,5.672152682032828,0.04846298557605796,0.1471305912456394,7.3407852484896745,1.8549585655240375,0.23679952414482822,0.009105616668498408,0.4559277598605851,1800.0,0.5883864904312002
strong_noise,0,mlp_weighted_icp,0.4,0.03081611059659922,0.029119204158212363,0.9572222222222222,1.6519396216531697,0.011839083199506478,0.05917459001263739,5.182116351667751,1.0964385070177558,0.1671650436021855,0.021136488560600887,1.0730913126904449,1800.0,0.6603842223015015
strong_noise,0,mlp_weighted_icp,0.75,0.029293721129543107,0.02792946068456268,0.9694444444444444,0.3285231343702215,0.0022101355506636724,0.03478908802390899,3.3636736657923545,0.629473617212549,0.10850560212233401,0.041561513067230035,2.2594733886330096,1800.0,0.7125186707237089
strong_noise,0,mlp_weighted_icp,1.0,0.029287607025004905,0.027905391091853086,0.9688888888888889,0.35607003628490547,0.0021022164518851743,0.03495052383973914,2.807179634427954,0.49180746895190086,0.09055418175574044,0.055606181154349364,2.865639845395961,1800.0,0.7278100687739861
strong_noise,0,unweighted_icp,0.01,0.08218429153068835,0.03614837584539791,0.3388888888888889,10.987934591209166,0.14585840842353517,0.3379220458663152,10.730354945794753,3.7149673161801067,0.3461404821224114,0.0002841320885023018,0.021831284172112636,1800.0,0.4797320766648198
strong_noise,0,unweighted_icp,0.03,0.07486145938275414,0.036302693661043085,0.38,9.966239329158807,0.13211178770594273,0.3066356403802849,10.234030272000316,3.3848397858300947,0.33013000877420373,0.0009168872448174951,0.06808916331383094,1800.0,0.493027965462631
strong_noise,0,unweighted_icp,0.05,0.06833314553093213,0.03566383392051442,0.41,9.032418749145984,0.11973066649576491,0.27838799951815685,9.763177775745538,3.0909024410838533,0.3149412185724367,0.0016011462781534774,0.1280895013917765,1800.0,0.5070739737676616
strong_noise,0,unweighted_icp,0.1,0.05610703144574987,0.03581728171381524,0.5344444444444445,7.332759653112544,0.09253775789152316,0.2219723858683985,8.740355308981574,2.512728084757851,0.2819469454510185,0.0036069733912572456,0.2982707028252457,1800.0,0.5372498288471588
strong_noise,0,unweighted_icp,0.2,0.041050410343877686,0.03337717195334893,0.7861111111111111,4.829289617251908,0.05175050111024854,0.1410938076266453,7.1398529835528945,1.766379219748958,0.23031783817912563,0.008562112808291148,0.6828550237657646,1800.0,0.5898495261862859
strong_noise,0,unweighted_icp,0.4,0.030824384419786823,0.029091269251543726,0.9566666666666667,1.5226529664103887,0.014768135256971699,0.06081904934086241,5.05407651553812,1.0454121858878949,0.1630347263076813,0.01922420401440857,1.4056208948736344,1800.0,0.6616158003990016
strong_noise,0,unweighted_icp,0.75,0.029290748667202354,0.027929468000074707,0.9694444444444444,0.3638729529118578,0.0027910440802109454,0.03572052227653188,3.305580410937797,0.5994435039388085,0.10663162615928377,0.038645708145407055,2.959451810229153,1800.0,0.7132942411993554
strong_noise,0,unweighted_icp,1.0,0.029282350592469985,0.027940789445613824,0.97,0.40196231856200176,0.002699866791486316,0.036001840569576324,2.774422960449498,0.46978820301413166,0.08949751485320961,0.05152638205231522,3.9702329981839592,1800.0,0.7282078105815226
strong_noise,1,distance_weighted_icp,0.01,0.08125467992490444,0.03561584785281889,0.3211111111111111,11.287529888383181,0.14724131135617508,0.3413712901649113,10.756743809119587,3.7328485964167273,0.3469917357780512,0.00021998057215196151,0.01141726408830567,1800.0,0.4675907029030651
strong_noise,1,distance_weighted_icp,0.03,0.07572750722087188,0.03576615547949806,0.3661111111111111,10.815806168112555,0.1355647891462436,0.319450358048241,10.410520006422818,3.4991519234756137,0.3358232260136393,0.0006974499416422906,0.03805831735281729,1800.0,0.4762275354800495
strong_noise,1,distance_weighted_icp,0.05,0.07099624113689328,0.03532276969299362,0.4,10.367139975808197,0.12470953024437734,0.2993771711393526,10.08271407533797,3.287248563364434,0.3252488411399345,0.0012187010513958609,0.0661168986204987,1800.0,0.48355337952735206
strong_noise,1,distance_weighted_icp,0.1,0.06120590479913842,0.03529236191585856,0.4816666666666667,9.203927647861732,0.10034801960776821,0.25359320088552395,9.318696550791783,2.8281963734477955,0.30060311454167044,0.0027962234351681216,0.1577656371473188,1800.0,0.5043495871711101
strong_noise,1,distance_weighted_icp,0.2,0.04688090810472988,0.033935359688536046,0.6833333333333333,6.9180499900910455,0.06189468334045918,0.17795609134609952,7.977703151297729,2.136421978684663,0.257345262945088,0.006178135246539627,0.2943482553148928,1800.0,0.5489090233063599
strong_noise,1,distance_weighted_icp,0.4,0.03315792541012498,0.03014981613158083,0.9172222222222223,2.8274456931324212,0.022188373241629134,0.08362075558307833,5.958051513422805,1.341468071318918,0.19219521011041307,0.01458558334736745,0.7222002882310019,1800.0,0.6215677370621725
strong_noise,1,distance_weighted_icp,0.75,0.029398509747582985,0.027909577775511035,0.965,0.2826691767471912,0.0032277007937594458,0.035452902308814344,3.9237206806284877,0.7739883591491317,0.12657163485898348,0.029432510937326205,1.5806869336537672,1800.0,0.6918198678434802
strong_noise,1,distance_weighted_icp,1.0,0.029336530900759765,0.027895971607605593,0.9666666666666667,0.12265288072042854,0.0032110219849960865,0.03377408169296014,3.2355195945365747,0.6031551221210076,0.10437159982376047,0.03987362767748453,2.0683793294647788,1800.0,0.7139570141824083
strong_noise,1,mlp_weighted_icp,0.01,0.08049299251312611,0.03564480142121954,0.32611111111111113,11.218693959538987,0.1452534540785929,0.3379333861871089,10.703498919456273,3.696234313434774,0.34527415869213784,0.00028712800653638064,0.014162297547602384,1800.0,0.4695233217202922
strong_noise,1,mlp_weighted_icp,0.03,0.07374144776955506,0.035557369303317155,0.3788888888888889,10.609578988455295,0.13014717829202954,0.30998441594613757,10.258212148251186,3.399594979038439,0.33091006929842537,0.0009476066756137075,0.04575950809566499,1800.0,0.4798774466351946
strong_noise,1,mlp_weighted_icp,0.05,0.06802945942896416,0.0348680119159882,0.41333333333333333,10.021480508597861,0.11636511333303166,0.28460937784797447,9.839991738024114,3.1361901392559637,0.3174190883233585,0.0016454485684175698,0.08210706655171851,1800.0,0.4898300398167745
strong_noise,1,mlp_weighted_icp,0.1,0.0565333034543184,0.03576294149475209,0.5583333333333333,8.523418122630249,0.08667520150199387,0.22844268618261476,8.885643922425732,2.589077092984439,0.2866336749169591,0.0036189933878407834,0.18167108896731915,1800.0,0.5174767932501655
strong_noise,1,mlp_weighted_icp,0.2,0.04225033145516036,0.033221210372119926,0.7583333333333333,5.749572864674238,0.04761247861685187,0.1473585387187546,7.304928858959654,1.837952071180157,0.23564286641805335,0.00884529661960302,0.44561003424442747,1800.0,0.5708020924456914
strong_noise,1,mlp_weighted_icp,0.4,0.030771421082725854,0.02891704517439647,0.9511111111111111,1.5570925618161988,0.013486119320760073,0.05982846602164791,5.168070210217035,1.091420001777179,0.16671194226506564,0.020013958889331013,0.9319151855077814,1800.0,0.6485198753345206
strong_noise,1,mlp_weighted_icp,0.75,0.02934496349779128,0.027850541489661006,0.965,0.17784114723426772,0.002616280592082282,0.03373965556221624,3.3766273820034964,0.628033471177927,0.10892346393559665,0.03974066060688739,1.807221429637487,1800.0,0.7092700228543675
strong_noise,1,mlp_weighted_icp,1.0,0.029339357319219703,0.027874736101380953,0.9661111111111111,0.17982352036265334,0.0025928757912345147,0.033730468314080754,2.8040172273411303,0.48994972083849486,0.09045216862390743,0.05359165849579603,2.538629415661677,1800.0,0.72756947974403
strong_noise,1,unweighted_icp,0.01,0.08014016270513484,0.03559004511929449,0.32611111111111113,11.091613402970623,0.1453850521759731,0.3364413489108142,10.679311473410365,3.679674124444546,0.3444939184971086,0.00028766577269279245,0.01900726006365077,1800.0,0.4694871268902008
strong_noise,1,unweighted_icp,0.03,0.07318909106505558,0.03546616301310114,0.3794444444444444,10.304714313585022,0.13096461646744706,0.30720085066835284,10.202757156542125,3.363653501463216,0.32912119859813305,0.0009541428132240857,0.06685011327567023,1800.0,0.47988209840213025
strong_noise,1,unweighted_icp,0.05,0.06744869558368369,0.03490264969170426,0.41388888888888886,9.61093432301946,0.11795763962888779,0.2815156784427661,9.769067232295432,3.0924107846306352,0.31513120104178816,0.0016385237991172928,0.11465199488617986,1800.0,0.4897317973908553
strong_noise,1,unweighted_icp,0.1,0.056777781658695084,0.035430365950268605,0.5272222222222223,8.08628168117537,0.0910076356515688,0.2286482341220176,8.823920564341346,2.553251067871263,0.2846425988497209,0.003843398174574396,0.24096904472717479,1800.0,0.516920204169479
strong_noise,1,unweighted_icp,0.2,0.042866588076827625,0.03367630295780069,0.7438888888888889,5.590619802416277,0.05327622385149478,0.1520490099524852,7.310400578633666,1.8318681621848965,0.2358193735043118,0.008974934575030138,0.521277296274051,1800.0,0.5688943296628759
strong_noise,1,unweighted_icp,0.4,0.031322461709607494,0.029232436061330375,0.945,1.7684050432249712,0.016700253692197724,0.06570676583405494,5.250926472043924,1.1009467137729871,0.1693847249046427,0.019880117306188383,1.1906611161967413,1800.0,0.6447538413381244
strong_noise,1,unweighted_icp,0.75,0.029362028625334838,0.027889679262625533,0.9655555555555555,0.19207207244574906,0.002820206270058854,0.03410295561985118,3.453551670787613,0.6340606722268025,0.11140489260605203,0.039532851592834546,2.594628755780954,1800.0,0.7065720074842903
strong_noise,1,unweighted_icp,1.0,0.02933545940181747,0.02785370287082686,0.9655555555555555,0.10319567088486448,0.003219812729319426,0.03358722883998554,2.8320659869478457,0.4876664382696483,0.09135696732089825,0.053330206418001694,3.240422714395884,1800.0,0.7265137160229403
strong_noise,2,distance_weighted_icp,0.01,0.0845855883622287,0.03565492361560724,0.2961111111111111,11.184670488464697,0.1466843889461708,0.3431166821930465,10.846527760555304,3.7955708011189793,0.34988799227597756,0.00023614417697416116,0.014696983080739193,1800.0,0.5030114192461058
strong_noise,2,distance_weighted_icp,0.03,0.07768382967306571,0.03548601562991312,0.3277777777777778,10.486785749025353,0.1340790000731181,0.31663068723643734,10.432153644632397,3.5150503782629063,0.3365210853107225,0.0007569862313916001,0.050628951906271154,1800.0,0.509373259386717
strong_noise,2,distance_weighted_icp,0.05,0.07150224181463717,0.03506030711935841,0.3655555555555556,9.800105940727684,0.12212645620756667,0.2916297574294807,10.027652830748695,3.2554544884715098,0.3234726719596353,0.0013251455873266919,0.08623056292827422,1800.0,0.5158027074044171
strong_noise,2,distance_weighted_icp,0.1,0.060324617939815285,0.035744667562062515,0.45944444444444443,8.376017237117665,0.09749021750048176,0.24157500781147367,9.131370922711392,2.7268601914177584,0.2945603523455288,0.0030705946819720954,0.19917948644483421,1800.0,0.5339031751565659
strong_noise,2,distance_weighted_icp,0.2,0.04398025978310012,0.03413824784502928,0.7316666666666667,5.690726151409772,0.058309194688977564,0.1591967159861754,7.640698358177046,1.9883240613749427,0.2464741405863563,0.0069057406304503955,0.4632061657989718,1800.0,0.5735477233110734
strong_noise,2,distance_weighted_icp,0.4,0.031813423798136654,0.029664423154803988,0.945,2.2605521910139146,0.017621999288169425,0.07204094499644523,5.529259200218446,1.205601298154735,0.17836320000704664,0.015800035798317895,1.015980519534671,1800.0,0.6418106197359126
strong_noise,2,distance_weighted_icp,0.75,0.029432879809251696,0.028147234873484493,0.9694444444444444,0.04241824568358073,0.0038319238986564315,0.03368898616474394,3.6383006285849944,0.6955923893580636,0.11736453640596756,0.031988596082320166,2.037483851744769,1800.0,0.6990680951349104
strong_noise,2,distance_weighted_icp,1.0,0.029412428416944983,0.02812077505257484,0.9694444444444444,0.13292252065130597,0.003333594885908693,0.03407524850936674,3.0086071739045,0.5412047441629888,0.09705184431950001,0.04306074248329072,2.6999005901246926,1800.0,0.7169586762706746
strong_noise,2,mlp_weighted_icp,0.01,0.08368361861572127,0.03547579684195902,0.29777777777777775,11.139797570835906,0.14472541558039526,0.3398070099044756,10.794628399674341,3.7596168633631337,0.3482138193443336,0.00031540010287391427,0.01894223026913461,1800.0,0.5042178805759446
strong_noise,2,mlp_weighted_icp,0.03,0.0753875769773066,0.03548728539004745,0.3461111111111111,10.3502194651129,0.12891249551986167,0.3078022671482973,10.287304306567108,3.4204155018066333,0.33184852601829384,0.001016366555943964,0.06638422206029176,1800.0,0.5125057505010112
strong_noise,2,mlp_weighted_icp,0.05,0.06859929467125683,0.03507470023120471,0.38555555555555554,9.65540229705983,0.11469560426442366,0.2798489219062788,9.81112561451597,3.1216216333332443,0.3164879230489022,0.001807950424661684,0.11561965402889092,1800.0,0.520849839043495
strong_noise,2,mlp_weighted_icp,0.1,0.056591882002178094,0.03535966144810453,0.51,8.119079578151327,0.08652686070797372,0.22430953849166507,8.799570198183734,2.5457016830698174,0.2838571031672172,0.004088524278067448,0.24931374842577633,1800.0,0.543748594047411
strong_noise,2,mlp_weighted_icp,0.2,0.040996508718657405,0.033099839120342624,0.7927777777777778,5.367706332573952,0.04767417161498758,0.14234774365938452,7.189340782933933,1.7905748167968543,0.23191421880432042,0.009610610968190918,0.5340967355382411,1800.0,0.5885750616745853
strong_noise,2,mlp_weighted_icp,0.4,0.0307808374771864,0.0289545661027179,0.9538888888888889,1.7030214688144796,0.012111608092813211,0.05992266025814441,5.07394237628422,1.0599992461503345,0.16367556052529744,0.021449550329029676,1.1925058644852,1800.0,0.6575532502739028
strong_noise,2,mlp_weighted_icp,0.75,0.029417804777944798,0.028182156210490333,0.9711111111111111,0.07654029576542239,0.003593914987995324,0.033777122723594344,3.30881605293986,0.6066559884259505,0.10673600170773741,0.04253944549401084,2.47706892189665,1800.0,0.7090353326508636
strong_noise,2,mlp_weighted_icp,1.0,0.029409777476630244,0.028119637975844675,0.9694444444444444,0.19233680986563198,0.0032152611365029947,0.03454840671178956,2.7807350679159657,0.4789158442840754,0.08970113122309567,0.05699836709765966,3.243718444943661,1800.0,0.7239333302565967
strong_noise,2,unweighted_icp,0.01,0.08321944736679797,0.03554940759842032,0.29777777777777775,10.936427458520237,0.14481203497896092,0.33739575693096124,10.754988811719961,3.7323009716210875,0.34693512295870843,0.0003132740527506676,0.023913158090503567,1800.0,0.5035285440764702
strong_noise,2,unweighted_icp,0.03,0.07446231170644245,0.03569692585496159,0.34944444444444445,9.87583789416108,0.1292590291003862,0.30247971974843946,10.188511056651436,3.356688611903202,0.328661646988756,0.0010256966519165793,0.07816086186044306,1800.0,0.511820863242481
strong_noise,2,unweighted_icp,0.05,0.06772534853266517,0.035077230030288856,0.3794444444444444,9.003972240445346,0.11582807684329488,0.2735931477804135,9.6792729424542,3.041424658591161,0.31223461104690964,0.0018906970295599068,0.14365832709237353,1800.0,0.5200239761722543
strong_noise,2,unweighted_icp,0.1,0.055707854827599886,0.03570517031361967,0.5072222222222222,7.238290099670532,0.08897346908281945,0.21706422490712465,8.628856492457745,2.454091072093113,0.2783502094341208,0.004157816104720602,0.3241048628160035,1800.0,0.5429880259536719
strong_noise,2,unweighted_icp,0.2,0.040756431771046195,0.03331331536715731,0.7855555555555556,4.636151391479152,0.0501830657764715,0.13730101146230922,6.999357005562459,1.7066541616211839,0.2257857098568535,0.009345425107979345,0.7100850835489152,1800.0,0.5893579996027183
strong_noise,2,unweighted_icp,0.4,0.0307807956930052,0.02898017165219368,0.9544444444444444,1.5665440967601194,0.01323969201259331,0.059685928673199704,4.917716584496085,1.0018764312938966,0.1586360188547124,0.02152389197576451,1.5586043102129798,1800.0,0.6592067052252754
strong_noise,2,unweighted_icp,0.75,0.02942152895007518,0.028168211759901775,0.9705555555555555,0.09646868692523874,0.0036179404695744683,0.034004156288902035,3.223521115516468,0.5746578092445765,0.10398455211343445,0.042655798165037784,3.181481471762036,1800.0,0.7101313306898953
strong_noise,2,unweighted_icp,1.0,0.029409191192842268,0.028154954016738766,0.9705555555555555,0.19392943175585967,0.003303558565120482,0.034652044075521346,2.70230294973346,0.45119393445285655,0.08717106289462774,0.05712800373132641,4.254238170061012,1800.0,0.7250757252636073
